tier,priority,institution,type,id,state,gap,ask_usd,contact_name,contact_title,channel,confidence,evidence,note
1 LOADED TARGET,1,Ocean Bank,bank,cert 24156,FL,inv=Low Satisfactory svc=-,25000,,CRA Officer,oceanbank.com CRA public file section,LOW,https://crapes.fdic.gov/publish/2023/24156_230606.PDF,ACTIVE CRA OFFICER JOB POSTING FOUND — the seat may be vacant; expect slow response
1 LOADED TARGET,1,Western Alliance Bank,bank,cert 57512,AZ,inv=Low Satisfactory svc=-,25000,Craig Robinson,Head of Community Relations,(408) 689-8417,HIGH,https://www.federalreserve.gov/apps/CRAPubWeb/CRA/DownloadPDF/3138146_20250527,Regulator-filed and legally required to be published — the single most reliable contact in the roster
1 LOADED TARGET,1,First American Bank,bank,cert 3657,IL,inv=Low Satisfactory svc=Low Satisfactory,25000,David J. Leeney,CRA Officer,website contact form,HIGH,https://crapes.fdic.gov/publish/2024/3657_241021.PDF,"HQ city matches cert 3657 — checked, because several unrelated banks share this name"
1 LOADED TARGET,1,River City Bank,bank,cert 18983,CA,inv=Low Satisfactory svc=High Satisfactory,25000,,CRA Officer (unnamed),rivercitybank.com/cra-public-file/,MEDIUM,https://crapes.fdic.gov/publish/2022/18983_221102.PDF,Bank publishes the role and address but no name; site returns 403 to scripted fetches
1 LOADED TARGET,1,CTBC Bank Corp. (USA),bank,cert 19416,CA,inv=Low Satisfactory svc=Low Satisfactory,25000,Robert De Acevedo,SVP & CRA Officer,not published,MEDIUM,https://crapes.fdic.gov/publish/2023/19416_230206.PDF,Linda Maldonado listed as CRA Analyst. VERIFY before use — titles from search results go stale
1 LOADED TARGET,1,Meridian Bank,bank,cert 57777,PA,inv=Low Satisfactory svc=Low Satisfactory,25000,,not published,(484) 235-0349,LOW,https://crapes.fdic.gov/publish/2022/57777_221129.PDF,"No CRA contact published. PE gives 1776 East Lancaster Ave, Paoli — the bank appears to have moved; confirm before mailing"
1 LOADED TARGET,1,Busey Bank,bank,cert 16450,IL,inv=High Satisfactory svc=Low Satisfactory,20000,Matthew Sabatino,named for written CRA comments,CRA@busey.com,HIGH,https://crapes.fdic.gov/publish/2022/16450_220325.PDF,Both a role mailbox AND a named person — best-structured contact of any bank here
1 LOADED TARGET,1,Hanmi Bank,bank,cert 24170,CA,inv=Low Satisfactory svc=High Satisfactory,15000,,CRA Officer,hanmi.com/community-reinvestment-act/ · (213) 382-2200,LOW,https://crapes.fdic.gov/publish/2023/24170_230606.PDF,CRA Officer job posting also seen. HQ moved from 900 Wilshire — use the newer address
1 LOADED TARGET,1,Habib American Bank,bank,cert 25093,NY,inv=Low Satisfactory svc=Needs to Improve,15000,,not published,not published,LOW,https://crapes.fdic.gov/publish/2025/25093_250714.PDF,ALSO examined by NYDFS under New York State CRA — a second regulator and a second PE series worth reading before contact
3 MA MORTGAGE LENDER,1,"Movement Mortgage, LLC",mortgage lender,MA MLCI,MA,MA service test=Needs to Improve,,,Corporate — ask for community reinvestment,(888) 589-4416,MAIN LINE,https://www.mass.gov/doc/movement-mortgage-llc-mlci-performance-evaluation/download,"8024 Calvin Hall Rd, Indian Land SC 29707. BEST-FIT LEAD: self-describes as the leading US 'Impact Lender', gives ~50% of profits, and runs The Movement Foundation — a giving vehicle already exists, and the MA service test is Needs to Improve. | HQ Indian Land, SC · MA rating S (2024) · 1763 MA originations 2024 · SERVICE TEST NEEDS TO IMPROVE"
3 MA MORTGAGE LENDER,1,"CMG Mortgage, Inc.",mortgage lender,MA MLCI,MA,MA service test=Needs to Improve,,,Corporate — ask for community reinvestment,(925) 983-3000 · (800) 501-2001 · connect@cmgfi.com,MAIN LINE,https://www.mass.gov/doc/cmg-mortgage-inc-mlci-performance-evaluation/download,"3160 Crow Canyon Rd #400, San Ramon CA 94583. MA service test Needs to Improve. | HQ San Ramon, CA · MA rating S (2023) · 1625 MA originations 2024 · SERVICE TEST NEEDS TO IMPROVE"
3 MA MORTGAGE LENDER,1,"loanDepot.com, LLC",mortgage lender,MA MLCI,MA,MA service test=Needs to Improve,,,CRA / community lending contact,,NOT RESEARCHED,https://www.mass.gov/doc/loandepotcom-llc-mlci-performance-evaluation/download,"HQ Irvine, CA · MA rating S (2022) · 1206 MA originations 2024 · SERVICE TEST NEEDS TO IMPROVE"
3 MA MORTGAGE LENDER,1,NewRez LLC,mortgage lender,MA MLCI,MA,MA service test=Needs to Improve,,,CRA / community lending contact,,NOT RESEARCHED,https://www.mass.gov/doc/newrez-llc-mlci-public-evaluation/download,"HQ Fort Washington, PA · MA rating S (2019) · 951 MA originations 2024 · SERVICE TEST NEEDS TO IMPROVE"
3 MA MORTGAGE LENDER,1,Nationstar Mortgage LLC,mortgage lender,MA MLCI,MA,MA service test=Needs to Improve,,,CRA / community lending contact,,NOT RESEARCHED,https://www.mass.gov/doc/nationstar-mortgage-llc-mlci-performance-evaluation/download,"HQ Dallas, TX · MA rating S (2024) · 874 MA originations 2024 · SERVICE TEST NEEDS TO IMPROVE"
3 MA MORTGAGE LENDER,1,"PennyMac Loan Services, LLC",mortgage lender,MA MLCI,MA,MA service test=Needs to Improve,,,CRA / community lending contact,,NOT RESEARCHED,https://www.mass.gov/doc/pennymac-loan-services-llc-mlci-performance-evaluation/download,"HQ Westlake Village, CA · MA rating S (2025) · 812 MA originations 2024 · SERVICE TEST NEEDS TO IMPROVE"
3 MA MORTGAGE LENDER,1,Figure Lending LLC,mortgage lender,MA MLCI,MA,MA service test=Needs to Improve,,,CRA / community lending contact,,NOT RESEARCHED,https://www.mass.gov/doc/figure-lending-llc-mlci-performance-evaluation/download,"HQ Charlotte, NC · MA rating S (2022) · 496 MA originations 2024 · SERVICE TEST NEEDS TO IMPROVE"
3 MA MORTGAGE LENDER,1,emm loans llc,mortgage lender,MA MLCI,MA,MA service test=Needs to Improve,,,CRA / community lending contact,,NOT RESEARCHED,https://www.mass.gov/doc/emm-loans-llc-mlci-performance-evaluation/download,"HQ Cherry Hill, NJ · MA rating S (2022) · 439 MA originations 2024 · SERVICE TEST NEEDS TO IMPROVE"
3 MA MORTGAGE LENDER,1,New Fed Mortgage Corp.,mortgage lender,MA MLCI,MA,MA service test=Needs to Improve,,,CRA / community lending contact,,NOT RESEARCHED,https://www.mass.gov/doc/new-fed-mortgage-corp-mlci-performance-evaluation-0/download,"HQ Danvers, MA · MA rating S (2025) · 402 MA originations 2024 · SERVICE TEST NEEDS TO IMPROVE"
3 MA MORTGAGE LENDER,1,"American Neighborhood Mortgage Acceptance Company, LLC",mortgage lender,MA MLCI,MA,MA service test=Needs to Improve,,,CRA / community lending contact,,NOT RESEARCHED,https://www.mass.gov/doc/american-neighborhood-mortgage-acceptance-company-llc-mlci-performance-evaluation/download,"HQ Mount Laurel, NJ · MA rating S (2021) · 313 MA originations 2024 · SERVICE TEST NEEDS TO IMPROVE"
3 MA MORTGAGE LENDER,1,Amerisave Mortgage Corporation,mortgage lender,MA MLCI,MA,MA service test=Needs to Improve,,,CRA / community lending contact,,NOT RESEARCHED,https://www.mass.gov/doc/amerisave-mortgage-corporation-mlci-performance-evaluation/download,"HQ Atlanta, GA · MA rating S (2022) · 304 MA originations 2024 · SERVICE TEST NEEDS TO IMPROVE"
3 MA MORTGAGE LENDER,1,"OCMBC, INC.",mortgage lender,MA MLCI,MA,MA service test=Needs to Improve,,,CRA / community lending contact,,NOT RESEARCHED,https://www.mass.gov/doc/ocmbc-inc-mlci-performance-evaluation/download,"HQ Irvine, CA · MA rating S (2025) · 271 MA originations 2024 · SERVICE TEST NEEDS TO IMPROVE"
3 MA MORTGAGE LENDER,1,"William Raveis Mortgage, LLC",mortgage lender,MA MLCI,MA,MA service test=Needs to Improve,,,CRA / community lending contact,,NOT RESEARCHED,https://www.mass.gov/doc/william-raveis-mortgage-llc-mlci-performance-evaluation-0/download,"HQ Shelton, CT · MA rating S (2024) · 197 MA originations 2024 · SERVICE TEST NEEDS TO IMPROVE"
3 MA MORTGAGE LENDER,1,"Paramount Residential Mortgage Group, Inc.",mortgage lender,MA MLCI,MA,MA service test=Needs to Improve,,,CRA / community lending contact,,NOT RESEARCHED,https://www.mass.gov/doc/paramount-residential-mortgage-group-inc-mlci-performance-evaluation/download,"HQ Corona, CA · MA rating S (2023) · 186 MA originations 2024 · SERVICE TEST NEEDS TO IMPROVE"
3 MA MORTGAGE LENDER,1,"American Financial Network, Inc.",mortgage lender,MA MLCI,MA,MA service test=Needs to Improve,,,CRA / community lending contact,,NOT RESEARCHED,https://www.mass.gov/doc/american-financial-network-inc-mlci-performance-evaluation/download,"HQ Brea, CA · MA rating S (2023) · 173 MA originations 2024 · SERVICE TEST NEEDS TO IMPROVE"
3 MA MORTGAGE LENDER,1,"Envoy Mortgage, LTD",mortgage lender,MA MLCI,MA,MA service test=Needs to Improve,,,CRA / community lending contact,,NOT RESEARCHED,https://www.mass.gov/doc/envoy-mortgage-ltd-mlci-performance-evaluation/download,"HQ Houston, TX · MA rating S (2021) · 162 MA originations 2024 · SERVICE TEST NEEDS TO IMPROVE"
3 MA MORTGAGE LENDER,1,Finance of America Reverse LLC d/b/a FAR,mortgage lender,MA MLCI,MA,MA service test=Needs to Improve,,,CRA / community lending contact,,NOT RESEARCHED,https://www.mass.gov/doc/finance-of-america-reverse-llc-mlci-performance-evaluation/download,"HQ Tulsa, OK · MA rating S (2022) · 150 MA originations 2024 · SERVICE TEST NEEDS TO IMPROVE"
3 MA MORTGAGE LENDER,1,"Sierra Pacific Mortgage Company, Inc.",mortgage lender,MA MLCI,MA,MA service test=Needs to Improve,,,CRA / community lending contact,,NOT RESEARCHED,https://www.mass.gov/doc/sierra-pacific-mortgage-company-inc-mlci-performance-evaluation/download,"HQ Folsom, CA · MA rating S (2024) · 144 MA originations 2024 · SERVICE TEST NEEDS TO IMPROVE"
3 MA MORTGAGE LENDER,1,"Semper Home Loans, LLC",mortgage lender,MA MLCI,MA,MA service test=Needs to Improve,,,CRA / community lending contact,,NOT RESEARCHED,https://www.mass.gov/doc/semper-home-loans-inc-mlci-performance-evaluation/download,"HQ Providence, RI · MA rating S (2024) · 107 MA originations 2024 · SERVICE TEST NEEDS TO IMPROVE"
3 MA MORTGAGE LENDER,1,"Primary Residential Mortgage, Inc.",mortgage lender,MA MLCI,MA,MA service test=Needs to Improve,,,CRA / community lending contact,,NOT RESEARCHED,https://www.mass.gov/doc/primary-residential-mortgage-inc-mlci-performance-evaluation/download,"HQ Salt Lake City, UT · MA rating S (2022) · 99 MA originations 2024 · SERVICE TEST NEEDS TO IMPROVE"
3 MA MORTGAGE LENDER,1,Arc Home LLC,mortgage lender,MA MLCI,MA,MA service test=Needs to Improve,,,CRA / community lending contact,,NOT RESEARCHED,https://www.mass.gov/doc/arc-home-llc-mlci-performance-evaluation/download,"HQ Moorestown, NJ · MA rating S (2024) · 90 MA originations 2024 · SERVICE TEST NEEDS TO IMPROVE"
3 MA MORTGAGE LENDER,1,LeaderOne Financial Corporation,mortgage lender,MA MLCI,MA,MA service test=Needs to Improve,,,CRA / community lending contact,,NOT RESEARCHED,https://www.mass.gov/doc/leaderone-financial-corporation-mlci-performance-evaluation/download,"HQ Overland Park, KS · MA rating S (2022) · 90 MA originations 2024 · SERVICE TEST NEEDS TO IMPROVE"
3 MA MORTGAGE LENDER,1,"MLD Mortgage, Inc.",mortgage lender,MA MLCI,MA,MA service test=Needs to Improve,,,CRA / community lending contact,,NOT RESEARCHED,https://www.mass.gov/doc/mld-mortgage-inc-mlci-performance-evaluation/download,"HQ Florham Park, NJ · MA rating NI (2022) · 84 MA originations 2024 · SERVICE TEST NEEDS TO IMPROVE"
3 MA MORTGAGE LENDER,1,"Reliance First Capital, LLC",mortgage lender,MA MLCI,MA,MA service test=Needs to Improve,,,CRA / community lending contact,,NOT RESEARCHED,https://www.mass.gov/doc/reliance-first-capital-llc-mlci-performance-evaluation/download,"HQ Melville, NY · MA rating S (2022) · 83 MA originations 2024 · SERVICE TEST NEEDS TO IMPROVE"
3 MA MORTGAGE LENDER,1,Nations Lending Corporation,mortgage lender,MA MLCI,MA,MA service test=Needs to Improve,,,CRA / community lending contact,,NOT RESEARCHED,https://www.mass.gov/doc/nations-lending-corporation-mlci-performance-evaluation/download,"HQ Independence, OH · MA rating S (2022) · 78 MA originations 2024 · SERVICE TEST NEEDS TO IMPROVE"
3 MA MORTGAGE LENDER,1,"Guidance Residential, LLC",mortgage lender,MA MLCI,MA,MA service test=Needs to Improve,,,CRA / community lending contact,,NOT RESEARCHED,https://www.mass.gov/doc/guidance-residential-llc-mlci-performance-evaluation/download,"HQ Reston, VA · MA rating S (2023) · 59 MA originations 2024 · SERVICE TEST NEEDS TO IMPROVE"
3 MA MORTGAGE LENDER,1,"Allied Mortgage Group, Inc.",mortgage lender,MA MLCI,MA,MA service test=Needs to Improve,,,CRA / community lending contact,,NOT RESEARCHED,https://www.mass.gov/doc/allied-mortgage-group-inc-mlci-performance-evaluation/download,"HQ Bala Cynwyd, PA · MA rating S (2023) · 55 MA originations 2024 · SERVICE TEST NEEDS TO IMPROVE"
3 MA MORTGAGE LENDER,1,Academy Mortgage Corporation,mortgage lender,MA MLCI,MA,MA service test=Needs to Improve,,,CRA / community lending contact,,NOT RESEARCHED,https://www.mass.gov/doc/academy-mortgage-corporation-mlci-performance-evaluation/download,"HQ Draper, UT · MA rating S (2023) · 0 MA originations 2024 · SERVICE TEST NEEDS TO IMPROVE"
3 MA MORTGAGE LENDER,1,"American Internet Mortgage, Inc.",mortgage lender,MA MLCI,MA,MA service test=Needs to Improve,,,CRA / community lending contact,,NOT RESEARCHED,https://www.mass.gov/doc/american-internet-mortgage-inc-mlci-public-evaluation-0/download,"HQ San Diego, CA · MA rating S (2020) · 0 MA originations 2024 · SERVICE TEST NEEDS TO IMPROVE"
3 MA MORTGAGE LENDER,1,"Caliber Home Loans, Inc.",mortgage lender,MA MLCI,MA,MA service test=Needs to Improve,,,CRA / community lending contact,,NOT RESEARCHED,https://www.mass.gov/doc/caliber-home-loans-inc-mlci-performance-evaluation/download,"HQ Coppell, TX · MA rating S (2023) · 0 MA originations 2024 · SERVICE TEST NEEDS TO IMPROVE"
3 MA MORTGAGE LENDER,1,"Everett Financial, Inc.",mortgage lender,MA MLCI,MA,MA service test=Needs to Improve,,,CRA / community lending contact,,NOT RESEARCHED,https://www.mass.gov/doc/everett-financial-inc-mlci-performance-evaluation/download,"HQ Dallas, TX · MA rating S (2024) · 0 MA originations 2024 · SERVICE TEST NEEDS TO IMPROVE"
3 MA MORTGAGE LENDER,1,Finance of America Mortgage LLC,mortgage lender,MA MLCI,MA,MA service test=Needs to Improve,,,CRA / community lending contact,,NOT RESEARCHED,https://www.mass.gov/doc/finance-of-america-mortgage-llc-mlci-performance-evaluation/download,"HQ Conshohocken, PA · MA rating S (2022) · 0 MA originations 2024 · SERVICE TEST NEEDS TO IMPROVE"
3 MA MORTGAGE LENDER,1,First Guaranty Mortgage Corporation,mortgage lender,MA MLCI,MA,MA service test=Needs to Improve,,,CRA / community lending contact,,NOT RESEARCHED,https://www.mass.gov/doc/first-guaranty-mortgage-corporation-mlci-performance-evaluation/download,"HQ Dallas, TX · MA rating S (2022) · 0 MA originations 2024 · SERVICE TEST NEEDS TO IMPROVE"
3 MA MORTGAGE LENDER,1,Homespire Mortgage Corporation,mortgage lender,MA MLCI,MA,MA service test=Needs to Improve,,,CRA / community lending contact,,NOT RESEARCHED,https://www.mass.gov/doc/homespire-mortgage-corporation-mlci-performance-evaluation/download,"HQ Gaithersburg, MD · MA rating S (2023) · 0 MA originations 2024 · SERVICE TEST NEEDS TO IMPROVE"
3 MA MORTGAGE LENDER,1,"Keller Mortgage, LLC",mortgage lender,MA MLCI,MA,MA service test=Needs to Improve,,,CRA / community lending contact,,NOT RESEARCHED,https://www.mass.gov/doc/keller-mortgage-llc-mlci-performance-evaluation/download,"HQ Dublin, OH · MA rating S (2023) · 0 MA originations 2024 · SERVICE TEST NEEDS TO IMPROVE"
3 MA MORTGAGE LENDER,1,"New Day Financial, LLC",mortgage lender,MA MLCI,MA,MA service test=Needs to Improve,,,CRA / community lending contact,,NOT RESEARCHED,https://www.mass.gov/doc/new-day-financial-llc-mlci-public-evaluation/download,"HQ Fulton, MD · MA rating S (2020) · 0 MA originations 2024 · SERVICE TEST NEEDS TO IMPROVE"
3 MA MORTGAGE LENDER,1,"Northeast Home Loan, LLC",mortgage lender,MA MLCI,MA,MA service test=Needs to Improve,,,CRA / community lending contact,,NOT RESEARCHED,https://www.mass.gov/doc/northeast-home-loan-llc-mlci-performance-evaluation/download,"HQ West Chesterfield, NH · MA rating NI (2021) · 0 MA originations 2024 · SERVICE TEST NEEDS TO IMPROVE"
3 MA MORTGAGE LENDER,1,"Provident Funding Associates, LP",mortgage lender,MA MLCI,MA,MA service test=Needs to Improve,,,CRA / community lending contact,,NOT RESEARCHED,https://www.mass.gov/doc/provident-funding-associates-lp-mlci-performance-evaluation/download,"HQ Santa Rosa, CA · MA rating NI (2023) · 0 MA originations 2024 · SERVICE TEST NEEDS TO IMPROVE"
1 LOADED TARGET,2,Texas First Bank,bank,cert 23799,TX,inv=Low Satisfactory svc=-,12500,,CRA Officer,CRA public file PDF on texasfirst.bank,LOW,https://www.federalreserve.gov/apps/CRAPubWeb/CRA/DownloadPDF/473266_20240528,Public file contains no email and no named officer
1 LOADED TARGET,2,City National Bank,bank,cert 17281,CA,inv=Outstanding svc=Low Satisfactory,7000,Adey Tesfaye,Head of CRA,cnb.com/about-us/cra-public-file.html,MEDIUM,https://www.occ.gov/static/cra/craeval/Apr24/14695.pdf,announced Feb; 25+ yrs CRA experience — verify still in seat
1 LOADED TARGET,2,Third Coast Bank,bank,cert 58716,TX,inv=Low Satisfactory svc=Low Satisfactory,6500,,CRA and Community Development Officer,"20202 Highway 59 N, Ste 190, Humble TX 77338",LOW,https://www.federalreserve.gov/apps/CRAPubWeb/CRA/DownloadPDF/3630323_20240812,OPEN JOB POSTING for this role — seat likely vacant
1 LOADED TARGET,2,FirstBank,bank,cert 8663,TN,inv=High Satisfactory svc=Low Satisfactory,6500,Samson Eberhart,CRA Officer,crafairlendingcompliance@firstbankonline.com,HIGH,https://crapes.fdic.gov/publish/2022/8663_220606.PDF,role mailbox AND a name — use the mailbox
1 LOADED TARGET,2,Banco do Brasil Americas,bank,cert 26725,FL,inv=High Satisfactory svc=Low Satisfactory,4500,,NOT RESEARCHED,,NONE,https://crapes.fdic.gov/publish/2025/26725_250512.PDF,pool tier — not yet done
1 LOADED TARGET,2,Lakeside Bank,bank,cert 19573,IL,inv=Low Satisfactory svc=Low Satisfactory,4500,,NOT RESEARCHED,,NONE,https://crapes.fdic.gov/publish/2023/19573_231204.PDF,pool tier — not yet done
1 LOADED TARGET,2,Mechanics Bank,bank,cert 1768,CA,inv=Outstanding svc=Low Satisfactory,1000,,NOT RESEARCHED,,NONE,https://crapes.fdic.gov/publish/2022/1768_220418.PDF,"pool tier — same institution as above, one contact serves both"
1 LOADED TARGET,2,Mechanics Bank,bank,cert 1768,CA,inv=Outstanding svc=Low Satisfactory,500,,NOT RESEARCHED,,NONE,https://crapes.fdic.gov/publish/2022/1768_220418.PDF,pool tier — not yet done
2 PRESSURE UNIVERSE,2,One Community Bank,bank,cert 22334,Wisconsin,inv=Low Satisfactory svc=Needs to Improve,,,CRA Officer (unnamed),https://onecommunity.bank/cra,DOMAIN VERIFIED,www.onecommunity.bank,"733 N Main St, Oregon Wisconsin 53575 · 20 offices · AA NOT READ — verify before any ask"
2 PRESSURE UNIVERSE,2,Texas Community Bank,bank,cert 24563,Texas,inv=Low Satisfactory svc=Needs to Improve,,,CRA Officer (unnamed),https://tx-communitybank.com/cra,DOMAIN VERIFIED,www.tx-communitybank.com,"6721 Mcpherson Rd, Laredo Texas 78041 · 11 offices · AA NOT READ — verify before any ask"
2 PRESSURE UNIVERSE,2,First State Bank,bank,cert 15511,Texas,inv=Needs to Improve svc=-,,,CRA Officer (unnamed),https://firststate.bank/cra,DOMAIN VERIFIED,http://www.firststate.bank,"801 E California St, Gainesville Texas 76240 · 14 offices · AA NOT READ — verify before any ask"
2 PRESSURE UNIVERSE,2,FVCbank,bank,cert 58696,Virginia,inv=Needs to Improve svc=-,,,CRA Officer (unnamed),https://fvcbank.com/cra,DOMAIN VERIFIED,www.fvcbank.com,"11325 Random Hills Rd, Fairfax Virginia 22030 · 8 offices · AA NOT READ — verify before any ask"
2 PRESSURE UNIVERSE,3,Bank OZK,bank,cert 110,Arkansas,inv=Outstanding svc=Low Satisfactory,,,CRA Officer (unnamed),https://ozk.com/cra,DOMAIN VERIFIED,http://www.ozk.com,"18000 Cantrell Rd, Little Rock Arkansas 72223 · 271 offices · AA NOT READ — verify before any ask"
2 PRESSURE UNIVERSE,3,Prosperity Bank,bank,cert 16835,Texas,inv=High Satisfactory svc=Low Satisfactory,,,CRA Officer (unnamed),https://prosperitybankusa.com/cra,DOMAIN VERIFIED,www.prosperitybankusa.com,"1301 N Mechanic St, El Campo Texas 77437 · 406 offices · AA NOT READ — verify before any ask"
2 PRESSURE UNIVERSE,3,Ameris Bank,bank,cert 20504,Georgia,inv=High Satisfactory svc=Low Satisfactory,,,CRA Officer (unnamed),https://amerisbank.com/cra,DOMAIN VERIFIED,http://www.amerisbank.com,"3490 Piedmont Rd Ne, Atlanta Georgia 30305 · 177 offices · AA NOT READ — verify before any ask"
2 PRESSURE UNIVERSE,3,Bank of Hope,bank,cert 26610,California,inv=High Satisfactory svc=Low Satisfactory,,,CRA Officer (unnamed),https://bankofhope.com/cra,DOMAIN VERIFIED,www.bankofhope.com,"3200 Wilshire Blvd, Los Angeles California 90010 · 78 offices · AA NOT READ — verify before any ask"
2 PRESSURE UNIVERSE,3,Apple Bank,bank,cert 16068,New York,inv=Low Satisfactory svc=High Satisfactory,,,CRA Officer (unnamed),https://applebank.com/cra,DOMAIN VERIFIED,www.applebank.com,"122 E 42nd St, New York New York 10168 · 79 offices · AA NOT READ — verify before any ask"
2 PRESSURE UNIVERSE,3,ConnectOne Bank,bank,cert 57919,New Jersey,inv=Outstanding svc=Low Satisfactory,,,CRA Officer (unnamed),https://connectonebank.com/cra,DOMAIN VERIFIED,www.connectonebank.com,"301 Sylvan Ave, Englewood Cliffs New Jersey 07632 · 57 offices · AA NOT READ — verify before any ask"
2 PRESSURE UNIVERSE,3,NexBank,bank,cert 29209,Texas,inv=High Satisfactory svc=Low Satisfactory,,,CRA Officer (unnamed),https://nexbank.com/cra,DOMAIN VERIFIED,www.nexbank.com,"2515 Mckinney Ave, Dallas Texas 75201 · 2 offices · AA NOT READ — verify before any ask"
2 PRESSURE UNIVERSE,3,Oriental Bank,bank,cert 31469,Puerto Rico,inv=Low Satisfactory svc=Low Satisfactory,,,CRA Officer (unnamed),https://orientalbank.com/cra,DOMAIN VERIFIED,http://www.orientalbank.com,"254 Munoz Rivera, San Juan Puerto Rico 00918 · 45 offices · AA NOT READ — verify before any ask"
2 PRESSURE UNIVERSE,3,BancFirst,bank,cert 27476,Oklahoma,inv=High Satisfactory svc=Low Satisfactory,,,CRA Officer (unnamed),https://bancfirst.bank/cra,DOMAIN VERIFIED,www.bancfirst.bank,"100 N Broadway Ave, Oklahoma City Oklahoma 73102 · 119 offices · AA NOT READ — verify before any ask"
2 PRESSURE UNIVERSE,3,Union Bank and Trust Company,bank,cert 13421,Nebraska,inv=Low Satisfactory svc=Outstanding,,,CRA Officer (unnamed),https://ubt.com/cra,DOMAIN VERIFIED,www.ubt.com,"3643 S 48th St, Lincoln Nebraska 68506 · 37 offices · AA NOT READ — verify before any ask"
2 PRESSURE UNIVERSE,3,Amalgamated Bank,bank,cert 622,New York,inv=High Satisfactory svc=Low Satisfactory,,,CRA Officer (unnamed),https://AMALGAMATEDBANK.COM/cra,DOMAIN VERIFIED,http://AMALGAMATEDBANK.COM,"275 7th Ave, New York New York 10001 · 6 offices · AA NOT READ — verify before any ask"
2 PRESSURE UNIVERSE,3,Tompkins Bank & Trust,bank,cert 609,New York,inv=Low Satisfactory svc=High Satisfactory,,,CRA Officer (unnamed),https://tompkinsbank.com/cra,DOMAIN VERIFIED,www.tompkinsbank.com,"118 E Seneca St, Ithaca New York 14850 · 59 offices · AA NOT READ — verify before any ask"
2 PRESSURE UNIVERSE,3,BankPlus,bank,cert 5903,Mississippi,inv=Outstanding svc=Low Satisfactory,,,CRA Officer (unnamed),https://bankplus.net/cra,DOMAIN VERIFIED,http://www.bankplus.net,"202 E Jackson St, Belzoni Mississippi 39038 · 74 offices · AA NOT READ — verify before any ask"
2 PRESSURE UNIVERSE,3,Horizon Bank,bank,cert 4360,Indiana,inv=Low Satisfactory svc=High Satisfactory,,,CRA Officer (unnamed),https://horizonbank.com/cra,DOMAIN VERIFIED,www.horizonbank.com,"515 Franklin St, Michigan City Indiana 46360 · 79 offices · AA NOT READ — verify before any ask"
2 PRESSURE UNIVERSE,3,WEX Bank,bank,cert 34697,Utah,inv=Low Satisfactory svc=Low Satisfactory,,,CRA Officer (unnamed),https://wexinc.com/cra,DOMAIN VERIFIED,www.wexinc.com,"111 E Sego Lily Dr, Sandy Utah 84070 · 1 offices · AA NOT READ — verify before any ask"
2 PRESSURE UNIVERSE,3,Bank of Colorado,bank,cert 16980,Colorado,inv=Low Satisfactory svc=High Satisfactory,,,CRA Officer (unnamed),https://bankofcolorado.com/cra,DOMAIN VERIFIED,www.bankofcolorado.com,"1609 E Harmony Rd, Fort Collins Colorado 80525 · 60 offices · AA NOT READ — verify before any ask"
2 PRESSURE UNIVERSE,3,Heritage Bank,bank,cert 29012,Washington,inv=High Satisfactory svc=Low Satisfactory,,,CRA Officer (unnamed),https://heritagebanknw.com/cra,DOMAIN VERIFIED,www.heritagebanknw.com,"201 5th Ave Sw, Olympia Washington 98501 · 68 offices · AA NOT READ — verify before any ask"
2 PRESSURE UNIVERSE,3,Salem Five Cents Savings Bank,bank,cert 23296,Massachusetts,inv=Low Satisfactory svc=High Satisfactory,,,CRA Officer (unnamed),https://salemfive.com/cra,DOMAIN VERIFIED,http://www.salemfive.com,"71 Washington St, Salem Massachusetts 01970 · 34 offices · AA NOT READ — verify before any ask"
2 PRESSURE UNIVERSE,3,German American Bank,bank,cert 17393,Indiana,inv=Low Satisfactory svc=Low Satisfactory,,,CRA Officer (unnamed),https://germanamerican.com/cra,DOMAIN VERIFIED,www.germanamerican.com,"711 Main St, Jasper Indiana 47546 · 96 offices · AA NOT READ — verify before any ask"
2 PRESSURE UNIVERSE,3,Great Southern Bank,bank,cert 29546,Missouri,inv=High Satisfactory svc=Low Satisfactory,,,CRA Officer (unnamed),https://greatsouthernbank.com/cra,DOMAIN VERIFIED,www.greatsouthernbank.com,"14309 State Highway 13, Reeds Spring Missouri 65737 · 108 offices · AA NOT READ — verify before any ask"
2 PRESSURE UNIVERSE,3,b1BANK,bank,cert 58228,Louisiana,inv=Low Satisfactory svc=Low Satisfactory,,,CRA Officer (unnamed),https://b1bank.com/cra,DOMAIN VERIFIED,www.b1bank.com,"500 Laurel St, Baton Rouge Louisiana 70801 · 63 offices · AA NOT READ — verify before any ask"
2 PRESSURE UNIVERSE,3,Morton Community Bank,bank,cert 18429,Illinois,inv=High Satisfactory svc=Low Satisfactory,,,CRA Officer (unnamed),https://hometownbanks.com/cra,DOMAIN VERIFIED,www.hometownbanks.com,"721 W Jackson St, Morton Illinois 61550 · 49 offices · AA NOT READ — verify before any ask"
2 PRESSURE UNIVERSE,3,Firstrust Savings Bank,bank,cert 26647,Pennsylvania,inv=Low Satisfactory svc=Low Satisfactory,,,CRA Officer (unnamed),https://firstrust.com/cra,DOMAIN VERIFIED,www.firstrust.com,"15 E Ridge Pike, Conshohocken Pennsylvania 19428 · 18 offices · AA NOT READ — verify before any ask"
2 PRESSURE UNIVERSE,3,Institution for Savings in Newburyport and Its Vicinity,bank,cert 90250,Massachusetts,inv=Outstanding svc=Low Satisfactory,,,CRA Officer (unnamed),https://institutionforsavings.com/cra,DOMAIN VERIFIED,www.institutionforsavings.com,"93 State St, Newburyport Massachusetts 01950 · 13 offices · AA NOT READ — verify before any ask"
2 PRESSURE UNIVERSE,3,CFG Bank,bank,cert 34294,Maryland,inv=High Satisfactory svc=Low Satisfactory,,,CRA Officer (unnamed),https://cfg.bank/cra,DOMAIN VERIFIED,www.cfg.bank,"11 W Ridgely Rd, Lutherville Maryland 21093 · 3 offices · AA NOT READ — verify before any ask"
2 PRESSURE UNIVERSE,3,First International Bank & Trust,bank,cert 10248,North Dakota,inv=Low Satisfactory svc=Low Satisfactory,,,CRA Officer (unnamed),https://fibt.com/cra,DOMAIN VERIFIED,www.fibt.com,"100 N Main St, Watford City North Dakota 58854 · 28 offices · AA NOT READ — verify before any ask"
2 PRESSURE UNIVERSE,3,Southern Bank and Trust Company,bank,cert 15359,North Carolina,inv=High Satisfactory svc=Low Satisfactory,,,CRA Officer (unnamed),https://southernbank.com/cra,DOMAIN VERIFIED,www.southernbank.com,"100 N Center St, Mount Olive North Carolina 28365 · 57 offices · AA NOT READ — verify before any ask"
2 PRESSURE UNIVERSE,3,Community Bank of Mississippi,bank,cert 8879,Mississippi,inv=Low Satisfactory svc=High Satisfactory,,,CRA Officer (unnamed),https://communitybank.net/cra,DOMAIN VERIFIED,www.communitybank.net,"1905 Community Bank Way, Flowood Mississippi 39232 · 57 offices · AA NOT READ — verify before any ask"
2 PRESSURE UNIVERSE,3,Hingham Institution for Savings,bank,cert 90211,Massachusetts,inv=High Satisfactory svc=Low Satisfactory,,,CRA Officer (unnamed),https://hinghamsavings.com/cra,DOMAIN VERIFIED,www.hinghamsavings.com,"55 Main St, Hingham Massachusetts 02043 · 9 offices · AA NOT READ — verify before any ask"
2 PRESSURE UNIVERSE,3,Carter Bank & Trust,bank,cert 58596,Virginia,inv=Low Satisfactory svc=High Satisfactory,,,CRA Officer (unnamed),https://carterbank.com/cra,DOMAIN VERIFIED,www.carterbank.com,"4 Commonwealth Blvd E, Martinsville Virginia 24112 · 66 offices · AA NOT READ — verify before any ask"
2 PRESSURE UNIVERSE,3,Bank of Stockton,bank,cert 1536,California,inv=Low Satisfactory svc=High Satisfactory,,,CRA Officer (unnamed),https://bankofstockton.com/cra,DOMAIN VERIFIED,www.bankofstockton.com,"301 E Miner Ave, Stockton California 95202 · 21 offices · AA NOT READ — verify before any ask"
2 PRESSURE UNIVERSE,3,The Fidelity Bank,bank,cert 11507,North Carolina,inv=Low Satisfactory svc=Low Satisfactory,,,CRA Officer (unnamed),https://fidelitybanknc.com/cra,DOMAIN VERIFIED,www.fidelitybanknc.com,"100 S Main St, Fuquay Varina North Carolina 27526 · 57 offices · AA NOT READ — verify before any ask"
2 PRESSURE UNIVERSE,3,City Bank,bank,cert 25103,Texas,inv=Low Satisfactory svc=Low Satisfactory,,,CRA Officer (unnamed),https://city.bank/cra,DOMAIN VERIFIED,www.city.bank,"5219 City Bank Pkwy, Lubbock Texas 79407 · 36 offices · AA NOT READ — verify before any ask"
2 PRESSURE UNIVERSE,3,First Business Bank,bank,cert 15229,Wisconsin,inv=Outstanding svc=Low Satisfactory,,,CRA Officer (unnamed),https://firstbusiness.bank/cra,DOMAIN VERIFIED,http://www.firstbusiness.bank,"401 Charmany Dr, Madison Wisconsin 53719 · 5 offices · AA NOT READ — verify before any ask"
2 PRESSURE UNIVERSE,3,International Bank of Commerce,bank,cert 25679,Texas,inv=Outstanding svc=Low Satisfactory,,,CRA Officer (unnamed),https://ibc.com/cra,DOMAIN VERIFIED,www.ibc.com,"1600 Fm 802, Brownsville Texas 78521 · 41 offices · AA NOT READ — verify before any ask"
2 PRESSURE UNIVERSE,3,Commercial Bank of California,bank,cert 57417,California,inv=Low Satisfactory svc=High Satisfactory,,,CRA Officer (unnamed),https://cbcal.com/cra,DOMAIN VERIFIED,http://www.cbcal.com,"19752 Macarthur Blvd, Irvine California 92612 · 10 offices · AA NOT READ — verify before any ask"
2 PRESSURE UNIVERSE,3,First Guaranty Bank,bank,cert 14028,Louisiana,inv=Low Satisfactory svc=Low Satisfactory,,,CRA Officer (unnamed),https://fgb.net/cra,DOMAIN VERIFIED,www.fgb.net,"400 E Thomas St, Hammond Louisiana 70401 · 30 offices · AA NOT READ — verify before any ask"
2 PRESSURE UNIVERSE,3,Security Bank of Kansas City,bank,cert 4705,Kansas,inv=Low Satisfactory svc=High Satisfactory,,,CRA Officer (unnamed),https://securitybankkc.com/cra,DOMAIN VERIFIED,www.securitybankkc.com,"701 Minnesota Ave, Kansas City Kansas 66101 · 34 offices · AA NOT READ — verify before any ask"
2 PRESSURE UNIVERSE,3,Burke & Herbert Bank & Trust Company,bank,cert 11578,Virginia,inv=Low Satisfactory svc=High Satisfactory,,,CRA Officer (unnamed),https://burkeandherbertbank.com/cra,DOMAIN VERIFIED,www.burkeandherbertbank.com,"100 S Fairfax St, Alexandria Virginia 22314 · 106 offices · AA NOT READ — verify before any ask"
2 PRESSURE UNIVERSE,3,Parkway Bank and Trust Company,bank,cert 19008,Illinois,inv=Low Satisfactory svc=Low Satisfactory,,,CRA Officer (unnamed),https://parkwaybank.com/cra,DOMAIN VERIFIED,www.parkwaybank.com,"4800 N Harlem Ave, Harwood Heights Illinois 60706 · 27 offices · AA NOT READ — verify before any ask"
2 PRESSURE UNIVERSE,3,Union Savings Bank,bank,cert 32296,Ohio,inv=High Satisfactory svc=Low Satisfactory,,,CRA Officer (unnamed),https://WWW.UNIONSAVINGSBANK.COM/cra,DOMAIN VERIFIED,WWW.UNIONSAVINGSBANK.COM,"8805 Governors Hill Dr, Cincinnati Ohio 45249 · 39 offices · AA NOT READ — verify before any ask"
2 PRESSURE UNIVERSE,3,Exchange Bank,bank,cert 8468,California,inv=Low Satisfactory svc=Low Satisfactory,,,CRA Officer (unnamed),https://exchangebank.com/cra,DOMAIN VERIFIED,www.exchangebank.com,"545 4th St, Santa Rosa California 95401 · 21 offices · AA NOT READ — verify before any ask"
2 PRESSURE UNIVERSE,3,Cache Valley Bank,bank,cert 22134,Utah,inv=High Satisfactory svc=Low Satisfactory,,,CRA Officer (unnamed),https://cachevalleybank.com/cra,DOMAIN VERIFIED,cachevalleybank.com,"101 N Main St, Logan Utah 84321 · 25 offices · AA NOT READ — verify before any ask"
2 PRESSURE UNIVERSE,3,Bankwell Bank,bank,cert 57368,Connecticut,inv=High Satisfactory svc=Low Satisfactory,,,CRA Officer (unnamed),https://mybankwell.com/cra,DOMAIN VERIFIED,www.mybankwell.com,"156 Cherry St, New Canaan Connecticut 06840 · 11 offices · AA NOT READ — verify before any ask"
2 PRESSURE UNIVERSE,3,Lake Ridge Bank,bank,cert 15091,Wisconsin,inv=High Satisfactory svc=Low Satisfactory,,,CRA Officer (unnamed),https://lakeridge.bank/cra,DOMAIN VERIFIED,www.lakeridge.bank,"8301 University Ave, Middleton Wisconsin 53562 · 20 offices · AA NOT READ — verify before any ask"
2 PRESSURE UNIVERSE,3,Red River Bank,bank,cert 34980,Louisiana,inv=Low Satisfactory svc=High Satisfactory,,,CRA Officer (unnamed),https://RedRiverBank.net/cra,DOMAIN VERIFIED,http://www.RedRiverBank.net,"1412 Centre Ct, Alexandria Louisiana 71301 · 28 offices · AA NOT READ — verify before any ask"
2 PRESSURE UNIVERSE,3,Bank of Ann Arbor,bank,cert 34120,Michigan,inv=Low Satisfactory svc=High Satisfactory,,,CRA Officer (unnamed),https://bankofannarbor.com/cra,DOMAIN VERIFIED,www.bankofannarbor.com,"125 S 5th Ave, Ann Arbor Michigan 48104 · 18 offices · AA NOT READ — verify before any ask"
2 PRESSURE UNIVERSE,3,Colony Bank,bank,cert 22257,Georgia,inv=Low Satisfactory svc=High Satisfactory,,,CRA Officer (unnamed),https://colony.bank/cra,DOMAIN VERIFIED,colony.bank,"302 S Main St, Fitzgerald Georgia 31750 · 33 offices · AA NOT READ — verify before any ask"
2 PRESSURE UNIVERSE,3,D. L. Evans Bank,bank,cert 11666,Idaho,inv=Low Satisfactory svc=High Satisfactory,,,CRA Officer (unnamed),https://dlevans.com/cra,DOMAIN VERIFIED,dlevans.com,"375 N Overland Ave, Burley Idaho 83318 · 41 offices · AA NOT READ — verify before any ask"
2 PRESSURE UNIVERSE,3,The Bank of Tampa,bank,cert 21031,Florida,inv=Low Satisfactory svc=High Satisfactory,,,CRA Officer (unnamed),https://bankoftampa.com/cra,DOMAIN VERIFIED,www.bankoftampa.com,"601 Bayshore Blvd, Tampa Florida 33606 · 13 offices · AA NOT READ — verify before any ask"
2 PRESSURE UNIVERSE,3,Northern Bank & Trust Company,bank,cert 18266,Massachusetts,inv=High Satisfactory svc=Low Satisfactory,,,CRA Officer (unnamed),https://nbtc.com/cra,DOMAIN VERIFIED,www.nbtc.com,"275 Mishawum Rd, Woburn Massachusetts 01801 · 14 offices · AA NOT READ — verify before any ask"
2 PRESSURE UNIVERSE,3,Sunwest Bank,bank,cert 20164,Utah,inv=Low Satisfactory svc=High Satisfactory,,,CRA Officer (unnamed),https://sunwestbank.com/cra,DOMAIN VERIFIED,www.sunwestbank.com,"10011 S Centennial Pkwy, Sandy Utah 84070 · 9 offices · AA NOT READ — verify before any ask"
2 PRESSURE UNIVERSE,3,The Bank of Missouri,bank,cert 1617,Missouri,inv=Low Satisfactory svc=High Satisfactory,,,CRA Officer (unnamed),https://WWW.BANKOFMISSOURI.COM/cra,DOMAIN VERIFIED,WWW.BANKOFMISSOURI.COM,"916 N Kings Hwy, Perryville Missouri 63775 · 32 offices · AA NOT READ — verify before any ask"
2 PRESSURE UNIVERSE,3,Penn Community Bank,bank,cert 30401,Pennsylvania,inv=Outstanding svc=Low Satisfactory,,,CRA Officer (unnamed),https://penncommunitybank.com/cra,DOMAIN VERIFIED,www.penncommunitybank.com,"3969 Durham Rd, Doylestown Pennsylvania 18902 · 22 offices · AA NOT READ — verify before any ask"
2 PRESSURE UNIVERSE,3,Gulf Coast Bank and Trust Company,bank,cert 32974,Louisiana,inv=Low Satisfactory svc=Low Satisfactory,,,CRA Officer (unnamed),https://gulfbank.com/cra,DOMAIN VERIFIED,www.gulfbank.com,"200 Saint Charles Ave, New Orleans Louisiana 70130 · 40 offices · AA NOT READ — verify before any ask"
2 PRESSURE UNIVERSE,3,PCB Bank,bank,cert 57463,California,inv=Low Satisfactory svc=High Satisfactory,,,CRA Officer (unnamed),https://mypcbbank.com/cra,DOMAIN VERIFIED,www.mypcbbank.com,"3701 Wilshire Blvd, Los Angeles California 90010 · 19 offices · AA NOT READ — verify before any ask"
2 PRESSURE UNIVERSE,3,Jefferson Bank,bank,cert 16470,Texas,inv=Low Satisfactory svc=Outstanding,,,CRA Officer (unnamed),https://jeffersonbank.com/cra,DOMAIN VERIFIED,www.jeffersonbank.com,"1900 Broadway, Suite 100, San Antonio Texas 78215 · 13 offices · AA NOT READ — verify before any ask"
2 PRESSURE UNIVERSE,3,First Community Bank,bank,cert 34533,Arkansas,inv=High Satisfactory svc=Low Satisfactory,,,CRA Officer (unnamed),https://firstcommunity.net/cra,DOMAIN VERIFIED,www.firstcommunity.net,"1325 Harrison St, Batesville Arkansas 72501 · 35 offices · AA NOT READ — verify before any ask"
2 PRESSURE UNIVERSE,3,"Macatawa Bank, National Association",bank,cert 34618,Michigan,inv=High Satisfactory svc=Low Satisfactory,,,CRA Officer (unnamed),https://macatawabank.com/cra,DOMAIN VERIFIED,www.macatawabank.com,"10753 Macatawa Dr, Holland Michigan 49424 · 28 offices · AA NOT READ — verify before any ask"
2 PRESSURE UNIVERSE,3,Banterra Bank,bank,cert 17514,Illinois,inv=Low Satisfactory svc=Low Satisfactory,,,CRA Officer (unnamed),https://banterra.bank/cra,DOMAIN VERIFIED,www.banterra.bank,"3201 Banterra Dr, Marion Illinois 62959 · 43 offices · AA NOT READ — verify before any ask"
2 PRESSURE UNIVERSE,3,Republic Bank of Chicago,bank,cert 19333,Illinois,inv=Low Satisfactory svc=High Satisfactory,,,CRA Officer (unnamed),https://republicebank.com/cra,DOMAIN VERIFIED,www.republicebank.com,"2221 Camden Ct, Oak Brook Illinois 60523 · 20 offices · AA NOT READ — verify before any ask"
2 PRESSURE UNIVERSE,3,Avidia Bank,bank,cert 90215,Massachusetts,inv=Low Satisfactory svc=Low Satisfactory,,,CRA Officer (unnamed),https://avidiabank.com/cra,DOMAIN VERIFIED,www.avidiabank.com,"42 Main St, Hudson Massachusetts 01749 · 10 offices · AA NOT READ — verify before any ask"
2 PRESSURE UNIVERSE,3,West Coast Community Bank,bank,cert 57591,California,inv=High Satisfactory svc=Low Satisfactory,,,CRA Officer (unnamed),https://wccb.com/cra,DOMAIN VERIFIED,www.wccb.com,"75 River St, Santa Cruz California 95060 · 11 offices · AA NOT READ — verify before any ask"
2 PRESSURE UNIVERSE,3,1st Security Bank of Washington,bank,cert 57633,Washington,inv=Outstanding svc=Low Satisfactory,,,CRA Officer (unnamed),https://WWW.FSBWA.com/cra,DOMAIN VERIFIED,WWW.FSBWA.com,"6920 220th St Sw, Mountlake Terrace Washington 98043 · 31 offices · AA NOT READ — verify before any ask"
2 PRESSURE UNIVERSE,3,American Momentum Bank,bank,cert 58309,Texas,inv=High Satisfactory svc=Low Satisfactory,,,CRA Officer (unnamed),https://americanmomentum.bank/cra,DOMAIN VERIFIED,www.americanmomentum.bank,"1 Momentum Blvd, College Station Texas 77845 · 31 offices · AA NOT READ — verify before any ask"
2 PRESSURE UNIVERSE,3,North Shore Bank,bank,cert 28679,Wisconsin,inv=Low Satisfactory svc=High Satisfactory,,,CRA Officer (unnamed),https://northshorebank.com/cra,DOMAIN VERIFIED,www.northshorebank.com,"15700 W Bluemound Rd, Brookfield Wisconsin 53005 · 44 offices · AA NOT READ — verify before any ask"
2 PRESSURE UNIVERSE,3,Northrim Bank,bank,cert 33216,Alaska,inv=High Satisfactory svc=Low Satisfactory,,,CRA Officer (unnamed),https://northrim.com/cra,DOMAIN VERIFIED,https://www.northrim.com,"3111 C St, Anchorage Alaska 99503 · 21 offices · AA NOT READ — verify before any ask"
2 PRESSURE UNIVERSE,3,Bank of Guam,bank,cert 20884,Guam,inv=Low Satisfactory svc=Low Satisfactory,,,CRA Officer (unnamed),https://bankofguam.com/cra,DOMAIN VERIFIED,www.bankofguam.com,"111 W Chalan Santo Papa, Hagatna Guam 96910 · 16 offices · AA NOT READ — verify before any ask"
2 PRESSURE UNIVERSE,3,UniBank for Savings,bank,cert 90290,Massachusetts,inv=High Satisfactory svc=Low Satisfactory,,,CRA Officer (unnamed),https://unibank.com/cra,DOMAIN VERIFIED,www.unibank.com,"49 Church St, Whitinsville Massachusetts 01588 · 15 offices · AA NOT READ — verify before any ask"
2 PRESSURE UNIVERSE,3,Armstrong Bank,bank,cert 2315,Oklahoma,inv=High Satisfactory svc=Low Satisfactory,,,CRA Officer (unnamed),https://armstrong.bank/cra,DOMAIN VERIFIED,www.armstrong.bank,"1215 W Okmulgee St, Muskogee Oklahoma 74401 · 29 offices · AA NOT READ — verify before any ask"
2 PRESSURE UNIVERSE,3,KS StateBank,bank,cert 19899,Kansas,inv=Low Satisfactory svc=High Satisfactory,,,CRA Officer (unnamed),https://ksstate.bank/cra,DOMAIN VERIFIED,http://ksstate.bank,"1010 Westloop Pl, Manhattan Kansas 66502 · 6 offices · AA NOT READ — verify before any ask"
2 PRESSURE UNIVERSE,3,Peoples Bank,bank,cert 6158,Washington,inv=High Satisfactory svc=Low Satisfactory,,,CRA Officer (unnamed),https://peoplesbank-wa.com/cra,DOMAIN VERIFIED,www.peoplesbank-wa.com,"3100 Woburn St, Bellingham Washington 98226 · 23 offices · AA NOT READ — verify before any ask"
2 PRESSURE UNIVERSE,3,Unity Bank,bank,cert 33503,New Jersey,inv=Low Satisfactory svc=High Satisfactory,,,CRA Officer (unnamed),https://unitybank.com/cra,DOMAIN VERIFIED,www.unitybank.com,"64 Old Highway 22, Clinton New Jersey 08809 · 22 offices · AA NOT READ — verify before any ask"
2 PRESSURE UNIVERSE,3,ACNB Bank,bank,cert 7506,Pennsylvania,inv=Low Satisfactory svc=Low Satisfactory,,,CRA Officer (unnamed),https://acnb.com/cra,DOMAIN VERIFIED,http://www.acnb.com,"16 Lincoln Sq, Gettysburg Pennsylvania 17325 · 33 offices · AA NOT READ — verify before any ask"
2 PRESSURE UNIVERSE,3,FCB Banks,bank,cert 33005,Illinois,inv=Low Satisfactory svc=High Satisfactory,,,CRA Officer (unnamed),https://fcbbanks.com/cra,DOMAIN VERIFIED,www.fcbbanks.com,"800 Belt Line Rd, Collinsville Illinois 62234 · 20 offices · AA NOT READ — verify before any ask"
2 PRESSURE UNIVERSE,3,Wayne Bank,bank,cert 698,Pennsylvania,inv=High Satisfactory svc=Low Satisfactory,,,CRA Officer (unnamed),https://Wayne.Bank/cra,DOMAIN VERIFIED,Wayne.Bank,"717 Main St, Honesdale Pennsylvania 18431 · 33 offices · AA NOT READ — verify before any ask"
2 PRESSURE UNIVERSE,3,Somerset Trust Company,bank,cert 11112,Pennsylvania,inv=Low Satisfactory svc=High Satisfactory,,,CRA Officer (unnamed),https://somersettrust.com/cra,DOMAIN VERIFIED,somersettrust.com,"151 W Main St, Somerset Pennsylvania 15501 · 49 offices · AA NOT READ — verify before any ask"
2 PRESSURE UNIVERSE,3,Citizens & Northern Bank,bank,cert 7799,Pennsylvania,inv=Low Satisfactory svc=Low Satisfactory,,,CRA Officer (unnamed),https://cnbankpa.com/cra,DOMAIN VERIFIED,www.cnbankpa.com,"90 Main St, Wellsboro Pennsylvania 16901 · 35 offices · AA NOT READ — verify before any ask"
2 PRESSURE UNIVERSE,3,Avidbank,bank,cert 57510,California,inv=Low Satisfactory svc=Low Satisfactory,,,CRA Officer (unnamed),https://avidbank.com/cra,DOMAIN VERIFIED,www.avidbank.com,"1732 N 1st St, San Jose California 95112 · 3 offices · AA NOT READ — verify before any ask"
2 PRESSURE UNIVERSE,3,"WaterStone Bank, SSB",bank,cert 28513,Wisconsin,inv=High Satisfactory svc=Low Satisfactory,,,CRA Officer (unnamed),https://wsbonline.com/cra,DOMAIN VERIFIED,www.wsbonline.com,"11200 W Plank Ct, Wauwatosa Wisconsin 53226 · 16 offices · AA NOT READ — verify before any ask"
2 PRESSURE UNIVERSE,3,First Fed Bank,bank,cert 28405,Washington,inv=Low Satisfactory svc=High Satisfactory,,,CRA Officer (unnamed),https://ourfirstfed.com/cra,DOMAIN VERIFIED,www.ourfirstfed.com,"105 W 8th St, Port Angeles Washington 98362 · 14 offices · AA NOT READ — verify before any ask"
2 PRESSURE UNIVERSE,3,First United Bank,bank,cert 12769,Texas,inv=High Satisfactory svc=Low Satisfactory,,,CRA Officer (unnamed),https://firstunited.bank/cra,DOMAIN VERIFIED,www.firstunited.bank,"201 N Broadway St, Dimmitt Texas 79027 · 25 offices · AA NOT READ — verify before any ask"
2 PRESSURE UNIVERSE,3,"Traditional Bank, Inc.",bank,cert 2711,Kentucky,inv=Low Satisfactory svc=High Satisfactory,,,CRA Officer (unnamed),https://traditionalbank.com/cra,DOMAIN VERIFIED,www.traditionalbank.com,"49 W Main St, Mount Sterling Kentucky 40353 · 19 offices · AA NOT READ — verify before any ask"
2 PRESSURE UNIVERSE,3,Parke Bank,bank,cert 34888,New Jersey,inv=Low Satisfactory svc=Low Satisfactory,,,CRA Officer (unnamed),https://parkebank.com/cra,DOMAIN VERIFIED,www.parkebank.com,"601 Delsea Dr, Sewell New Jersey 08080 · 8 offices · AA NOT READ — verify before any ask"
2 PRESSURE UNIVERSE,3,Vallant Bank,bank,cert 14065,Georgia,inv=Low Satisfactory svc=High Satisfactory,,,CRA Officer (unnamed),https://vallant.bank/cra,DOMAIN VERIFIED,www.vallant.bank,"884 Elbert St, Elberton Georgia 30635 · 36 offices · AA NOT READ — verify before any ask"
2 PRESSURE UNIVERSE,3,United Bank,bank,cert 172,Georgia,inv=Low Satisfactory svc=Outstanding,,,CRA Officer (unnamed),https://accessunited.com/cra,DOMAIN VERIFIED,www.accessunited.com,"685 Griffin St, Zebulon Georgia 30295 · 17 offices · AA NOT READ — verify before any ask"
2 PRESSURE UNIVERSE,3,The Bank of Commerce,bank,cert 18059,Idaho,inv=Low Satisfactory svc=High Satisfactory,,,CRA Officer (unnamed),https://bofc.bank/cra,DOMAIN VERIFIED,www.bofc.bank,"3113 S 25th E, Ammon Idaho 83406 · 17 offices · AA NOT READ — verify before any ask"
2 PRESSURE UNIVERSE,3,Ion Bank,bank,cert 18198,Connecticut,inv=Low Satisfactory svc=High Satisfactory,,,CRA Officer (unnamed),https://ionbank.com/cra,DOMAIN VERIFIED,www.ionbank.com,"251 Church St, Naugatuck Connecticut 06770 · 37 offices · AA NOT READ — verify before any ask"
2 PRESSURE UNIVERSE,3,Country Bank for Savings,bank,cert 23992,Massachusetts,inv=High Satisfactory svc=Low Satisfactory,,,CRA Officer (unnamed),https://countrybank.com/cra,DOMAIN VERIFIED,www.countrybank.com,"155 West St, Ware Massachusetts 01082 · 15 offices · AA NOT READ — verify before any ask"
2 PRESSURE UNIVERSE,3,Western State Bank,bank,cert 9123,North Dakota,inv=Low Satisfactory svc=High Satisfactory,,,CRA Officer (unnamed),https://westernbanks.com/cra,DOMAIN VERIFIED,www.westernbanks.com,"110 4th St Se, Devils Lake North Dakota 58301 · 10 offices · AA NOT READ — verify before any ask"
2 PRESSURE UNIVERSE,3,Peoples Bank,bank,cert 29523,Indiana,inv=Low Satisfactory svc=High Satisfactory,,,CRA Officer (unnamed),https://ibankpeoples.com/cra,DOMAIN VERIFIED,http://www.ibankpeoples.com,"9204 Columbia Ave, Munster Indiana 46321 · 24 offices · AA NOT READ — verify before any ask"
2 PRESSURE UNIVERSE,3,Luana Savings Bank,bank,cert 253,Iowa,inv=Low Satisfactory svc=Low Satisfactory,,,CRA Officer (unnamed),https://luanasavingsbank.com/cra,DOMAIN VERIFIED,http://www.luanasavingsbank.com,"100 Harvest Dr, Luana Iowa 52156 · 6 offices · AA NOT READ — verify before any ask"
2 PRESSURE UNIVERSE,3,First Bank Chicago,bank,cert 17470,Illinois,inv=Low Satisfactory svc=Outstanding,,,CRA Officer (unnamed),https://firstbankchicago.com/cra,DOMAIN VERIFIED,www.firstbankchicago.com,"1835 1st St, Highland Park Illinois 60035 · 4 offices · AA NOT READ — verify before any ask"
2 PRESSURE UNIVERSE,3,Blue Foundry Bank,bank,cert 30052,New Jersey,inv=Low Satisfactory svc=High Satisfactory,,,CRA Officer (unnamed),https://bluefoundrybank.com/cra,DOMAIN VERIFIED,bluefoundrybank.com,"19 Park Ave, Rutherford New Jersey 07070 · 21 offices · AA NOT READ — verify before any ask"
2 PRESSURE UNIVERSE,3,Central Bank,bank,cert 9204,Utah,inv=Low Satisfactory svc=High Satisfactory,,,CRA Officer (unnamed),https://cbutah.com/cra,DOMAIN VERIFIED,www.cbutah.com,"75 N University Ave, Provo Utah 84601 · 13 offices · AA NOT READ — verify before any ask"
2 PRESSURE UNIVERSE,3,Cashmere Valley Bank,bank,cert 1265,Washington,inv=Low Satisfactory svc=High Satisfactory,,,CRA Officer (unnamed),https://cashmerevalleybank.com/cra,DOMAIN VERIFIED,www.cashmerevalleybank.com,"117 Aplets Way, Cashmere Washington 98815 · 12 offices · AA NOT READ — verify before any ask"
2 PRESSURE UNIVERSE,3,Security State Bank & Trust,bank,cert 15809,Texas,inv=Low Satisfactory svc=High Satisfactory,,,CRA Officer (unnamed),https://ssbtexas.com/cra,DOMAIN VERIFIED,https://www.ssbtexas.com,"201 W Main St, Fredericksburg Texas 78624 · 22 offices · AA NOT READ — verify before any ask"
2 PRESSURE UNIVERSE,3,Yakima Federal Savings and Loan Association,bank,cert 28116,Washington,inv=High Satisfactory svc=Low Satisfactory,,,CRA Officer (unnamed),https://yakimafed.com/cra,DOMAIN VERIFIED,yakimafed.com,"118 E Yakima Ave, Yakima Washington 98901 · 10 offices · AA NOT READ — verify before any ask"
2 PRESSURE UNIVERSE,3,Falcon International Bank,bank,cert 26856,Texas,inv=High Satisfactory svc=Low Satisfactory,,,CRA Officer (unnamed),https://falconbank.com/cra,DOMAIN VERIFIED,www.falconbank.com,"7718 Mcpherson Rd Bldg F, Laredo Texas 78045 · 20 offices · AA NOT READ — verify before any ask"
2 PRESSURE UNIVERSE,3,The Village Bank,bank,cert 26336,Massachusetts,inv=Low Satisfactory svc=Low Satisfactory,,,CRA Officer (unnamed),https://village-bank.com/cra,DOMAIN VERIFIED,www.village-bank.com,"320 Needham St, Newton Massachusetts 02464 · 11 offices · AA NOT READ — verify before any ask"
2 PRESSURE UNIVERSE,3,The Bank of Princeton,bank,cert 58513,New Jersey,inv=High Satisfactory svc=Low Satisfactory,,,CRA Officer (unnamed),https://WWW.THEBANKOFPRINCETON.COM/cra,DOMAIN VERIFIED,WWW.THEBANKOFPRINCETON.COM,"183 Bayard Ln, Princeton New Jersey 08540 · 36 offices · AA NOT READ — verify before any ask"
2 PRESSURE UNIVERSE,3,Timberland Bank,bank,cert 28453,Washington,inv=High Satisfactory svc=Low Satisfactory,,,CRA Officer (unnamed),https://timberlandbank.com/cra,DOMAIN VERIFIED,http://www.timberlandbank.com,"624 Simpson Ave, Hoquiam Washington 98550 · 24 offices · AA NOT READ — verify before any ask"
2 PRESSURE UNIVERSE,3,First Northern Bank of Dixon,bank,cert 3440,California,inv=Low Satisfactory svc=High Satisfactory,,,CRA Officer (unnamed),https://thatsmybank.com/cra,DOMAIN VERIFIED,www.thatsmybank.com,"195 N 1st St, Dixon California 95620 · 21 offices · AA NOT READ — verify before any ask"
2 PRESSURE UNIVERSE,3,Lincoln Savings Bank,bank,cert 14207,Iowa,inv=Low Satisfactory svc=Low Satisfactory,,,CRA Officer (unnamed),https://mylsb.com/cra,DOMAIN VERIFIED,www.mylsb.com,"508 Main St, Reinbeck Iowa 50669 · 16 offices · AA NOT READ — verify before any ask"
2 PRESSURE UNIVERSE,3,Bank of Tennessee,bank,cert 21573,Tennessee,inv=Low Satisfactory svc=Low Satisfactory,,,CRA Officer (unnamed),https://bankoftennessee.com/cra,DOMAIN VERIFIED,www.bankoftennessee.com,"301 E Center St, Kingsport Tennessee 37660 · 25 offices · AA NOT READ — verify before any ask"
2 PRESSURE UNIVERSE,3,QNB Bank,bank,cert 7714,Pennsylvania,inv=Low Satisfactory svc=High Satisfactory,,,CRA Officer (unnamed),https://qnbbank.com/cra,DOMAIN VERIFIED,www.qnbbank.com,"15 N 3rd St, Quakertown Pennsylvania 18951 · 18 offices · AA NOT READ — verify before any ask"
2 PRESSURE UNIVERSE,3,Bank Five Nine,bank,cert 12517,Wisconsin,inv=Low Satisfactory svc=High Satisfactory,,,CRA Officer (unnamed),https://WWW.BANKFIVENINE.COM/cra,DOMAIN VERIFIED,WWW.BANKFIVENINE.COM,"155 W Wisconsin Ave, Oconomowoc Wisconsin 53066 · 19 offices · AA NOT READ — verify before any ask"
2 PRESSURE UNIVERSE,3,"South Central Bank,  Inc.",bank,cert 5854,Kentucky,inv=Low Satisfactory svc=Low Satisfactory,,,CRA Officer (unnamed),https://southcentralbank.com/cra,DOMAIN VERIFIED,www.southcentralbank.com,"208 S Broadway St, Glasgow Kentucky 42141 · 27 offices · AA NOT READ — verify before any ask"
2 PRESSURE UNIVERSE,3,Shinhan Bank America,bank,cert 33188,New York,inv=Low Satisfactory svc=Low Satisfactory,,,CRA Officer (unnamed),https://shbamerica.com/cra,DOMAIN VERIFIED,www.shbamerica.com,"475 Park Ave S, New York New York 10016 · 14 offices · AA NOT READ — verify before any ask"
2 PRESSURE UNIVERSE,3,Blackhawk Bank & Trust,bank,cert 18402,Illinois,inv=Low Satisfactory svc=Low Satisfactory,,,CRA Officer (unnamed),https://choosethechief.com/cra,DOMAIN VERIFIED,www.choosethechief.com,"301 4th St W, Milan Illinois 61264 · 19 offices · AA NOT READ — verify before any ask"
2 PRESSURE UNIVERSE,3,Farmers and Merchants Trust Company of Chambersburg,bank,cert 8405,Pennsylvania,inv=Low Satisfactory svc=High Satisfactory,,,CRA Officer (unnamed),https://fmtrust.bank/cra,DOMAIN VERIFIED,fmtrust.bank,"20 S Main St, Chambersburg Pennsylvania 17201 · 25 offices · AA NOT READ — verify before any ask"
2 PRESSURE UNIVERSE,3,Hawthorn Bank,bank,cert 10619,Missouri,inv=High Satisfactory svc=Low Satisfactory,,,CRA Officer (unnamed),https://WWW.HAWTHORNBANK.COM/cra,DOMAIN VERIFIED,WWW.HAWTHORNBANK.COM,"132 E High St, Jefferson City Missouri 65101 · 18 offices · AA NOT READ — verify before any ask"
2 PRESSURE UNIVERSE,3,First State Bank of Uvalde,bank,cert 9978,Texas,inv=Outstanding svc=Low Satisfactory,,,CRA Officer (unnamed),https://fsbuvalde.bank/cra,DOMAIN VERIFIED,www.fsbuvalde.bank,"200 E Nopal St, Uvalde Texas 78801 · 8 offices · AA NOT READ — verify before any ask"
2 PRESSURE UNIVERSE,3,First American Bank,bank,cert 2240,New Mexico,inv=Outstanding svc=Low Satisfactory,,,CRA Officer (unnamed),https://firstamericanbanknm.com/cra,DOMAIN VERIFIED,www.firstamericanbanknm.com,"303 W Main St, Artesia New Mexico 88210 · 21 offices · AA NOT READ — verify before any ask"
2 PRESSURE UNIVERSE,3,Embassy Bank for the Lehigh Valley,bank,cert 57228,Pennsylvania,inv=Low Satisfactory svc=High Satisfactory,,,CRA Officer (unnamed),https://embassybank.com/cra,DOMAIN VERIFIED,www.embassybank.com,"100 Gateway Dr, Bethlehem Pennsylvania 18017 · 10 offices · AA NOT READ — verify before any ask"
2 PRESSURE UNIVERSE,3,First Community Bank,bank,cert 34047,South Carolina,inv=Low Satisfactory svc=Low Satisfactory,,,CRA Officer (unnamed),https://firstcommunitysc.com/cra,DOMAIN VERIFIED,www.firstcommunitysc.com,"5455 Sunset Blvd, Lexington South Carolina 29072 · 23 offices · AA NOT READ — verify before any ask"
2 PRESSURE UNIVERSE,3,Starion Bank,bank,cert 33758,North Dakota,inv=Low Satisfactory svc=Low Satisfactory,,,CRA Officer (unnamed),https://WWW.STARIONBANK.COM/cra,DOMAIN VERIFIED,WWW.STARIONBANK.COM,"333 N 4th St, Bismarck North Dakota 58501 · 16 offices · AA NOT READ — verify before any ask"
2 PRESSURE UNIVERSE,3,TruNorth Bank,bank,cert 26484,Massachusetts,inv=Substantial Non Complianc svc=Substantial Non Complianc,,,CRA Officer (unnamed),https://trunorthbank.com/cra,DOMAIN VERIFIED,www.trunorthbank.com,"248 Andover St, Peabody Massachusetts 01960 · 30 offices · AA NOT READ — verify before any ask"
2 PRESSURE UNIVERSE,3,Wellworth Bank,bank,cert 1711,Tennessee,inv=High Satisfactory svc=Low Satisfactory,,,CRA Officer (unnamed),https://wellworth.bank/cra,DOMAIN VERIFIED,www.wellworth.bank,"400 Highway 52 Byp W, Lafayette Tennessee 37083 · 20 offices · AA NOT READ — verify before any ask"
2 PRESSURE UNIVERSE,3,Peoples Bank,bank,cert 5956,North Carolina,inv=Low Satisfactory svc=High Satisfactory,,,CRA Officer (unnamed),https://peoplesbanknc.com/cra,DOMAIN VERIFIED,https://www.peoplesbanknc.com,"518 W C St, Newton North Carolina 28658 · 16 offices · AA NOT READ — verify before any ask"
2 PRESSURE UNIVERSE,3,Thomaston Savings Bank,bank,cert 18258,Connecticut,inv=Low Satisfactory svc=High Satisfactory,,,CRA Officer (unnamed),https://thomastonsavingsbank.com/cra,DOMAIN VERIFIED,www.thomastonsavingsbank.com,"203 Main St, Thomaston Connecticut 06787 · 16 offices · AA NOT READ — verify before any ask"
2 PRESSURE UNIVERSE,3,International Bank of Commerce,bank,cert 59093,Oklahoma,inv=Outstanding svc=Low Satisfactory,,,CRA Officer (unnamed),https://ibc.com/cra,DOMAIN VERIFIED,www.ibc.com,"3817 N West Expy, Oklahoma City Oklahoma 73112 · 41 offices · AA NOT READ — verify before any ask"
2 PRESSURE UNIVERSE,3,First Keystone Community Bank,bank,cert 7404,Pennsylvania,inv=Low Satisfactory svc=Low Satisfactory,,,CRA Officer (unnamed),https://fkc.bank/cra,DOMAIN VERIFIED,www.fkc.bank,"111 W Front St, Berwick Pennsylvania 18603 · 19 offices · AA NOT READ — verify before any ask"
2 PRESSURE UNIVERSE,3,Watertown Savings Bank,bank,cert 15990,New York,inv=Low Satisfactory svc=Outstanding,,,CRA Officer (unnamed),https://watersavingsbank.com/cra,DOMAIN VERIFIED,www.watersavingsbank.com,"111 Clinton St, Watertown New York 13601 · 10 offices · AA NOT READ — verify before any ask"
2 PRESSURE UNIVERSE,3,Hamlin Bank and Trust Company,bank,cert 11113,Pennsylvania,inv=Low Satisfactory svc=Low Satisfactory,,,CRA Officer (unnamed),https://hamlinbank.com/cra,DOMAIN VERIFIED,www.hamlinbank.com,"333 W Main St, Smethport Pennsylvania 16749 · 10 offices · AA NOT READ — verify before any ask"
2 PRESSURE UNIVERSE,3,First Citizens Bank,bank,cert 4433,Iowa,inv=Low Satisfactory svc=Low Satisfactory,,,CRA Officer (unnamed),https://myfcb.bank/cra,DOMAIN VERIFIED,www.myfcb.bank,"2601 4th St Sw, Mason City Iowa 50401 · 7 offices · AA NOT READ — verify before any ask"
2 PRESSURE UNIVERSE,3,First Fidelity Bank,bank,cert 23473,Oklahoma,inv=Low Satisfactory svc=Low Satisfactory,,,CRA Officer (unnamed),https://FFB.com/cra,DOMAIN VERIFIED,FFB.com,"5100 N Classen Blvd, Oklahoma City Oklahoma 73118 · 27 offices · AA NOT READ — verify before any ask"
2 PRESSURE UNIVERSE,3,The Adirondack Trust Company,bank,cert 660,New York,inv=Low Satisfactory svc=Low Satisfactory,,,CRA Officer (unnamed),https://adirondacktrust.com/cra,DOMAIN VERIFIED,adirondacktrust.com,"473 Broadway, Saratoga Springs New York 12866 · 13 offices · AA NOT READ — verify before any ask"
2 PRESSURE UNIVERSE,3,Ameriserv Financial Bank,bank,cert 7542,Pennsylvania,inv=Low Satisfactory svc=Low Satisfactory,,,CRA Officer (unnamed),https://AmeriServ.com/cra,DOMAIN VERIFIED,AmeriServ.com,"216 Franklin St, Johnstown Pennsylvania 15901 · 17 offices · AA NOT READ — verify before any ask"
2 PRESSURE UNIVERSE,3,Bank Independent,bank,cert 16604,Alabama,inv=Low Satisfactory svc=-,,,CRA Officer (unnamed),https://bibank.com/cra,DOMAIN VERIFIED,www.bibank.com,"710 S Montgomery Ave, Sheffield Alabama 35660 · 34 offices · AA NOT READ — verify before any ask"
2 PRESSURE UNIVERSE,3,The Central Trust Bank,bank,cert 12633,Missouri,inv=Low Satisfactory svc=-,,,CRA Officer (unnamed),https://centralbank.net/cra,DOMAIN VERIFIED,www.centralbank.net,"238 Madison St, Jefferson City Missouri 65101 · 166 offices · AA NOT READ — verify before any ask"
2 PRESSURE UNIVERSE,3,Commercial Bank,bank,cert 22354,Tennessee,inv=Low Satisfactory svc=Low Satisfactory,,,CRA Officer (unnamed),https://cbtn.com/cra,DOMAIN VERIFIED,www.cbtn.com,"6710 Cumberland Gap Pkwy, Harrogate Tennessee 37752 · 40 offices · AA NOT READ — verify before any ask"
2 PRESSURE UNIVERSE,3,ENCORE BANK,bank,cert 34562,Arkansas,inv=Low Satisfactory svc=Low Satisfactory,,,CRA Officer (unnamed),https://bankencore.com/cra,DOMAIN VERIFIED,www.bankencore.com,"1801 Rahling Rd, Little Rock Arkansas 72223 · 19 offices · AA NOT READ — verify before any ask"
2 PRESSURE UNIVERSE,3,The Farmers & Merchants Bank,bank,cert 16216,Arkansas,inv=Low Satisfactory svc=-,,,CRA Officer (unnamed),https://gofm.bank/cra,DOMAIN VERIFIED,www.gofm.bank,"708 S Main St, Stuttgart Arkansas 72160 · 21 offices · AA NOT READ — verify before any ask"
2 PRESSURE UNIVERSE,3,First Farmers and Merchants Bank,bank,cert 1487,Tennessee,inv=Low Satisfactory svc=Low Satisfactory,,,CRA Officer (unnamed),https://myfirstfarmers.com/cra,DOMAIN VERIFIED,www.myfirstfarmers.com,"816 S Garden St, Columbia Tennessee 38401 · 23 offices · AA NOT READ — verify before any ask"
2 PRESSURE UNIVERSE,3,Five Points Bank,bank,cert 20488,Nebraska,inv=Low Satisfactory svc=-,,,CRA Officer (unnamed),https://5pointsbank.com/cra,DOMAIN VERIFIED,www.5pointsbank.com,"2015 N Broadwell Ave, Grand Island Nebraska 68803 · 16 offices · AA NOT READ — verify before any ask"
2 PRESSURE UNIVERSE,3,Origin Bank,bank,cert 12614,Louisiana,inv=Low Satisfactory svc=Low Satisfactory,,,CRA Officer (unnamed),https://origin.bank/cra,DOMAIN VERIFIED,www.origin.bank,"3921 Elm St, Choudrant Louisiana 71227 · 59 offices · AA NOT READ — verify before any ask"
2 PRESSURE UNIVERSE,3,RCB Bank,bank,cert 15399,Oklahoma,inv=Low Satisfactory svc=Low Satisfactory,,,CRA Officer (unnamed),https://rcbbank.bank/cra,DOMAIN VERIFIED,www.rcbbank.bank,"300 W Patti Page Blvd, Claremore Oklahoma 74017 · 62 offices · AA NOT READ — verify before any ask"
2 PRESSURE UNIVERSE,3,Texas Regional Bank,bank,cert 26906,Texas,inv=Low Satisfactory svc=-,,,CRA Officer (unnamed),https://trb.bank/cra,DOMAIN VERIFIED,www.trb.bank,"6770 West Interstate 2, Harlingen Texas 78552 · 37 offices · AA NOT READ — verify before any ask"
2 PRESSURE UNIVERSE,3,Amboy Bank,bank,cert 6423,New Jersey,inv=Low Satisfactory svc=-,,,CRA Officer (unnamed),https://amboybank.com/cra,DOMAIN VERIFIED,www.amboybank.com,"3590 Us Highway 9, Old Bridge New Jersey 08857 · 23 offices · AA NOT READ — verify before any ask"
2 PRESSURE UNIVERSE,3,Bank Iowa,bank,cert 14521,Iowa,inv=Low Satisfactory svc=Low Satisfactory,,,CRA Officer (unnamed),https://bankiowa.bank/cra,DOMAIN VERIFIED,www.bankiowa.bank,"1225 Jordan Creek Pkwy, West Des Moines Iowa 50266 · 25 offices · AA NOT READ — verify before any ask"
2 PRESSURE UNIVERSE,3,The Bank of Marion,bank,cert 9507,Virginia,inv=Low Satisfactory svc=-,,,CRA Officer (unnamed),https://bankofmarionva.com/cra,DOMAIN VERIFIED,www.bankofmarionva.com,"102 W Main St, Marion Virginia 24354 · 17 offices · AA NOT READ — verify before any ask"
2 PRESSURE UNIVERSE,3,Bank of New Hampshire,bank,cert 18012,New Hampshire,inv=Low Satisfactory svc=-,,,CRA Officer (unnamed),https://BNH.bank/cra,DOMAIN VERIFIED,www.BNH.bank,"62 Pleasant St, Laconia New Hampshire 03246 · 21 offices · AA NOT READ — verify before any ask"
2 PRESSURE UNIVERSE,3,Central Bank,bank,cert 15555,Iowa,inv=Low Satisfactory svc=-,,,CRA Officer (unnamed),https://mycentral.bank/cra,DOMAIN VERIFIED,www.mycentral.bank,"600 Lake Ave, Storm Lake Iowa 50588 · 23 offices · AA NOT READ — verify before any ask"
2 PRESSURE UNIVERSE,3,ChoiceOne Bank,bank,cert 1014,Michigan,inv=Low Satisfactory svc=Low Satisfactory,,,CRA Officer (unnamed),https://WWW.CHOICEONE.BANK/cra,DOMAIN VERIFIED,WWW.CHOICEONE.BANK,"109 E Division St, Sparta Michigan 49345 · 50 offices · AA NOT READ — verify before any ask"
2 PRESSURE UNIVERSE,3,Commonwealth Business Bank,bank,cert 57873,California,inv=Low Satisfactory svc=Low Satisfactory,,,CRA Officer (unnamed),https://cbb-bank.com/cra,DOMAIN VERIFIED,www.cbb-bank.com,"3435 Wilshire Blvd, Los Angeles California 90010 · 13 offices · AA NOT READ — verify before any ask"
2 PRESSURE UNIVERSE,3,First Western Bank & Trust,bank,cert 19123,North Dakota,inv=Low Satisfactory svc=Low Satisfactory,,,CRA Officer (unnamed),https://firstwestern.bank/cra,DOMAIN VERIFIED,www.firstwestern.bank,"900 S Broadway, Minot North Dakota 58701 · 20 offices · AA NOT READ — verify before any ask"
2 PRESSURE UNIVERSE,3,Midland States Bank,bank,cert 1040,Illinois,inv=Low Satisfactory svc=Low Satisfactory,,,CRA Officer (unnamed),https://midlandsb.com/cra,DOMAIN VERIFIED,www.midlandsb.com,"1201 Network Centre Dr, Effingham Illinois 62401 · 60 offices · AA NOT READ — verify before any ask"
2 PRESSURE UNIVERSE,3,Orange Bank & Trust Company,bank,cert 12944,New York,inv=Low Satisfactory svc=-,,,CRA Officer (unnamed),https://orangebanktrust.com/cra,DOMAIN VERIFIED,www.orangebanktrust.com,"212 Dolson Ave, Middletown New York 10940 · 16 offices · AA NOT READ — verify before any ask"
2 PRESSURE UNIVERSE,3,BankFirst Financial Services,bank,cert 8870,Mississippi,inv=Low Satisfactory svc=-,,,CRA Officer (unnamed),https://bankfirstfs.com/cra,DOMAIN VERIFIED,http://www.bankfirstfs.com,"900 Main St, Columbus Mississippi 39701 · 51 offices · AA NOT READ — verify before any ask"
2 PRESSURE UNIVERSE,3,Chemung Canal Trust Company,bank,cert 597,New York,inv=Low Satisfactory svc=-,,,CRA Officer (unnamed),https://WWW.CHEMUNGCANAL.COM/cra,DOMAIN VERIFIED,WWW.CHEMUNGCANAL.COM,"1 Chemung Canal Plz, Elmira New York 14901 · 30 offices · AA NOT READ — verify before any ask"
2 PRESSURE UNIVERSE,3,Customers Bank,bank,cert 34444,Pennsylvania,inv=Low Satisfactory svc=Low Satisfactory,,,CRA Officer (unnamed),https://customersbank.com/cra,DOMAIN VERIFIED,www.customersbank.com,"40 General Warren Blvd, Malvern Pennsylvania 19355 · 7 offices · AA NOT READ — verify before any ask"
2 PRESSURE UNIVERSE,3,East Cambridge Savings Bank,bank,cert 90173,Massachusetts,inv=Low Satisfactory svc=-,,,CRA Officer (unnamed),https://ecsb.com/cra,DOMAIN VERIFIED,www.ecsb.com,"292 Cambridge St, Cambridge Massachusetts 02141 · 12 offices · AA NOT READ — verify before any ask"
2 PRESSURE UNIVERSE,3,Bankesb,bank,cert 90188,Massachusetts,inv=Low Satisfactory svc=-,,,CRA Officer (unnamed),https://bankesb.com/cra,DOMAIN VERIFIED,http://www.bankesb.com,"36 Main St, Easthampton Massachusetts 01027 · 11 offices · AA NOT READ — verify before any ask"
2 PRESSURE UNIVERSE,3,The First Bank and Trust Company,bank,cert 22918,Virginia,inv=Low Satisfactory svc=Low Satisfactory,,,CRA Officer (unnamed),https://firstbank.com/cra,DOMAIN VERIFIED,www.firstbank.com,"359 W Main St, Lebanon Virginia 24266 · 35 offices · AA NOT READ — verify before any ask"
2 PRESSURE UNIVERSE,3,InterBank,bank,cert 27210,Oklahoma,inv=Low Satisfactory svc=-,,,CRA Officer (unnamed),https://interbank.com/cra,DOMAIN VERIFIED,www.interbank.com,"4921 N May Ave, Oklahoma City Oklahoma 73112 · 47 offices · AA NOT READ — verify before any ask"
2 PRESSURE UNIVERSE,3,Lake City Bank,bank,cert 13102,Indiana,inv=Low Satisfactory svc=-,,,CRA Officer (unnamed),https://lakecitybank.com/cra,DOMAIN VERIFIED,www.lakecitybank.com,"202 E Center St, Warsaw Indiana 46580 · 58 offices · AA NOT READ — verify before any ask"
2 PRESSURE UNIVERSE,3,Popular Bank,bank,cert 34967,New York,inv=Low Satisfactory svc=-,,,CRA Officer (unnamed),https://popularbank.com/cra,DOMAIN VERIFIED,www.popularbank.com,"85 Broad St, New York New York 10004 · 36 offices · AA NOT READ — verify before any ask"
2 PRESSURE UNIVERSE,3,Primis Bank,bank,cert 57968,Virginia,inv=Low Satisfactory svc=Low Satisfactory,,,CRA Officer (unnamed),https://primisbank.com/cra,DOMAIN VERIFIED,www.primisbank.com,"1665 Tappahannock Blvd, Tappahannock Virginia 22560 · 28 offices · AA NOT READ — verify before any ask"
2 PRESSURE UNIVERSE,3,BankNewport,bank,cert 18129,Rhode Island,inv=Low Satisfactory svc=-,,,CRA Officer (unnamed),https://banknewport.com/cra,DOMAIN VERIFIED,www.banknewport.com,"184 John Clarke Rd, Middletown Rhode Island 02842 · 20 offices · AA NOT READ — verify before any ask"
2 PRESSURE UNIVERSE,3,First Citizens Community Bank,bank,cert 7593,Pennsylvania,inv=Low Satisfactory svc=-,,,CRA Officer (unnamed),https://firstcitizensbank.com/cra,DOMAIN VERIFIED,www.firstcitizensbank.com,"15 S Main St, Mansfield Pennsylvania 16933 · 44 offices · AA NOT READ — verify before any ask"
2 PRESSURE UNIVERSE,3,First PREMIER Bank,bank,cert 6085,South Dakota,inv=Low Satisfactory svc=-,,,CRA Officer (unnamed),https://firstpremier.com/cra,DOMAIN VERIFIED,www.firstpremier.com,"500 S Minnesota Ave, Sioux Falls South Dakota 57104 · 13 offices · AA NOT READ — verify before any ask"
2 PRESSURE UNIVERSE,3,Midwest BankCentre,bank,cert 1058,Missouri,inv=Low Satisfactory svc=-,,,CRA Officer (unnamed),https://midwestbankcentre.com/cra,DOMAIN VERIFIED,www.midwestbankcentre.com,"2191 Lemay Ferry Rd, Lemay Missouri 63125 · 18 offices · AA NOT READ — verify before any ask"
2 PRESSURE UNIVERSE,3,Equity Bank,bank,cert 25858,Kansas,inv=Low Satisfactory svc=Low Satisfactory,,,CRA Officer (unnamed),https://equitybank.com/cra,DOMAIN VERIFIED,www.equitybank.com,"345 N Andover Rd, Andover Kansas 67002 · 83 offices · AA NOT READ — verify before any ask"
2 PRESSURE UNIVERSE,3,First Farmers Bank & Trust Co.,bank,cert 12839,Indiana,inv=Low Satisfactory svc=-,,,CRA Officer (unnamed),https://ffbt.com/cra,DOMAIN VERIFIED,www.ffbt.com,"123 N Jefferson St, Converse Indiana 46919 · 37 offices · AA NOT READ — verify before any ask"
2 PRESSURE UNIVERSE,3,Orrstown Bank,bank,cert 713,Pennsylvania,inv=Low Satisfactory svc=Low Satisfactory,,,CRA Officer (unnamed),https://orrstown.com/cra,DOMAIN VERIFIED,www.orrstown.com,"4750 Lindle Rd, Harrisburg Pennsylvania 17111 · 43 offices · AA NOT READ — verify before any ask"
2 PRESSURE UNIVERSE,3,SmartBank,bank,cert 58463,Tennessee,inv=Low Satisfactory svc=Low Satisfactory,,,CRA Officer (unnamed),https://smartbank.com/cra,DOMAIN VERIFIED,http://www.smartbank.com,"2430 Teaster Ln, Pigeon Forge Tennessee 37863 · 43 offices · AA NOT READ — verify before any ask"
2 PRESSURE UNIVERSE,3,Beacon Bank and Trust,bank,cert 17798,Massachusetts,inv=Low Satisfactory svc=Low Satisfactory,,,CRA Officer (unnamed),https://beaconbank.com/cra,DOMAIN VERIFIED,www.beaconbank.com,"131 Clarendon St, Boston Massachusetts 02116 · 151 offices · AA NOT READ — verify before any ask"
2 PRESSURE UNIVERSE,3,American Bank,bank,cert 34422,Pennsylvania,inv=Low Satisfactory svc=Low Satisfactory,,,CRA Officer (unnamed),https://ambk.com/cra,DOMAIN VERIFIED,www.ambk.com,"4029 W Tilghman St, Allentown Pennsylvania 18104 · 1 offices · AA NOT READ — verify before any ask"
2 PRESSURE UNIVERSE,3,Farmers Bank & Trust Company,bank,cert 1291,Arkansas,inv=Low Satisfactory svc=Low Satisfactory,,,CRA Officer (unnamed),https://myfarmers.bank/cra,DOMAIN VERIFIED,www.myfarmers.bank,"200 E Main St, Magnolia Arkansas 71753 · 38 offices · AA NOT READ — verify before any ask"
2 PRESSURE UNIVERSE,3,HomeTrust Bank,bank,cert 27677,North Carolina,inv=Low Satisfactory svc=Low Satisfactory,,,CRA Officer (unnamed),https://htb.com/cra,DOMAIN VERIFIED,www.htb.com,"10 Woodfin St, Asheville North Carolina 28801 · 33 offices · AA NOT READ — verify before any ask"
2 PRESSURE UNIVERSE,3,South Shore Bank,bank,cert 90303,Massachusetts,inv=Low Satisfactory svc=-,,,CRA Officer (unnamed),https://southshorebank.com/cra,DOMAIN VERIFIED,www.southshorebank.com,"1530 Main St, South Weymouth Massachusetts 02190 · 13 offices · AA NOT READ — verify before any ask"
2 PRESSURE UNIVERSE,3,Mascoma Bank,bank,cert 18013,New Hampshire,inv=- svc=Low Satisfactory,,,CRA Officer (unnamed),https://mascoma.bank/cra,DOMAIN VERIFIED,www.mascoma.bank,"67 N Park St, Lebanon New Hampshire 03766 · 26 offices · AA NOT READ — verify before any ask"
2 PRESSURE UNIVERSE,3,Regions Bank,bank,cert 12368,Alabama,inv=- svc=Low Satisfactory,,,CRA Officer (unnamed),https://regions.com/cra,DOMAIN VERIFIED,http://www.regions.com,"1900 5th Ave N, Birmingham Alabama 35203 · 1259 offices · AA NOT READ — verify before any ask"
2 PRESSURE UNIVERSE,3,Simmons Bank,bank,cert 3890,Arkansas,inv=- svc=Low Satisfactory,,,CRA Officer (unnamed),https://simmonsbank.com/cra,DOMAIN VERIFIED,www.simmonsbank.com,"501 S Main St, Pine Bluff Arkansas 71601 · 229 offices · AA NOT READ — verify before any ask"
2 PRESSURE UNIVERSE,3,Cornerstone Bank,bank,cert 5496,Nebraska,inv=- svc=Low Satisfactory,,,CRA Officer (unnamed),https://cornerstoneconnect.com/cra,DOMAIN VERIFIED,www.cornerstoneconnect.com,"529 N Lincoln Ave, York Nebraska 68467 · 50 offices · AA NOT READ — verify before any ask"
2 PRESSURE UNIVERSE,3,First Bank,bank,cert 12229,Missouri,inv=- svc=Low Satisfactory,,,CRA Officer (unnamed),https://WWW.FIRST.BANK/cra,DOMAIN VERIFIED,WWW.FIRST.BANK,"11901 Olive Boulevard, St. Louis Missouri 63141 · 76 offices · AA NOT READ — verify before any ask"
2 PRESSURE UNIVERSE,3,First Community Bank,bank,cert 13012,Virginia,inv=- svc=Low Satisfactory,,,CRA Officer (unnamed),https://firstcommunitybank.com/cra,DOMAIN VERIFIED,www.firstcommunitybank.com,"29 College Dr, Bluefield Virginia 24605 · 67 offices · AA NOT READ — verify before any ask"
2 PRESSURE UNIVERSE,3,Centennial Bank,bank,cert 11241,Arkansas,inv=- svc=Low Satisfactory,,,CRA Officer (unnamed),https://my100bank.com/cra,DOMAIN VERIFIED,http://www.my100bank.com,"620 Chestnut St, Conway Arkansas 72032 · 243 offices · AA NOT READ — verify before any ask"
2 PRESSURE UNIVERSE,3,Civista Bank,bank,cert 12982,Ohio,inv=- svc=Low Satisfactory,,,CRA Officer (unnamed),https://civista.bank/cra,DOMAIN VERIFIED,www.civista.bank,"100 E Water St, Sandusky Ohio 44870 · 42 offices · AA NOT READ — verify before any ask"
2 PRESSURE UNIVERSE,3,Univest  Bank and Trust Co.,bank,cert 7759,Pennsylvania,inv=- svc=Low Satisfactory,,,CRA Officer (unnamed),https://univest.net/cra,DOMAIN VERIFIED,http://www.univest.net,"790 Route 113, Souderton Pennsylvania 18964 · 51 offices · AA NOT READ — verify before any ask"
2 PRESSURE UNIVERSE,3,Independence Bank of Kentucky,bank,cert 8136,Kentucky,inv=- svc=Low Satisfactory,,,CRA Officer (unnamed),https://1776bank.com/cra,DOMAIN VERIFIED,www.1776bank.com,"2425 Frederica St, Owensboro Kentucky 42301 · 26 offices · AA NOT READ — verify before any ask"
2 PRESSURE UNIVERSE,3,NBH Bank,bank,cert 59052,Colorado,inv=- svc=Low Satisfactory,,,CRA Officer (unnamed),https://nbhbank.com/cra,DOMAIN VERIFIED,www.nbhbank.com,"7800 E Orchard Rd, Greenwood Village Colorado 80111 · 97 offices · AA NOT READ — verify before any ask"
2 PRESSURE UNIVERSE,3,Peapack Private Bank & Trust,bank,cert 11035,New Jersey,inv=- svc=Low Satisfactory,,,CRA Officer (unnamed),https://peapackprivate.com/cra,DOMAIN VERIFIED,www.peapackprivate.com,"500 Hills Drive Suite 300, Bedminster New Jersey 07921 · 19 offices · AA NOT READ — verify before any ask"
2 PRESSURE UNIVERSE,3,PlainsCapital Bank,bank,cert 17491,Texas,inv=- svc=Low Satisfactory,,,CRA Officer (unnamed),https://plainscapital.com/cra,DOMAIN VERIFIED,www.plainscapital.com,"6565 Hillcrest Ave, University Park Texas 75205 · 57 offices · AA NOT READ — verify before any ask"
2 PRESSURE UNIVERSE,3,Needham Bank,bank,cert 26483,Massachusetts,inv=- svc=Low Satisfactory,,,CRA Officer (unnamed),https://needhambank.com/cra,DOMAIN VERIFIED,www.needhambank.com,"1063 Great Plain Ave, Needham Massachusetts 02492 · 21 offices · AA NOT READ — verify before any ask"
3 MA MORTGAGE LENDER,3,"Rocket Mortgage, LLC",mortgage lender,MA MLCI,MA,MA service test=not scanned,,,Corporate — ask for community reinvestment,(888) 452-8179 · Assist@RocketMortgage.com,MAIN LINE,https://www.mass.gov/doc/rocket-mortgage-llc-mlci-performance-evaluation/download,"1050 Woodward Ave, Detroit MI 48226. MA evaluations run under M.G.L. c.255E §8. | HQ Detroit, MI · MA rating HS (2025) · 5027 MA originations 2024"
3 MA MORTGAGE LENDER,3,"Guaranteed Rate, Inc.",mortgage lender,MA MLCI,MA,MA service test=Satisfactory,,,CRA / community lending contact,,NOT RESEARCHED,https://www.mass.gov/doc/guaranteed-rate-inc-mlci-performance-evaluation/download,"HQ Chicago, IL · MA rating S (2021) · 4444 MA originations 2024"
3 MA MORTGAGE LENDER,3,"United Shore Financial Services, LLC d/b/a United Wholesale Mortgage",mortgage lender,MA MLCI,MA,MA service test=not scanned,,,CRA / community lending contact,,NOT RESEARCHED,https://www.mass.gov/doc/united-wholesale-mortgage-llc-mlci-performance-evaluation/download,"HQ Pontiac, MI · MA rating S (2024) · 3842 MA originations 2024"
3 MA MORTGAGE LENDER,3,"CrossCountry Mortgage, LLC",mortgage lender,MA MLCI,MA,MA service test=not scanned,,,CRA / community lending contact,,NOT RESEARCHED,https://www.mass.gov/doc/crosscountry-mortgage-llc-mlci-performance-evaluation/download,"HQ Cleveland, OH · MA rating HS (2025) · 3233 MA originations 2024"
3 MA MORTGAGE LENDER,3,Guild Mortgage Company LLC,mortgage lender,MA MLCI,MA,MA service test=High Satisfactory,,,CRA / community lending contact,,NOT RESEARCHED,https://www.mass.gov/doc/guild-mortgage-company-llc-mlci-performance-evaluation/download,"HQ San Diego, CA · MA rating HS (2024) · 2301 MA originations 2024"
3 MA MORTGAGE LENDER,3,Fairway Independent Mortgage Corporation,mortgage lender,MA MLCI,MA,MA service test=not scanned,,,CRA / community lending contact,,NOT RESEARCHED,https://www.mass.gov/doc/fairway-independent-mortgage-corporation-mlci-public-evaluation-0/download,"HQ Madison, WI · MA rating S (2019) · 2100 MA originations 2024"
3 MA MORTGAGE LENDER,3,"Total Mortgage Services, LLC",mortgage lender,MA MLCI,MA,MA service test=not scanned,,,CRA / community lending contact,,NOT RESEARCHED,https://www.mass.gov/doc/total-mortgage-services-mlci-public-evaluation/download,"HQ Milford, CT · MA rating S (2014) · 1327 MA originations 2024"
3 MA MORTGAGE LENDER,3,Freedom Mortgage Corporation,mortgage lender,MA MLCI,MA,MA service test=Satisfactory,,,CRA / community lending contact,,NOT RESEARCHED,https://www.mass.gov/doc/freedom-mortgage-corporation-mlci-performance-evaluation-0/download,"HQ Boca Raton, FL · MA rating S (2026) · 740 MA originations 2024"
3 MA MORTGAGE LENDER,3,"Guaranteed Rate Affinity, LLC",mortgage lender,MA MLCI,MA,MA service test=Satisfactory,,,CRA / community lending contact,,NOT RESEARCHED,https://www.mass.gov/doc/guaranteed-rate-affinity-llc-mlci-performance-evaluation/download,"HQ Chicago, IL · MA rating S (2021) · 664 MA originations 2024"
3 MA MORTGAGE LENDER,3,"Radius Financial Group, Inc.",mortgage lender,MA MLCI,MA,MA service test=not scanned,,,CRA / community lending contact,,NOT RESEARCHED,https://www.mass.gov/doc/radius-financial-group-inc-mlci-performance-evaluation-0/download,"HQ Norwell, MA · MA rating HS (2026) · 594 MA originations 2024"
3 MA MORTGAGE LENDER,3,"MSA Mortgage, LLC",mortgage lender,MA MLCI,MA,MA service test=not scanned,,,CRA / community lending contact,,NOT RESEARCHED,https://www.mass.gov/doc/msa-mortgage-llc-mlci-performance-evaluation/download,"HQ Winthrop, MA · MA rating S (2025) · 539 MA originations 2024"
3 MA MORTGAGE LENDER,3,"Mutual of Omaha Mortgage, Inc.",mortgage lender,MA MLCI,MA,MA service test=not scanned,,,CRA / community lending contact,,NOT RESEARCHED,https://www.mass.gov/doc/mutual-of-omaha-mortgage-inc-mlci-performance-evaluation/download,"HQ San Diego, CA · MA rating S (2025) · 510 MA originations 2024"
3 MA MORTGAGE LENDER,3,"Mortgage Research Center, LLC",mortgage lender,MA MLCI,MA,MA service test=Satisfactory,,,CRA / community lending contact,,NOT RESEARCHED,https://www.mass.gov/doc/mortgage-research-center-llc-mlci-performance-evaluation/download,"HQ Columbia, MO · MA rating S (2025) · 492 MA originations 2024"
3 MA MORTGAGE LENDER,3,"Mortgage Equity Partners, LLC",mortgage lender,MA MLCI,MA,MA service test=Satisfactory,,,CRA / community lending contact,,NOT RESEARCHED,https://www.mass.gov/doc/mortgage-equity-partners-llc-mlci-performance-evaluation/download,"HQ Lynnfield, MA · MA rating S (2022) · 431 MA originations 2024"
3 MA MORTGAGE LENDER,3,Washington Trust Mortgage Company LLC,mortgage lender,MA MLCI,MA,MA service test=not scanned,,,CRA / community lending contact,,NOT RESEARCHED,https://www.mass.gov/doc/washington-trust-mortgage-company-llc-mlci-performance-evaluation/download,"HQ Westerly, RI · MA rating S (2025) · 403 MA originations 2024"
3 MA MORTGAGE LENDER,3,"Northpoint Mortgage, Inc.",mortgage lender,MA MLCI,MA,MA service test=not scanned,,,CRA / community lending contact,,NOT RESEARCHED,https://www.mass.gov/doc/northpoint-mortgage-inc-mlci-performance-evaluation/download,"HQ Sturbridge, MA · MA rating S (2021) · 316 MA originations 2024"
3 MA MORTGAGE LENDER,3,"Lakeview Loan Servicing, LLC",mortgage lender,MA MLCI,MA,MA service test=not scanned,,,CRA / community lending contact,,NOT RESEARCHED,https://www.mass.gov/doc/lakeview-loan-servicing-mlci-performance-evaluation/download,"HQ Coral Gables, FL · MA rating S (2025) · 257 MA originations 2024"
3 MA MORTGAGE LENDER,3,Bay Equity LLC,mortgage lender,MA MLCI,MA,MA service test=High Satisfactory,,,CRA / community lending contact,,NOT RESEARCHED,https://www.mass.gov/doc/bay-equity-llc-mlci-performance-evaluation/download,"HQ Corte Madera, CA · MA rating S (2024) · 249 MA originations 2024"
3 MA MORTGAGE LENDER,3,"PrimeLending, a PlainsCapital Company",mortgage lender,MA MLCI,MA,MA service test=High Satisfactory,,,CRA / community lending contact,,NOT RESEARCHED,https://www.mass.gov/doc/primelending-a-plainscapital-company-mlci-performance-evaluation/download,"HQ Dallas, TX · MA rating HS (2024) · 246 MA originations 2024"
3 MA MORTGAGE LENDER,3,"NFM, Inc.",mortgage lender,MA MLCI,MA,MA service test=not scanned,,,CRA / community lending contact,,NOT RESEARCHED,https://www.mass.gov/doc/nfm-inc-mlci-performance-evaluation/download,"HQ Linthicum, MD · MA rating S (2022) · 226 MA originations 2024"
3 MA MORTGAGE LENDER,3,"Norwich Commercial Group, Inc.",mortgage lender,MA MLCI,MA,MA service test=not scanned,,,CRA / community lending contact,,NOT RESEARCHED,https://www.mass.gov/doc/norwich-commercial-group-inc-mlci-performance-evaluation/download,"HQ Avon, CT · MA rating HS (2023) · 209 MA originations 2024"
3 MA MORTGAGE LENDER,3,First Home Mortgage Corporation,mortgage lender,MA MLCI,MA,MA service test=not scanned,,,CRA / community lending contact,,NOT RESEARCHED,https://www.mass.gov/doc/first-home-mortgage-corporation/download,"HQ Baltimore, MD · MA rating S (2015) · 206 MA originations 2024"
3 MA MORTGAGE LENDER,3,"Embrace Home Loans, Inc.",mortgage lender,MA MLCI,MA,MA service test=not scanned,,,CRA / community lending contact,,NOT RESEARCHED,https://www.mass.gov/doc/embrace-home-loans-inc-mlci-performance-evaluation/download,"HQ Middletown, RI · MA rating S (2024) · 201 MA originations 2024"
3 MA MORTGAGE LENDER,3,"Drew Mortgage Associates, Inc.",mortgage lender,MA MLCI,MA,MA service test=not scanned,,,CRA / community lending contact,,NOT RESEARCHED,https://www.mass.gov/doc/drew-mortgage-associates-inc-mlci-performance-evaluation/download,"HQ Shrewsbury, MA · MA rating S (2025) · 171 MA originations 2024"
3 MA MORTGAGE LENDER,3,"HomeBridge Financial Services, Inc.",mortgage lender,MA MLCI,MA,MA service test=not scanned,,,CRA / community lending contact,,NOT RESEARCHED,https://www.mass.gov/doc/homebridge-financial-services-inc-mlci-performance-evaluation/download,"HQ Iselin, NJ · MA rating S (2021) · 163 MA originations 2024"
3 MA MORTGAGE LENDER,3,Homestead Funding Corp.,mortgage lender,MA MLCI,MA,MA service test=not scanned,,,CRA / community lending contact,,NOT RESEARCHED,https://www.mass.gov/doc/homestead-funding-corp-mlci-performance-evaluation/download,"HQ Albany, NY · MA rating S (2023) · 163 MA originations 2024"
3 MA MORTGAGE LENDER,3,"Longbridge Financial, LLC",mortgage lender,MA MLCI,MA,MA service test=not scanned,,,CRA / community lending contact,,NOT RESEARCHED,https://www.mass.gov/doc/longbridge-financial-llc-mlci-performance-evaluation/download,"HQ Mahwah, NJ · MA rating S (2022) · 162 MA originations 2024"
3 MA MORTGAGE LENDER,3,"Member Advantage Mortgage, LLC",mortgage lender,MA MLCI,MA,MA service test=not scanned,,,CRA / community lending contact,,NOT RESEARCHED,https://www.mass.gov/doc/member-advantage-mortgage-llc-mlci-public-evaluation-0/download,"HQ Grand Rapids, MI · MA rating S (2019) · 139 MA originations 2024"
3 MA MORTGAGE LENDER,3,"Plaza Home Mortgage, Inc.",mortgage lender,MA MLCI,MA,MA service test=not scanned,,,CRA / community lending contact,,NOT RESEARCHED,https://www.mass.gov/doc/plaza-home-mortgage-inc-mlci-performance-evaluation/download,"HQ San Diego, CA · MA rating S (2021) · 135 MA originations 2024"
3 MA MORTGAGE LENDER,3,"Ark-La-Tex Financial Services, LLC",mortgage lender,MA MLCI,MA,MA service test=not scanned,,,CRA / community lending contact,,NOT RESEARCHED,https://www.mass.gov/doc/ark-la-tex-financial-services-llc-mlci-public-evaluation/download,"HQ Plano, TX · MA rating S (2015) · 125 MA originations 2024"
3 MA MORTGAGE LENDER,3,"Cardinal Financial Company, Limited Partnership",mortgage lender,MA MLCI,MA,MA service test=not scanned,,,CRA / community lending contact,,NOT RESEARCHED,https://www.mass.gov/doc/cardinal-financial-company-limited-partnership-mlci-performance-evaluation/download,"HQ Charlotte, NC · MA rating S (2024) · 124 MA originations 2024"
3 MA MORTGAGE LENDER,3,"Pulte Mortgage, LLC",mortgage lender,MA MLCI,MA,MA service test=not scanned,,,CRA / community lending contact,,NOT RESEARCHED,https://www.mass.gov/doc/pulte-mortgage-llc-mlci-performance-evaluation/download,"HQ Englewood, CO · MA rating S (2023) · 124 MA originations 2024"
3 MA MORTGAGE LENDER,3,PHH Mortgage Corporation,mortgage lender,MA MLCI,MA,MA service test=not scanned,,,CRA / community lending contact,,NOT RESEARCHED,https://www.mass.gov/doc/phh-mortgage-corporation-mlci-performance-evaluation/download,"HQ Mount Laurel, NJ · MA rating S (2023) · 118 MA originations 2024"
3 MA MORTGAGE LENDER,3,"Members Mortgage Company, Inc.",mortgage lender,MA MLCI,MA,MA service test=not scanned,,,CRA / community lending contact,,NOT RESEARCHED,https://www.mass.gov/doc/members-mortgage-company-inc-mlci-performance-evaluation/download,"HQ Stoneham, MA · MA rating S (2021) · 96 MA originations 2024"
3 MA MORTGAGE LENDER,3,"Ross Mortgage Company, Inc.",mortgage lender,MA MLCI,MA,MA service test=not scanned,,,CRA / community lending contact,,NOT RESEARCHED,https://www.mass.gov/doc/ross-mortgage-company-inc-mlci-performance-evaluation/download,"HQ Westborough, MA · MA rating S (2025) · 85 MA originations 2024"
3 MA MORTGAGE LENDER,3,"Province Mortgage Associates, Inc.",mortgage lender,MA MLCI,MA,MA service test=not scanned,,,CRA / community lending contact,,NOT RESEARCHED,https://www.mass.gov/doc/province-mortgage-associates-inc-mlci-performance-evaluation-0/download,"HQ East Providence, RI · MA rating S (2025) · 79 MA originations 2024"
3 MA MORTGAGE LENDER,3,AmWest Funding Corp.,mortgage lender,MA MLCI,MA,MA service test=not scanned,,,CRA / community lending contact,,NOT RESEARCHED,https://www.mass.gov/doc/amwest-funding-corp-mlci-performance-evaluation/download,"HQ Brea, CA · MA rating S (2026) · 77 MA originations 2024"
3 MA MORTGAGE LENDER,3,"Geneva Financial, LLC",mortgage lender,MA MLCI,MA,MA service test=not scanned,,,CRA / community lending contact,,NOT RESEARCHED,https://www.mass.gov/doc/geneva-financial-llc-mlci-performance-evaluation/download,"HQ Chandler, AZ · MA rating S (2025) · 69 MA originations 2024"
3 MA MORTGAGE LENDER,3,"Equity Resources, Inc.",mortgage lender,MA MLCI,MA,MA service test=not scanned,,,CRA / community lending contact,,NOT RESEARCHED,https://www.mass.gov/doc/equity-resources-inc-mlci-performance-evaluation/download,"HQ Newark, OH · MA rating S (2024) · 60 MA originations 2024"
3 MA MORTGAGE LENDER,3,Republic State Mortgage Co.,mortgage lender,MA MLCI,MA,MA service test=not scanned,,,CRA / community lending contact,,NOT RESEARCHED,https://www.mass.gov/doc/republic-state-mortgage-co-mlci-performance-evaluation-0/download,"HQ Houston, TX · MA rating S (2024) · 57 MA originations 2024"
3 MA MORTGAGE LENDER,3,"American Financial Resources, Inc.",mortgage lender,MA MLCI,MA,MA service test=not scanned,,,CRA / community lending contact,,NOT RESEARCHED,https://www.mass.gov/doc/american-financial-resources-mlci-public-evaluation/download,"HQ Parsippany, NJ · MA rating S (2016) · 0 MA originations 2024"
3 MA MORTGAGE LENDER,3,American Financing Corporation,mortgage lender,MA MLCI,MA,MA service test=not scanned,,,CRA / community lending contact,,NOT RESEARCHED,https://www.mass.gov/doc/american-financing-corporation-mlci-performance-evaluation/download,"HQ Aurora, CO · MA rating S (2024) · 0 MA originations 2024"
3 MA MORTGAGE LENDER,3,"American Nationwide Mortgage Company, Inc.",mortgage lender,MA MLCI,MA,MA service test=not scanned,,,CRA / community lending contact,,NOT RESEARCHED,https://www.mass.gov/doc/american-nationwide-mortgage-company-inc-mlci-performance-evaluation/download,"HQ Tampa, FL · MA rating S (2020) · 0 MA originations 2024"
3 MA MORTGAGE LENDER,3,"Conway Financial Services, LLC",mortgage lender,MA MLCI,MA,MA service test=not scanned,,,CRA / community lending contact,,NOT RESEARCHED,https://www.mass.gov/doc/conway-financial-services-llc-mlci-public-evaluation/download,"HQ Norwell, MA · MA rating S (2019) · 0 MA originations 2024"
3 MA MORTGAGE LENDER,3,Draper and Kramer Mortgage Corp.,mortgage lender,MA MLCI,MA,MA service test=not scanned,,,CRA / community lending contact,,NOT RESEARCHED,https://www.mass.gov/doc/draper-and-kramer-mortgage-corp-mlci-performance-evaluation/download,"HQ Downers Grove, IL · MA rating S (2021) · 0 MA originations 2024"
3 MA MORTGAGE LENDER,3,"Equity Prime Mortgage, LLC",mortgage lender,MA MLCI,MA,MA service test=not scanned,,,CRA / community lending contact,,NOT RESEARCHED,https://www.mass.gov/doc/equity-prime-mortgage-llc-mlci-public-evaluation/download,"HQ Atlanta, GA · MA rating HS (2019) · 0 MA originations 2024"
3 MA MORTGAGE LENDER,3,"FBC Mortgage, LLC",mortgage lender,MA MLCI,MA,MA service test=not scanned,,,CRA / community lending contact,,NOT RESEARCHED,https://www.mass.gov/doc/fbc-mortgage-llc-mlci-performance-evaluation/download,"HQ Orlando, FL · MA rating NI (2022) · 0 MA originations 2024"
3 MA MORTGAGE LENDER,3,Home Point Financial Corporation,mortgage lender,MA MLCI,MA,MA service test=not scanned,,,CRA / community lending contact,,NOT RESEARCHED,https://www.mass.gov/doc/home-point-financial-corporation-mlci-performance-evaluation/download,"HQ Ann Arbor, MI · MA rating S (2022) · 0 MA originations 2024"
3 MA MORTGAGE LENDER,3,"J.G. Wentworth Home Lending, LLC",mortgage lender,MA MLCI,MA,MA service test=not scanned,,,CRA / community lending contact,,NOT RESEARCHED,https://www.mass.gov/doc/jg-wentworth-home-lending-llc-mlci-public-evaluation/download,"HQ Woodbridge, VA · MA rating S (2019) · 0 MA originations 2024"
3 MA MORTGAGE LENDER,3,"LendUS, LLC",mortgage lender,MA MLCI,MA,MA service test=not scanned,,,CRA / community lending contact,,NOT RESEARCHED,https://www.mass.gov/doc/lendus-llc-mlci-public-evaluation/download,"HQ Alamo, CA · MA rating S (2020) · 0 MA originations 2024"
3 MA MORTGAGE LENDER,3,Luxury Mortgage Corp.,mortgage lender,MA MLCI,MA,MA service test=not scanned,,,CRA / community lending contact,,NOT RESEARCHED,https://www.mass.gov/doc/luxury-mortgage-corp-mlci-performance-evaluation/download,"HQ Stamford, CT · MA rating S (2021) · 0 MA originations 2024"
3 MA MORTGAGE LENDER,3,Mid-Island Mortgage Corp.,mortgage lender,MA MLCI,MA,MA service test=not scanned,,,CRA / community lending contact,,NOT RESEARCHED,https://www.mass.gov/doc/mid-island-mortgage-corp-mlci-performance-evaluation/download,"HQ Westbury, NY · MA rating S (2021) · 0 MA originations 2024"
3 MA MORTGAGE LENDER,3,"MiLend, Inc.",mortgage lender,MA MLCI,MA,MA service test=not scanned,,,CRA / community lending contact,,NOT RESEARCHED,https://www.mass.gov/doc/milend-inc-cra-public-evaluation/download,"HQ Atlanta, GA · MA rating NI (2017) · 0 MA originations 2024"
3 MA MORTGAGE LENDER,3,"Monument Mortgage Company, Inc.",mortgage lender,MA MLCI,MA,MA service test=not scanned,,,CRA / community lending contact,,NOT RESEARCHED,https://www.mass.gov/doc/monument-mortgage-co-mlci-public-evaluation/download,"HQ Lexington, MA · MA rating S (2009) · 0 MA originations 2024"
3 MA MORTGAGE LENDER,3,"Mortgage Network, Inc.",mortgage lender,MA MLCI,MA,MA service test=not scanned,,,CRA / community lending contact,,NOT RESEARCHED,https://www.mass.gov/doc/mortgage-network-inc-mlci-performance-evaluation/download,"HQ Danvers, MA · MA rating S (2021) · 0 MA originations 2024"
3 MA MORTGAGE LENDER,3,"New American Funding, LLC",mortgage lender,MA MLCI,MA,MA service test=not scanned,,,CRA / community lending contact,,NOT RESEARCHED,https://www.mass.gov/doc/new-american-funding-llc-mlci-performance-evaluation/download,"HQ Santa Ana, CA · MA rating S (2026) · 0 MA originations 2024"
3 MA MORTGAGE LENDER,3,"Poli Mortgage Group, Inc.",mortgage lender,MA MLCI,MA,MA service test=not scanned,,,CRA / community lending contact,,NOT RESEARCHED,https://www.mass.gov/doc/poli-mortgage-group-inc-mlci-performance-evaluation/download,"HQ Norwood, MA · MA rating NI (2023) · 0 MA originations 2024"
3 MA MORTGAGE LENDER,3,Shamrock Financial Corporation,mortgage lender,MA MLCI,MA,MA service test=not scanned,,,CRA / community lending contact,,NOT RESEARCHED,https://www.mass.gov/doc/shamrock-home-loans-inc-mlci-performance-evaluation/download,"HQ East Providence, RI · MA rating S (2021) · 0 MA originations 2024"
3 MA MORTGAGE LENDER,3,"Top Flite Financial, Inc.",mortgage lender,MA MLCI,MA,MA service test=not scanned,,,CRA / community lending contact,,NOT RESEARCHED,https://www.mass.gov/doc/top-flite-financial-inc-mlci-performance-evaluation/download,"HQ Williamston, MI · MA rating S (2025) · 0 MA originations 2024"
3 MA MORTGAGE LENDER,3,Toll Brothers Mortgage Company,mortgage lender,MA MLCI,MA,MA service test=not scanned,,,CRA / community lending contact,,NOT RESEARCHED,https://www.mass.gov/doc/toll-brothers-mortgage-company-mlci-performance-evaluation/download,"HQ Fort Washington, PA · MA rating NI (2023) · 0 MA originations 2024"
3 MA MORTGAGE LENDER,3,"Zillow Home Loans, LLC",mortgage lender,MA MLCI,MA,MA service test=not scanned,,,CRA / community lending contact,,NOT RESEARCHED,https://www.mass.gov/doc/mortgage-lenders-of-america-llc-mlci-public-evaluation/download,"HQ Overland Park, KS · MA rating S (2013) · 0 MA originations 2024"
1 LOADED TARGET,4,Five Star Bank,bank,cert 35361,CA,inv=High Satisfactory svc=Low Satisfactory,,,NOT RESEARCHED,,NONE,https://crapes.fdic.gov/publish/2024/35361_240722.PDF,"UNSIZED — the PE gives no per-assessment-area donation figure, so there is no defensible ask yet. Do not contact until that is resolved. unsized — no ask to make yet"
1 LOADED TARGET,4,Bank of Marin,bank,cert 32779,CA,inv=Low Satisfactory svc=Low Satisfactory,,,NOT RESEARCHED,,NONE,https://crapes.fdic.gov/publish/2023/32779_231106.PDF,"UNSIZED — the PE gives no per-assessment-area donation figure, so there is no defensible ask yet. Do not contact until that is resolved. unsized — no ask to make yet"
