cert,name,holding_co,regulator,state,assets_k,offices,investment,service,active,website,cra_page_try,hq,cra_email,main_phone,source_page,harvest_status
31469,Oriental Bank,OFG BCORP,FDIC,Puerto Rico,9709667,45,Low Satisfactory,Low Satisfactory,1,http://www.orientalbank.com,https://orientalbank.com/cra,"254 Munoz Rivera, San Juan Puerto Rico 00918",,,,URLError
622,Amalgamated Bank,WORKERS UNITED,FDIC,New York,8006087,6,High Satisfactory,Low Satisfactory,1,http://AMALGAMATEDBANK.COM,https://AMALGAMATEDBANK.COM/cra,"275 7th Ave, New York New York 10001",,(800) 662-0860,https://AMALGAMATEDBANK.COM,HTTPError
27476,BancFirst,BANCFIRST CORP,FDIC+FED,Oklahoma,9485506,119,High Satisfactory,Low Satisfactory,1,www.bancfirst.bank,https://bancfirst.bank/cra,"100 N Broadway Ave, Oklahoma City Oklahoma 73102",,(405) 372-3059,https://www.bancfirst.bank,HTTPError
13421,Union Bank and Trust Company,FARMERS&MERCHANTS INV INC,FDIC,Nebraska,8799880,37,Low Satisfactory,Outstanding,1,www.ubt.com,https://ubt.com/cra,"3643 S 48th St, Lincoln Nebraska 68506",,(800) 297-2837,https://www.ubt.com,HTTPError
16835,Prosperity Bank,PROSPERITY BANCSHARES INC,FDIC,Texas,38274790,406,High Satisfactory,Low Satisfactory,1,www.prosperitybankusa.com,https://prosperitybankusa.com/cra,"1301 N Mechanic St, El Campo Texas 77437",,,,HTTPError
26610,Bank of Hope,HOPE BCORP INC,FDIC,California,18082905,78,High Satisfactory,Low Satisfactory,1,www.bankofhope.com,https://bankofhope.com/cra,"3200 Wilshire Blvd, Los Angeles California 90010",,(855) 325-2226,https://www.bankofhope.com,HTTPError
24170,Hanmi Bank,HANMI FINANCIAL CORP,FDIC,California,7407990,34,Low Satisfactory,High Satisfactory,1,www.hanmi.com,https://hanmi.com/cra,"3660 Wilshire Blvd Ste Ph-A, Los Angeles California 90010",,(855) 773-8778,https://www.hanmi.com,ok
34697,WEX Bank,,FDIC,Utah,7597943,1,Low Satisfactory,Low Satisfactory,1,www.wexinc.com,https://wexinc.com/cra,"111 E Sego Lily Dr, Sandy Utah 84070",,(842) 672-1226,https://www.wexinc.com,HTTPError
29012,Heritage Bank,HERITAGE FINANCIAL CORP,FDIC,Washington,7233406,68,High Satisfactory,Low Satisfactory,1,www.heritagebanknw.com,https://heritagebanknw.com/cra,"201 5th Ave Sw, Olympia Washington 98501",,(800) 455-6126,https://www.heritagebanknw.com,HTTPError
16980,Bank of Colorado,PINNACLE BCORP INC,FDIC,Colorado,7572545,60,Low Satisfactory,High Satisfactory,1,www.bankofcolorado.com,https://bankofcolorado.com/cra,"1609 E Harmony Rd, Fort Collins Colorado 80525",,,,HTTPError
17393,German American Bank,GERMAN AMERICAN BCORP INC,FDIC,Indiana,6144423,96,Low Satisfactory,Low Satisfactory,1,www.germanamerican.com,https://germanamerican.com/cra,"711 Main St, Jasper Indiana 47546",,,,HTTPError
24156,Ocean Bank,OCEAN BANKSHARES INC,FDIC,Florida,5986172,25,Low Satisfactory,Low Satisfactory,1,www.oceanbank.com,https://oceanbank.com/cra,"780 Nw 42nd Ave, Miami Florida 33126",,(305) 569-5000,https://www.oceanbank.com,HTTPError
58228,b1BANK,BUSINESS FIRST BANCSHARES INC,FDIC,Louisiana,5531431,63,Low Satisfactory,Low Satisfactory,1,www.b1bank.com,https://b1bank.com/cra,"500 Laurel St, Baton Rouge Louisiana 70801",,(877) 614-7600,https://www.b1bank.com,HTTPError
29546,Great Southern Bank,GREAT SOUTHERN BCORP INC,FDIC,Missouri,5723662,108,High Satisfactory,Low Satisfactory,1,www.greatsouthernbank.com,https://greatsouthernbank.com/cra,"14309 State Highway 13, Reeds Spring Missouri 65737",,,,HTTPError
57919,ConnectOne Bank,CONNECTONE BCORP INC,FDIC,New Jersey,14013611,57,Outstanding,Low Satisfactory,1,www.connectonebank.com,https://connectonebank.com/cra,"301 Sylvan Ave, Englewood Cliffs New Jersey 07632",,(844) 266-2548,https://www.connectonebank.com,HTTPError
5903,BankPlus,BANCPLUS CORP,FDIC,Mississippi,7790270,74,Outstanding,Low Satisfactory,1,http://www.bankplus.net,https://bankplus.net/cra,"202 E Jackson St, Belzoni Mississippi 39038",,(888) 111-7587,https://www.bankplus.net,HTTPError
34294,CFG Bank,CAPITAL FUNDING BCORP INC,FDIC,Maryland,5027779,3,High Satisfactory,Low Satisfactory,1,www.cfg.bank,https://cfg.bank/cra,"11 W Ridgely Rd, Lutherville Maryland 21093",,(410) 823-0500,https://www.cfg.bank,HTTPError
10248,First International Bank & Trust,WATFORD CITY BANCSHARES INC,FDIC,North Dakota,4876751,28,Low Satisfactory,Low Satisfactory,1,www.fibt.com,https://fibt.com/cra,"100 N Main St, Watford City North Dakota 58854",,(800) 359-8092,https://www.fibt.com,HTTPError
19416,CTBC Bank Corp. (USA),CTBC FINANCIAL HOLDING CO LTD,FDIC,California,4816873,20,Substantial Non Complianc,Substantial Non Complianc,1,http://www.ctbcbankusa.com,https://ctbcbankusa.com/cra,"801 S Figueroa St, Los Angeles California 90017",,(793) 982-1793,https://www.ctbcbankusa.com,HTTPError
26647,Firstrust Savings Bank,,FDIC,Pennsylvania,5122806,18,Low Satisfactory,Low Satisfactory,1,www.firstrust.com,https://firstrust.com/cra,"15 E Ridge Pike, Conshohocken Pennsylvania 19428",,(800) 220-2265,https://www.firstrust.com,HTTPError
15359,Southern Bank and Trust Company,SOUTHERN BANCSHARES N C INC,FDIC,North Carolina,4758607,57,High Satisfactory,Low Satisfactory,1,www.southernbank.com,https://southernbank.com/cra,"100 N Center St, Mount Olive North Carolina 28365",,,,HTTPError
8879,Community Bank of Mississippi,COMMUNITY BANCSHARES MS EMPLOYEE STK OWNERSHIP PLAN,FDIC,Mississippi,4608467,57,Low Satisfactory,High Satisfactory,1,www.communitybank.net,https://communitybank.net/cra,"1905 Community Bank Way, Flowood Mississippi 39232",cra-cbom@communitybank.net,(866) 217-3305,https://www.communitybank.net/community-reinvestment-act,ok
20504,Ameris Bank,AMERIS BCORP,FDIC,Georgia,23591556,177,High Satisfactory,Low Satisfactory,1,http://www.amerisbank.com,https://amerisbank.com/cra,"3490 Piedmont Rd Ne, Atlanta Georgia 30305",,,,HTTPError
16068,Apple Bank,APPLE FINANCIAL HOLDINGS INC,FDIC,New York,16888361,79,Low Satisfactory,High Satisfactory,1,www.applebank.com,https://applebank.com/cra,"122 E 42nd St, New York New York 10168",,,,HTTPError
4360,Horizon Bank,HORIZON BCORP INC,FDIC,Indiana,7621571,79,Low Satisfactory,High Satisfactory,1,www.horizonbank.com,https://horizonbank.com/cra,"515 Franklin St, Michigan City Indiana 46360",,,,HTTPError
609,Tompkins Bank & Trust,TOMPKINS FINANCIAL CORP,FDIC,New York,7842153,59,Low Satisfactory,High Satisfactory,1,www.tompkinsbank.com,https://tompkinsbank.com/cra,"118 E Seneca St, Ithaca New York 14850",,(888) 273-3210,https://www.tompkinsbank.com,HTTPError
3657,First American Bank,FIRST AMERICAN BANK CORP,FDIC,Illinois,7074673,58,Low Satisfactory,Low Satisfactory,1,www.firstambank.com,https://firstambank.com/cra,"700 Busse Rd, Elk Grove Village Illinois 60007",,,,HTTPError
1536,Bank of Stockton,1867 WESTERN FINANCIAL CORP,FDIC,California,4320510,21,Low Satisfactory,High Satisfactory,1,www.bankofstockton.com,https://bankofstockton.com/cra,"301 E Miner Ave, Stockton California 95202",,(209) 929-1226,https://www.bankofstockton.com,ok
29209,NexBank,SLHC TRUST THE,FDIC,Texas,13943020,2,High Satisfactory,Low Satisfactory,1,www.nexbank.com,https://nexbank.com/cra,"2515 Mckinney Ave, Dallas Texas 75201",,,,HTTPError
32779,Bank of Marin,BANK OF MARIN BCORP,FDIC,California,4036176,29,Low Satisfactory,Low Satisfactory,1,www.bankofmarin.com,https://bankofmarin.com/cra,"504 Redwood Blvd, Novato California 94947",,(866) 626-6004,https://www.bankofmarin.com,HTTPError
110,Bank OZK,,FDIC,Arkansas,41606548,271,Outstanding,Low Satisfactory,1,http://www.ozk.com,https://ozk.com/cra,"18000 Cantrell Rd, Little Rock Arkansas 72223",,(800) 274-4482,https://www.ozk.com,HTTPError
90250,Institution for Savings in Newburyport and Its Vicinity,IFS 1820 BCORP MHC,FDIC,Massachusetts,5085006,13,Outstanding,Low Satisfactory,1,www.institutionforsavings.com,https://institutionforsavings.com/cra,"93 State St, Newburyport Massachusetts 01950",,(978) 462-3106,https://www.institutionforsavings.com,HTTPError
11578,Burke & Herbert Bank & Trust Company,BURKE&HERBERT FINL SERVICES,FDIC,Virginia,3563307,106,Low Satisfactory,High Satisfactory,1,www.burkeandherbertbank.com,https://burkeandherbertbank.com/cra,"100 S Fairfax St, Alexandria Virginia 22314",,(855) 571-5824,https://www.burkeandherbertbank.com,HTTPError
23296,Salem Five Cents Savings Bank,SALEM FIVE BCORP,FDIC,Massachusetts,7117552,34,Low Satisfactory,High Satisfactory,1,http://www.salemfive.com,https://salemfive.com/cra,"71 Washington St, Salem Massachusetts 01970",,(800) 850-5000,https://www.salemfive.com,HTTPError
90211,Hingham Institution for Savings,,FDIC,Massachusetts,4449837,9,High Satisfactory,Low Satisfactory,1,www.hinghamsavings.com,https://hinghamsavings.com/cra,"55 Main St, Hingham Massachusetts 02043",,(781) 749-2200,https://www.hinghamsavings.com,HTTPError
58596,Carter Bank & Trust,CARTER BANKSHARES INC,FDIC,Virginia,4446729,66,Low Satisfactory,High Satisfactory,1,www.carterbank.com,https://carterbank.com/cra,"4 Commonwealth Blvd E, Martinsville Virginia 24112",,,,HTTPError
25103,City Bank,SOUTH PLAINS FINANCIAL INC,FDIC,Texas,4184122,36,Low Satisfactory,Low Satisfactory,1,www.city.bank,https://city.bank/cra,"5219 City Bank Pkwy, Lubbock Texas 79407",,,,HTTPError
22134,Cache Valley Bank,CACHE VALLEY BANKING CO,FDIC,Utah,3281738,25,High Satisfactory,Low Satisfactory,1,cachevalleybank.com,https://cachevalleybank.com/cra,"101 N Main St, Logan Utah 84321",,,,HTTPError
11507,The Fidelity Bank,FIDELITY BANCSHARES N C INC,FDIC,North Carolina,4263695,57,Low Satisfactory,Low Satisfactory,1,www.fidelitybanknc.com,https://fidelitybanknc.com/cra,"100 S Main St, Fuquay Varina North Carolina 27526",,(800) 816-9608,https://www.fidelitybanknc.com,HTTPError
8468,Exchange Bank,FRANK P DOYLE TRUST ARTICLE IX,FDIC,California,3304145,21,Low Satisfactory,Low Satisfactory,1,www.exchangebank.com,https://exchangebank.com/cra,"545 4th St, Santa Rosa California 95401",,(707) 524-3000,https://www.exchangebank.com,HTTPError
25679,International Bank of Commerce,INTERNATIONAL BANCSHARES CORP,FDIC,Texas,3958855,41,Outstanding,Low Satisfactory,1,www.ibc.com,https://ibc.com/cra,"1600 Fm 802, Brownsville Texas 78521",,(956) 722-7611,https://www.ibc.com,HTTPError
14028,First Guaranty Bank,SMITH&HOOD HOLDING CO L L C,FDIC,Louisiana,3794968,30,Low Satisfactory,Low Satisfactory,1,www.fgb.net,https://fgb.net/cra,"400 E Thomas St, Hammond Louisiana 70401",,,,HTTPError
22257,Colony Bank,COLONY BANKCORP INC,FDIC,Georgia,3091464,33,Low Satisfactory,High Satisfactory,1,colony.bank,https://colony.bank/cra,"302 S Main St, Fitzgerald Georgia 31750",,(800) 873-6404,https://colony.bank,HTTPError
4705,Security Bank of Kansas City,VALLEY VIEW BANCSHARES INC,FDIC,Kansas,3613944,34,Low Satisfactory,High Satisfactory,1,www.securitybankkc.com,https://securitybankkc.com/cra,"701 Minnesota Ave, Kansas City Kansas 66101",,(913) 281-3165,https://www.securitybankkc.com,HTTPError
26725,Banco do Brasil Americas,BANCO DO BRASIL SA,FDIC,Florida,3035260,4,High Satisfactory,Low Satisfactory,1,http://www.bbamericas.com,https://bbamericas.com/cra,"1221 Brickell Ave, Miami Florida 33131",,,,HTTPError
57368,Bankwell Bank,BANKWELL FINANCIAL GROUP INC,FDIC,Connecticut,3230601,11,High Satisfactory,Low Satisfactory,1,www.mybankwell.com,https://mybankwell.com/cra,"156 Cherry St, New Canaan Connecticut 06840",,,,HTTPError
11666,D. L. Evans Bank,D L EVANS BCORP,FDIC,Idaho,3071088,41,Low Satisfactory,High Satisfactory,1,dlevans.com,https://dlevans.com/cra,"375 N Overland Ave, Burley Idaho 83318",,(208) 678-8615,https://dlevans.com,HTTPError
35361,Five Star Bank,FIVE STAR BCORP,FDIC,California,3476132,10,High Satisfactory,Low Satisfactory,1,www.fivestarbank.com,https://fivestarbank.com/cra,"2240 Douglas Blvd, Roseville California 95661",,(916) 626-5012,https://www.fivestarbank.com,HTTPError
18266,Northern Bank & Trust Company,NORTHERN BCORP INC,FDIC,Massachusetts,2986210,14,High Satisfactory,Low Satisfactory,1,www.nbtc.com,https://nbtc.com/cra,"275 Mishawum Rd, Woburn Massachusetts 01801",,(800) 273-6908,https://www.nbtc.com,HTTPError
19008,Parkway Bank and Trust Company,PARKWAY BCORP INC,FDIC,Illinois,3435859,27,Low Satisfactory,Low Satisfactory,1,www.parkwaybank.com,https://parkwaybank.com/cra,"4800 N Harlem Ave, Harwood Heights Illinois 60706",,(888) 498-9800,https://www.parkwaybank.com,HTTPError
30401,Penn Community Bank,PENN CMTY MUTUAL HOLDINGS INC,FDIC,Pennsylvania,2934068,22,Outstanding,Low Satisfactory,1,www.penncommunitybank.com,https://penncommunitybank.com/cra,"3969 Durham Rd, Doylestown Pennsylvania 18902",,,,HTTPError
32296,Union Savings Bank,,FDIC,Ohio,3391585,39,High Satisfactory,Low Satisfactory,1,WWW.UNIONSAVINGSBANK.COM,https://WWW.UNIONSAVINGSBANK.COM/cra,"8805 Governors Hill Dr, Cincinnati Ohio 45249",,(815) 235-0800,https://WWW.UNIONSAVINGSBANK.COM,HTTPError
57463,PCB Bank,PCB BCORP,FDIC,California,2854271,19,Low Satisfactory,High Satisfactory,1,www.mypcbbank.com,https://mypcbbank.com/cra,"3701 Wilshire Blvd, Los Angeles California 90010",,,,HTTPError
32974,Gulf Coast Bank and Trust Company,,FDIC,Louisiana,2927905,40,Low Satisfactory,Low Satisfactory,1,www.gulfbank.com,https://gulfbank.com/cra,"200 Saint Charles Ave, New Orleans Louisiana 70130",,(504) 561-6124,https://www.gulfbank.com,HTTPError
34533,First Community Bank,FIRST COMMUNITY BANCSHARES INC,FDIC,Arkansas,2757543,35,High Satisfactory,Low Satisfactory,1,www.firstcommunity.net,https://firstcommunity.net/cra,"1325 Harrison St, Batesville Arkansas 72501",,(888) 780-8391,https://www.firstcommunity.net,HTTPError
18429,Morton Community Bank,HOMETOWN CMTY BCORP EMPLOYEE STK OWNERSHIP PLAN&TR,FDIC,Illinois,5467281,49,High Satisfactory,Low Satisfactory,1,www.hometownbanks.com,https://hometownbanks.com/cra,"721 W Jackson St, Morton Illinois 61550",,,,HTTPError
57417,Commercial Bank of California,CBC BCORP,FDIC,California,3846280,10,Low Satisfactory,High Satisfactory,1,http://www.cbcal.com,https://cbcal.com/cra,"19752 Macarthur Blvd, Irvine California 92612",,,,HTTPError
34618,"Macatawa Bank, National Association",WINTRUST FINANCIAL CORP,FDIC,Michigan,2733572,28,High Satisfactory,Low Satisfactory,1,www.macatawabank.com,https://macatawabank.com/cra,"10753 Macatawa Dr, Holland Michigan 49424",,,,HTTPError
17514,Banterra Bank,BANTERRA CORP,FDIC,Illinois,2726883,43,Low Satisfactory,Low Satisfactory,1,www.banterra.bank,https://banterra.bank/cra,"3201 Banterra Dr, Marion Illinois 62959",,(866) 226-8377,https://www.banterra.bank,HTTPError
19333,Republic Bank of Chicago,REPUBLIC BCORP CO,FDIC,Illinois,2681738,20,Low Satisfactory,High Satisfactory,1,www.republicebank.com,https://republicebank.com/cra,"2221 Camden Ct, Oak Brook Illinois 60523",,(800) 526-9127,https://www.republicebank.com/cra,ok
90215,Avidia Bank,AVIDIA BCORP INC,FDIC,Massachusetts,2662177,10,Low Satisfactory,Low Satisfactory,1,www.avidiabank.com,https://avidiabank.com/cra,"42 Main St, Hudson Massachusetts 01749",,(800) 508-2265,https://www.avidiabank.com,HTTPError
57633,1st Security Bank of Washington,FS BCORP INC,FDIC,Washington,2632273,31,Outstanding,Low Satisfactory,1,WWW.FSBWA.com,https://WWW.FSBWA.com/cra,"6920 220th St Sw, Mountlake Terrace Washington 98043",,(800) 683-0973,https://WWW.FSBWA.com,HTTPError
25093,Habib American Bank,MAHAM BETEILIGUNGSGESELLSCHAFT AG,FDIC,New York,2856490,6,Low Satisfactory,Low Satisfactory,1,www.hab.bank,https://hab.bank/cra,"150 East 45th Street, New York New York 10017",,(212) 532-4444,https://www.hab.bank,HTTPError
15091,Lake Ridge Bank,LAKE RIDGE BCORP INC,FDIC,Wisconsin,3178632,20,High Satisfactory,Low Satisfactory,1,www.lakeridge.bank,https://lakeridge.bank/cra,"8301 University Ave, Middleton Wisconsin 53562",,(608) 223-3000,https://www.lakeridge.bank/cra,HTTPError
21031,The Bank of Tampa,TAMPA BAY BANKING CO,FDIC,Florida,3024877,13,Low Satisfactory,High Satisfactory,1,www.bankoftampa.com,https://bankoftampa.com/cra,"601 Bayshore Blvd, Tampa Florida 33606",,(813) 872-1200,https://www.bankoftampa.com,HTTPError
20164,Sunwest Bank,H BCORP LLC,FDIC,Utah,2974047,9,Low Satisfactory,High Satisfactory,1,www.sunwestbank.com,https://sunwestbank.com/cra,"10011 S Centennial Pkwy, Sandy Utah 84070",,,,HTTPError
90290,UniBank for Savings,UFS BCORP,FDIC,Massachusetts,2520940,15,High Satisfactory,Low Satisfactory,1,www.unibank.com,https://unibank.com/cra,"49 Church St, Whitinsville Massachusetts 01588",,(800) 578-4270,https://www.unibank.com,HTTPError
34120,Bank of Ann Arbor,ARBOR BCORP INC,FDIC,Michigan,3150538,18,Low Satisfactory,High Satisfactory,1,www.bankofannarbor.com,https://bankofannarbor.com/cra,"125 S 5th Ave, Ann Arbor Michigan 48104",,,,HTTPError
20884,Bank of Guam,BANKGUAM HOLDING CO,FDIC,Guam,2563933,16,Low Satisfactory,Low Satisfactory,1,www.bankofguam.com,https://bankofguam.com/cra,"111 W Chalan Santo Papa, Hagatna Guam 96910",,,,HTTPError
1617,The Bank of Missouri,RELIABLE CMTY BANCSHARES INC,FDIC,Missouri,2963315,32,Low Satisfactory,High Satisfactory,1,WWW.BANKOFMISSOURI.COM,https://WWW.BANKOFMISSOURI.COM/cra,"916 N Kings Hwy, Perryville Missouri 63775",,,,HTTPError
19573,Lakeside Bank,LAKESIDE BCORP INC,FDIC,Illinois,2559362,11,Low Satisfactory,Low Satisfactory,1,http://WWW.LAKESIDEBANK.COM,https://WWW.LAKESIDEBANK.COM/cra,"55 W Wacker Dr, Chicago Illinois 60601",,,,HTTPError
33503,Unity Bank,UNITY BCORP INC,FDIC,New Jersey,2431532,22,Low Satisfactory,High Satisfactory,1,www.unitybank.com,https://unitybank.com/cra,"64 Old Highway 22, Clinton New Jersey 08809",,(800) 618-2265,https://www.unitybank.com/cra,HTTPError
19899,KS StateBank,MANHATTAN BANKING CORP,FDIC,Kansas,2437059,6,Low Satisfactory,High Satisfactory,1,http://ksstate.bank,https://ksstate.bank/cra,"1010 Westloop Pl, Manhattan Kansas 66502",,(800) 588-6805,https://ksstate.bank,ok
698,Wayne Bank,NORWOOD FINANCIAL CORP,FDIC,Pennsylvania,2366498,33,High Satisfactory,Low Satisfactory,1,Wayne.Bank,https://Wayne.Bank/cra,"717 Main St, Honesdale Pennsylvania 18431",,,,HTTPError
33005,FCB Banks,FIRST CO BCORP INC,FDIC,Illinois,2384266,20,Low Satisfactory,High Satisfactory,1,www.fcbbanks.com,https://fcbbanks.com/cra,"800 Belt Line Rd, Collinsville Illinois 62234",,(866) 323-4322,https://www.fcbbanks.com,HTTPError
34980,Red River Bank,RED RIVER BANCSHARES INC,FDIC,Louisiana,3166822,28,Low Satisfactory,High Satisfactory,1,http://www.RedRiverBank.net,https://RedRiverBank.net/cra,"1412 Centre Ct, Alexandria Louisiana 71301",,,,ok
7506,ACNB Bank,ACNB CORP,FDIC,Pennsylvania,2403350,33,Low Satisfactory,Low Satisfactory,1,http://www.acnb.com,https://acnb.com/cra,"16 Lincoln Sq, Gettysburg Pennsylvania 17325",,(888) 334-2262,https://www.acnb.com,HTTPError
57510,Avidbank,AVIDBANK HOLDINGS INC,FDIC,California,2298340,3,Low Satisfactory,Low Satisfactory,1,www.avidbank.com,https://avidbank.com/cra,"1732 N 1st St, San Jose California 95112",,,,HTTPError
28679,North Shore Bank,,FDIC,Wisconsin,2569494,44,Low Satisfactory,High Satisfactory,1,www.northshorebank.com,https://northshorebank.com/cra,"15700 W Bluemound Rd, Brookfield Wisconsin 53005",,,,HTTPError
33216,Northrim Bank,NORTHRIM BCORP INC,FDIC,Alaska,2564795,21,High Satisfactory,Low Satisfactory,1,https://www.northrim.com,https://northrim.com/cra,"3111 C St, Anchorage Alaska 99503",,,,ok
16470,Jefferson Bank,JEFFERSON BANCSHARES INC,FDIC,Texas,2802550,13,Low Satisfactory,Outstanding,1,www.jeffersonbank.com,https://jeffersonbank.com/cra,"1900 Broadway, Suite 100, San Antonio Texas 78215",,(210) 736-7600,https://www.jeffersonbank.com,HTTPError
12769,First United Bank,PLAINS BCORP INC,FDIC,Texas,2195446,25,High Satisfactory,Low Satisfactory,1,www.firstunited.bank,https://firstunited.bank/cra,"201 N Broadway St, Dimmitt Texas 79027",,(855) 382-7827,https://www.firstunited.bank,HTTPError
34888,Parke Bank,PARKE BCORP INC,FDIC,New Jersey,2155246,8,Low Satisfactory,Low Satisfactory,1,www.parkebank.com,https://parkebank.com/cra,"601 Delsea Dr, Sewell New Jersey 08080",,(866) 727-5325,https://www.parkebank.com,HTTPError
172,United Bank,UNITED BK EMPLOYEE STK OWNERSHIP PLAN TR,FDIC,Georgia,2120294,17,Low Satisfactory,Outstanding,1,www.accessunited.com,https://accessunited.com/cra,"685 Griffin St, Zebulon Georgia 30295",,,,HTTPError
28513,"WaterStone Bank, SSB",WATERSTONE FINANCIAL INC,FDIC,Wisconsin,2241040,16,High Satisfactory,Low Satisfactory,1,www.wsbonline.com,https://wsbonline.com/cra,"11200 W Plank Ct, Wauwatosa Wisconsin 53226",,,,ok
6158,Peoples Bank,PEOPLES BCORP,FDIC,Washington,2434624,23,High Satisfactory,Low Satisfactory,1,www.peoplesbank-wa.com,https://peoplesbank-wa.com/cra,"3100 Woburn St, Bellingham Washington 98226",,(800) 584-8859,https://www.peoplesbank-wa.com/cra,HTTPError
23992,Country Bank for Savings,,FDIC,Massachusetts,2073726,15,High Satisfactory,Low Satisfactory,1,www.countrybank.com,https://countrybank.com/cra,"155 West St, Ware Massachusetts 01082",,(800) 322-8233,https://www.countrybank.com,HTTPError
18198,Ion Bank,ION FINANCIAL MHC INC,FDIC,Connecticut,2083933,37,Low Satisfactory,High Satisfactory,1,www.ionbank.com,https://ionbank.com/cra,"251 Church St, Naugatuck Connecticut 06770",,(203) 729-4442,https://www.ionbank.com,HTTPError
29523,Peoples Bank,FINWARD BCORP,FDIC,Indiana,2072545,24,Low Satisfactory,High Satisfactory,1,http://www.ibankpeoples.com,https://ibankpeoples.com/cra,"9204 Columbia Ave, Munster Indiana 46321",,(866) 301-8660,https://www.ibankpeoples.com,HTTPError
58309,American Momentum Bank,ADAM CORP GROUP THE,FDIC,Texas,2579369,31,High Satisfactory,Low Satisfactory,1,www.americanmomentum.bank,https://americanmomentum.bank/cra,"1 Momentum Blvd, College Station Texas 77845",,(866) 530-2265,https://www.americanmomentum.bank,HTTPError
17470,First Bank Chicago,FIRST BANK CHICAGO CORP,FDIC,Illinois,2024099,4,Low Satisfactory,Outstanding,1,www.firstbankchicago.com,https://firstbankchicago.com/cra,"1835 1st St, Highland Park Illinois 60035",,,,HTTPError
2315,Armstrong Bank,IRONHORSE FINANCIAL GROUP INC,FDIC,Oklahoma,2446898,29,High Satisfactory,Low Satisfactory,1,www.armstrong.bank,https://armstrong.bank/cra,"1215 W Okmulgee St, Muskogee Oklahoma 74401",,(888) 680-2655,https://www.armstrong.bank,HTTPError
7799,Citizens & Northern Bank,CITIZENS&NORTHERN CORP,FDIC,Pennsylvania,2311213,35,Low Satisfactory,Low Satisfactory,1,www.cnbankpa.com,https://cnbankpa.com/cra,"90 Main St, Wellsboro Pennsylvania 16901",,,,HTTPError
11112,Somerset Trust Company,SOMERSET TRUST HOLDING CO,FDIC,Pennsylvania,2315834,49,Low Satisfactory,High Satisfactory,1,somersettrust.com,https://somersettrust.com/cra,"151 W Main St, Somerset Pennsylvania 15501",,(814) 443-9200,https://somersettrust.com,HTTPError
1265,Cashmere Valley Bank,,FDIC,Washington,2008732,12,Low Satisfactory,High Satisfactory,1,www.cashmerevalleybank.com,https://cashmerevalleybank.com/cra,"117 Aplets Way, Cashmere Washington 98815",,,,HTTPError
28116,Yakima Federal Savings and Loan Association,,FDIC,Washington,1984560,10,High Satisfactory,Low Satisfactory,1,yakimafed.com,https://yakimafed.com/cra,"118 E Yakima Ave, Yakima Washington 98901",paul.crawford@yakimafed.com,(800) 331-3225,https://yakimafed.com,ok
28405,First Fed Bank,FIRST NORTHWEST BCORP,FDIC,Washington,2219706,14,Low Satisfactory,High Satisfactory,1,www.ourfirstfed.com,https://ourfirstfed.com/cra,"105 W 8th St, Port Angeles Washington 98362",,(800) 800-1577,https://www.ourfirstfed.com,HTTPError
14065,Vallant Bank,VALLANT FINANCIAL INC,FDIC,Georgia,2130759,36,Low Satisfactory,High Satisfactory,1,www.vallant.bank,https://vallant.bank/cra,"884 Elbert St, Elberton Georgia 30635",,(877) 759-7939,https://www.vallant.bank/cra,HTTPError
26336,The Village Bank,,FDIC,Massachusetts,1946483,11,Low Satisfactory,Low Satisfactory,1,www.village-bank.com,https://village-bank.com/cra,"320 Needham St, Newton Massachusetts 02464",,(617) 969-4300,https://www.village-bank.com/cra,HTTPError
26856,Falcon International Bank,FALCON BANCSHARES INC,FDIC,Texas,1975494,20,High Satisfactory,Low Satisfactory,1,www.falconbank.com,https://falconbank.com/cra,"7718 Mcpherson Rd Bldg F, Laredo Texas 78045",,(956) 718-2611,https://www.falconbank.com,HTTPError
58513,The Bank of Princeton,PRINCETON BCORP INC,FDIC,New Jersey,1916497,36,High Satisfactory,Low Satisfactory,1,WWW.THEBANKOFPRINCETON.COM,https://WWW.THEBANKOFPRINCETON.COM/cra,"183 Bayard Ln, Princeton New Jersey 08540",,,,HTTPError
28453,Timberland Bank,TIMBERLAND BCORP INC,FDIC,Washington,1906715,24,High Satisfactory,Low Satisfactory,1,http://www.timberlandbank.com,https://timberlandbank.com/cra,"624 Simpson Ave, Hoquiam Washington 98550",,(800) 562-8761,https://www.timberlandbank.com,HTTPError
18059,The Bank of Commerce,,FDIC,Idaho,2111141,17,Low Satisfactory,High Satisfactory,1,www.bofc.bank,https://bofc.bank/cra,"3113 S 25th E, Ammon Idaho 83406",,(208) 523-2020,https://www.bofc.bank,HTTPError
57591,West Coast Community Bank,WEST COAST COMMUNITY BCORP,FDIC,California,2650147,11,High Satisfactory,Low Satisfactory,1,www.wccb.com,https://wccb.com/cra,"75 River St, Santa Cruz California 95060",,,,ok
9123,Western State Bank,WESTERN ST AGENCY EMPLOYEE STK OWNERSHIP PLAN&TR,FDIC,North Dakota,2072686,10,Low Satisfactory,High Satisfactory,1,www.westernbanks.com,https://westernbanks.com/cra,"110 4th St Se, Devils Lake North Dakota 58301",,,,URLError
12517,Bank Five Nine,OCONOMOWOC BANCSHARES INC,FDIC,Wisconsin,1850194,19,Low Satisfactory,High Satisfactory,1,WWW.BANKFIVENINE.COM,https://WWW.BANKFIVENINE.COM/cra,"155 W Wisconsin Ave, Oconomowoc Wisconsin 53066",,(888) 569-9909,https://WWW.BANKFIVENINE.COM,HTTPError
5854,"South Central Bank,  Inc.",SOUTH CNTL BANCSHARES KY INC,FDIC,Kentucky,1845172,27,Low Satisfactory,Low Satisfactory,1,www.southcentralbank.com,https://southcentralbank.com/cra,"208 S Broadway St, Glasgow Kentucky 42141",,,,HTTPError
33188,Shinhan Bank America,SHINHAN FINANCIAL GROUP CO LTD,FDIC,New York,1841066,14,Low Satisfactory,Low Satisfactory,1,www.shbamerica.com,https://shbamerica.com/cra,"475 Park Ave S, New York New York 10016",,,,HTTPError
253,Luana Savings Bank,LUANA BCORP,FDIC,Iowa,2063244,6,Low Satisfactory,Low Satisfactory,1,http://www.luanasavingsbank.com,https://luanasavingsbank.com/cra,"100 Harvest Dr, Luana Iowa 52156",,(800) 666-2012,https://www.luanasavingsbank.com,HTTPError
18402,Blackhawk Bank & Trust,BLACKHAWK BCORP INC,FDIC,Illinois,1835223,19,Low Satisfactory,Low Satisfactory,1,www.choosethechief.com,https://choosethechief.com/cra,"301 4th St W, Milan Illinois 61264",,(309) 793-0926,https://www.choosethechief.com,HTTPError
8405,Farmers and Merchants Trust Company of Chambersburg,FRANKLIN FINL SERVICES CORP,FDIC,Pennsylvania,1827377,25,Low Satisfactory,High Satisfactory,1,fmtrust.bank,https://fmtrust.bank/cra,"20 S Main St, Chambersburg Pennsylvania 17201",,(717) 510-7333,https://fmtrust.bank,HTTPError
57777,Meridian Bank,MERIDIAN CORP,FDIC,Pennsylvania,1831464,7,Substantial Non Complianc,Substantial Non Complianc,1,www.meridianbanker.com,https://meridianbanker.com/cra,"220 W. Lancaster Avenue, Wayne Pennsylvania 19087",,(866) 327-9199,https://www.meridianbanker.com,HTTPError
9978,First State Bank of Uvalde,BRISCOE RANCH INC,FDIC,Texas,1823649,8,Outstanding,Low Satisfactory,1,www.fsbuvalde.bank,https://fsbuvalde.bank/cra,"200 E Nopal St, Uvalde Texas 78801",,,,HTTPError
30052,Blue Foundry Bank,BLUE FOUNDRY BCORP,FDIC,New Jersey,2022886,21,Low Satisfactory,High Satisfactory,1,bluefoundrybank.com,https://bluefoundrybank.com/cra,"19 Park Ave, Rutherford New Jersey 07070",,(800) 385-8664,https://bluefoundrybank.com/cra,ok
57228,Embassy Bank for the Lehigh Valley,EMBASSY BCORP INC,FDIC,Pennsylvania,1754946,10,Low Satisfactory,High Satisfactory,1,www.embassybank.com,https://embassybank.com/cra,"100 Gateway Dr, Bethlehem Pennsylvania 18017",,(610) 882-8800,https://www.embassybank.com,HTTPError
2240,First American Bank,FIRST ARTESIA BANCSHARES INC,FDIC,New Mexico,1779138,21,Outstanding,Low Satisfactory,1,www.firstamericanbanknm.com,https://firstamericanbanknm.com/cra,"303 W Main St, Artesia New Mexico 88210",,(800) 289-6140,https://www.firstamericanbanknm.com,HTTPError
26484,TruNorth Bank,HOMETOWN FINANCIAL GROUP MHC,FDIC,Massachusetts,1665529,30,Substantial Non Complianc,Substantial Non Complianc,1,www.trunorthbank.com,https://trunorthbank.com/cra,"248 Andover St, Peabody Massachusetts 01960",,(978) 573-1300,https://www.trunorthbank.com,HTTPError
15809,Security State Bank & Trust,SECURITY HOLDING CO,FDIC,Texas,1984577,22,Low Satisfactory,High Satisfactory,1,https://www.ssbtexas.com,https://ssbtexas.com/cra,"201 W Main St, Fredericksburg Texas 78624",,(800) 500-1044,https://www.ssbtexas.com,HTTPError
34047,First Community Bank,FIRST COMMUNITY CORP,FDIC,South Carolina,1735147,23,Low Satisfactory,Low Satisfactory,1,www.firstcommunitysc.com,https://firstcommunitysc.com/cra,"5455 Sunset Blvd, Lexington South Carolina 29072",,(800) 829-6372,https://www.firstcommunitysc.com,ok
18258,Thomaston Savings Bank,,FDIC,Connecticut,1583298,16,Low Satisfactory,High Satisfactory,1,www.thomastonsavingsbank.com,https://thomastonsavingsbank.com/cra,"203 Main St, Thomaston Connecticut 06787",,(855) 344-1874,https://www.thomastonsavingsbank.com,HTTPError
14207,Lincoln Savings Bank,LINCOLN BCORP,FDIC,Iowa,1883919,16,Low Satisfactory,Low Satisfactory,1,www.mylsb.com,https://mylsb.com/cra,"508 Main St, Reinbeck Iowa 50669",,(800) 588-7551,https://www.mylsb.com,HTTPError
21573,Bank of Tennessee,BANCTENN CORP,FDIC,Tennessee,1875869,25,Low Satisfactory,Low Satisfactory,1,www.bankoftennessee.com,https://bankoftennessee.com/cra,"301 E Center St, Kingsport Tennessee 37660",,(866) 378-9500,https://www.bankoftennessee.com,HTTPError
15990,Watertown Savings Bank,,FDIC,New York,925416,10,Low Satisfactory,Outstanding,1,www.watersavingsbank.com,https://watersavingsbank.com/cra,"111 Clinton St, Watertown New York 13601",,,,URLError
3440,First Northern Bank of Dixon,FIRST NORTHERN COMMUNITY BCORP,FDIC,California,1903284,21,Low Satisfactory,High Satisfactory,1,www.thatsmybank.com,https://thatsmybank.com/cra,"195 N 1st St, Dixon California 95620",,(877) 362-6000,https://www.thatsmybank.com,HTTPError
4433,First Citizens Bank,FIRST CITIZENS FINANCIAL CORP,FED,Iowa,1905697,7,Low Satisfactory,Low Satisfactory,1,www.myfcb.bank,https://myfcb.bank/cra,"2601 4th St Sw, Mason City Iowa 50401",,,,HTTPError
11113,Hamlin Bank and Trust Company,,FDIC,Pennsylvania,421614,10,Low Satisfactory,Low Satisfactory,1,www.hamlinbank.com,https://hamlinbank.com/cra,"333 W Main St, Smethport Pennsylvania 16749",,,,HTTPError
660,The Adirondack Trust Company,ADIRONDACK TR EMPLOYEE STK OWNERSHIP TR,FED,New York,1714346,13,Low Satisfactory,Low Satisfactory,1,adirondacktrust.com,https://adirondacktrust.com/cra,"473 Broadway, Saratoga Springs New York 12866",,(518) 584-5844,https://adirondacktrust.com,HTTPError
10619,Hawthorn Bank,HAWTHORN BANCSHARES INC,FDIC,Missouri,1825851,18,High Satisfactory,Low Satisfactory,1,WWW.HAWTHORNBANK.COM,https://WWW.HAWTHORNBANK.COM/cra,"132 E High St, Jefferson City Missouri 65101",,,,HTTPError
33758,Starion Bank,STARION BCORP,FDIC,North Dakota,1720130,16,Low Satisfactory,Low Satisfactory,1,WWW.STARIONBANK.COM,https://WWW.STARIONBANK.COM/cra,"333 N 4th St, Bismarck North Dakota 58501",,,,HTTPError
16604,Bank Independent,BANCINDEPENDENT INC,FED,Alabama,2814773,34,Low Satisfactory,,1,www.bibank.com,https://bibank.com/cra,"710 S Montgomery Ave, Sheffield Alabama 35660",,(256) 386-5000,https://www.bibank.com,HTTPError
22354,Commercial Bank,COMMERCIAL BANCGROUP INC,FED,Tennessee,2238247,40,Low Satisfactory,Low Satisfactory,1,www.cbtn.com,https://cbtn.com/cra,"6710 Cumberland Gap Pkwy, Harrogate Tennessee 37752",,(423) 869-5151,https://www.cbtn.com,HTTPError
34562,ENCORE BANK,ENCORE BANCSHARES INC,FED,Arkansas,3705306,19,Low Satisfactory,Low Satisfactory,1,www.bankencore.com,https://bankencore.com/cra,"1801 Rahling Rd, Little Rock Arkansas 72223",,(844) 394-2265,https://www.bankencore.com,HTTPError
15229,First Business Bank,FIRST BUS FINL SERVICES INC,FDIC,Wisconsin,4082035,5,Outstanding,Low Satisfactory,1,http://www.firstbusiness.bank,https://firstbusiness.bank/cra,"401 Charmany Dr, Madison Wisconsin 53719",,,,HTTPError
5956,Peoples Bank,PEOPLES BCORP OF NC INC,FDIC,North Carolina,1620439,16,Low Satisfactory,High Satisfactory,1,https://www.peoplesbanknc.com,https://peoplesbanknc.com/cra,"518 W C St, Newton North Carolina 28658",,,,HTTPError
1711,Wellworth Bank,CITIZENS BCORP INVESTMENT INC,FDIC,Tennessee,1659215,20,High Satisfactory,Low Satisfactory,1,www.wellworth.bank,https://wellworth.bank/cra,"400 Highway 52 Byp W, Lafayette Tennessee 37083",,(866) 666-2195,https://www.wellworth.bank,HTTPError
22334,One Community Bank,BOSSHARD FINANCIAL GROUP INC,FED,Wisconsin,2181049,20,Low Satisfactory,Needs to Improve,1,www.onecommunity.bank,https://onecommunity.bank/cra,"733 N Main St, Oregon Wisconsin 53575",,(608) 339-7722,https://www.onecommunity.bank,HTTPError
12614,Origin Bank,ORIGIN BCORP INC,FED,Louisiana,9882221,59,Low Satisfactory,Low Satisfactory,1,www.origin.bank,https://origin.bank/cra,"3921 Elm St, Choudrant Louisiana 71227",,,,HTTPError
1487,First Farmers and Merchants Bank,FIRST FARMERS&MERCHANTS CORP,FED,Tennessee,1763096,23,Low Satisfactory,Low Satisfactory,1,www.myfirstfarmers.com,https://myfirstfarmers.com/cra,"816 S Garden St, Columbia Tennessee 38401",,(800) 882-8378,https://www.myfirstfarmers.com,HTTPError
2711,"Traditional Bank, Inc.",TRADITIONAL BCORP INC,FDIC,Kentucky,2190086,19,Low Satisfactory,High Satisfactory,1,www.traditionalbank.com,https://traditionalbank.com/cra,"49 W Main St, Mount Sterling Kentucky 40353",,(800) 498-0414,https://www.traditionalbank.com,HTTPError
59093,International Bank of Commerce,INTERNATIONAL BANCSHARES CORP,FDIC,Oklahoma,1548823,41,Outstanding,Low Satisfactory,1,www.ibc.com,https://ibc.com/cra,"3817 N West Expy, Oklahoma City Oklahoma 73112",,(956) 722-7611,https://www.ibc.com,HTTPError
9204,Central Bank,CENTRAL BCORP,FDIC,Utah,2014180,13,Low Satisfactory,High Satisfactory,1,www.cbutah.com,https://cbutah.com/cra,"75 N University Ave, Provo Utah 84601",,(801) 375-1000,https://www.cbutah.com,ok
7404,First Keystone Community Bank,FIRST KEYSTONE CORP,FDIC,Pennsylvania,1308680,19,Low Satisfactory,Low Satisfactory,1,www.fkc.bank,https://fkc.bank/cra,"111 W Front St, Berwick Pennsylvania 18603",,(570) 752-3671,https://www.fkc.bank,HTTPError
6423,Amboy Bank,AMBOY BCORP,FED,New Jersey,2638667,23,Low Satisfactory,,1,www.amboybank.com,https://amboybank.com/cra,"3590 Us Highway 9, Old Bridge New Jersey 08857",,(877) 222-6269,https://www.amboybank.com,HTTPError
9507,The Bank of Marion,SOUTHWEST VA BANKSHARES INC,FED,Virginia,554162,17,Low Satisfactory,,1,www.bankofmarionva.com,https://bankofmarionva.com/cra,"102 W Main St, Marion Virginia 24354",,(800) 772-1807,https://www.bankofmarionva.com/cra,ok
15555,Central Bank,COMMERCIAL FINANCIAL CORP,FED,Iowa,2135960,23,Low Satisfactory,,1,www.mycentral.bank,https://mycentral.bank/cra,"600 Lake Ave, Storm Lake Iowa 50588",,(866) 732-2190,https://www.mycentral.bank,HTTPError
14521,Bank Iowa,BANK IOWA CORP,FED,Iowa,2117855,25,Low Satisfactory,Low Satisfactory,1,www.bankiowa.bank,https://bankiowa.bank/cra,"1225 Jordan Creek Pkwy, West Des Moines Iowa 50266",,(844) 226-5421,https://www.bankiowa.bank,HTTPError
57873,Commonwealth Business Bank,CBB BCORP INC,FED,California,1654826,13,Low Satisfactory,Low Satisfactory,1,www.cbb-bank.com,https://cbb-bank.com/cra,"3435 Wilshire Blvd, Los Angeles California 90010",,(213) 884-4200,https://www.cbb-bank.com,HTTPError
7542,Ameriserv Financial Bank,AMERISERV FINANCIAL INC,FED,Pennsylvania,1426921,17,Low Satisfactory,Low Satisfactory,1,AmeriServ.com,https://AmeriServ.com/cra,"216 Franklin St, Johnstown Pennsylvania 15901",,,,HTTPError
7714,QNB Bank,QNB CORP,FDIC,Pennsylvania,1873899,18,Low Satisfactory,High Satisfactory,1,www.qnbbank.com,https://qnbbank.com/cra,"15 N 3rd St, Quakertown Pennsylvania 18951",,,,HTTPError
19123,First Western Bank & Trust,WESTBRAND INC,FED,North Dakota,2208449,20,Low Satisfactory,Low Satisfactory,1,www.firstwestern.bank,https://firstwestern.bank/cra,"900 S Broadway, Minot North Dakota 58701",,(800) 688-2584,https://www.firstwestern.bank,HTTPError
1040,Midland States Bank,MIDLAND STATES BCORP INC,FED,Illinois,7782095,60,Low Satisfactory,Low Satisfactory,1,www.midlandsb.com,https://midlandsb.com/cra,"1201 Network Centre Dr, Effingham Illinois 62401",,(855) 696-4352,https://www.midlandsb.com,HTTPError
12944,Orange Bank & Trust Company,ORANGE COUNTY BCORP INC,FED,New York,2438041,16,Low Satisfactory,,1,www.orangebanktrust.com,https://orangebanktrust.com/cra,"212 Dolson Ave, Middletown New York 10940",,(845) 341-5000,https://www.orangebanktrust.com,HTTPError
23799,Texas First Bank,TEXAS IND BANCSHARES INC,FED,Texas,2179880,28,Low Satisfactory,,1,texasfirst.bank,https://texasfirst.bank/cra,"3232 Palmer Hwy, Texas City Texas 77590",,(888) 832-7257,https://texasfirst.bank,HTTPError
8870,BankFirst Financial Services,BANKFIRST CAPITAL CORP,FED,Mississippi,2666230,51,Low Satisfactory,,1,http://www.bankfirstfs.com,https://bankfirstfs.com/cra,"900 Main St, Columbus Mississippi 39701",,(877) 441-2784,https://www.bankfirstfs.com,HTTPError
34444,Customers Bank,CUSTOMERS BCORP INC,FDIC+FED,Pennsylvania,20879065,7,Low Satisfactory,Low Satisfactory,1,www.customersbank.com,https://customersbank.com/cra,"40 General Warren Blvd, Malvern Pennsylvania 19355",,,,HTTPError
90173,East Cambridge Savings Bank,1854 BCORP,FED,Massachusetts,1604208,12,Low Satisfactory,,1,www.ecsb.com,https://ecsb.com/cra,"292 Cambridge St, Cambridge Massachusetts 02141",,(866) 354-3272,https://www.ecsb.com,HTTPError
12633,The Central Trust Bank,CENTRAL BANCOMPANY INC,FED,Missouri,19551204,166,Low Satisfactory,,1,www.centralbank.net,https://centralbank.net/cra,"238 Madison St, Jefferson City Missouri 65101",,,,HTTPError
597,Chemung Canal Trust Company,CHEMUNG FINANCIAL CORP,FED,New York,2649923,30,Low Satisfactory,,1,WWW.CHEMUNGCANAL.COM,https://WWW.CHEMUNGCANAL.COM/cra,"1 Chemung Canal Plz, Elmira New York 14901",,(800) 836-3711,https://WWW.CHEMUNGCANAL.COM/cra,HTTPError
90188,Bankesb,HOMETOWN FINANCIAL GROUP MHC,FED,Massachusetts,1903686,11,Low Satisfactory,,1,http://www.bankesb.com,https://bankesb.com/cra,"36 Main St, Easthampton Massachusetts 01027",,(978) 573-1300,https://www.bankesb.com,HTTPError
13102,Lake City Bank,LAKELAND FINANCIAL CORP,FED,Indiana,6412535,58,Low Satisfactory,,1,www.lakecitybank.com,https://lakecitybank.com/cra,"202 E Center St, Warsaw Indiana 46580",CRA@lakecitybank.com,(888) 522-2265,https://www.lakecitybank.com/cra,ok
34967,Popular Bank,POPULAR INC,FED,New York,11104847,36,Low Satisfactory,,1,www.popularbank.com,https://popularbank.com/cra,"85 Broad St, New York New York 10004",,,,HTTPError
27210,InterBank,OLNEY BANCSHARES OF TEXAS INC,FED,Oklahoma,4193164,47,Low Satisfactory,,1,www.interbank.com,https://interbank.com/cra,"4921 N May Ave, Oklahoma City Oklahoma 73112",,(877) 949-7200,https://www.interbank.com,HTTPError
57968,Primis Bank,PRIMIS FINANCIAL CORP,FED,Virginia,3831355,28,Low Satisfactory,Low Satisfactory,1,www.primisbank.com,https://primisbank.com/cra,"1665 Tappahannock Blvd, Tappahannock Virginia 22560",,(833) 477-4647,https://www.primisbank.com,ok
1014,ChoiceOne Bank,CHOICEONE FINL SERVICES INC,FED,Michigan,2724240,50,Low Satisfactory,Low Satisfactory,1,WWW.CHOICEONE.BANK,https://WWW.CHOICEONE.BANK/cra,"109 E Division St, Sparta Michigan 49345",,,,ok
20488,Five Points Bank,HOMETOWN BANC CORP,FED,Nebraska,2008090,16,Low Satisfactory,,1,www.5pointsbank.com,https://5pointsbank.com/cra,"2015 N Broadwell Ave, Grand Island Nebraska 68803",,(800) 576-4687,https://www.5pointsbank.com,HTTPError
24563,Texas Community Bank,VISION BANCSHARES INC,FED,Texas,2104571,11,Low Satisfactory,Needs to Improve,1,www.tx-communitybank.com,https://tx-communitybank.com/cra,"6721 Mcpherson Rd, Laredo Texas 78041",,,,HTTPError
25858,Equity Bank,EQUITY BANCSHARES INC,FED,Kansas,3862184,83,Low Satisfactory,Low Satisfactory,1,www.equitybank.com,https://equitybank.com/cra,"345 N Andover Rd, Andover Kansas 67002",,(888) 733-5041,https://www.equitybank.com,HTTPError
26906,Texas Regional Bank,TEXAS STATE BANKSHARES INC,FED,Texas,2660302,37,Low Satisfactory,,1,www.trb.bank,https://trb.bank/cra,"6770 West Interstate 2, Harlingen Texas 78552",,(956) 516-3932,https://www.trb.bank,HTTPError
713,Orrstown Bank,ORRSTOWN FINL SERVICES INC,FED,Pennsylvania,2780990,43,Low Satisfactory,Low Satisfactory,1,www.orrstown.com,https://orrstown.com/cra,"4750 Lindle Rd, Harrisburg Pennsylvania 17111",,(888) 677-7869,https://www.orrstown.com,HTTPError
23473,First Fidelity Bank,FIRST FIDELITY BCORP INC,FED,Oklahoma,2894984,27,Low Satisfactory,Low Satisfactory,1,FFB.com,https://FFB.com/cra,"5100 N Classen Blvd, Oklahoma City Oklahoma 73118",,,,HTTPError
58716,Third Coast Bank,THIRD COAST BANCSHARES INC,FED,Texas,4650798,23,Low Satisfactory,Low Satisfactory,1,www.thirdcoast.bank,https://thirdcoast.bank/cra,"20202 Highway 59 N, Humble Texas 77338",,,,HTTPError
58463,SmartBank,SMARTFINANCIAL INC,FED,Tennessee,4606198,43,Low Satisfactory,Low Satisfactory,1,http://www.smartbank.com,https://smartbank.com/cra,"2430 Teaster Ln, Pigeon Forge Tennessee 37863",,,,HTTPError
22918,The First Bank and Trust Company,FIRST BCORP INC,FED,Virginia,3087425,35,Low Satisfactory,Low Satisfactory,1,www.firstbank.com,https://firstbank.com/cra,"359 W Main St, Lebanon Virginia 24266",,(866) 428-5998,https://www.firstbank.com/cra,ok
34422,American Bank,AMERICAN BANK INC,FED,Pennsylvania,636580,1,Low Satisfactory,Low Satisfactory,1,www.ambk.com,https://ambk.com/cra,"4029 W Tilghman St, Allentown Pennsylvania 18104",,(888) 366-6622,https://www.ambk.com,HTTPError
1291,Farmers Bank & Trust Company,MAGNOLIA BANKING CORP,FED,Arkansas,1621234,38,Low Satisfactory,Low Satisfactory,1,www.myfarmers.bank,https://myfarmers.bank/cra,"200 E Main St, Magnolia Arkansas 71753",,(855) 855-3268,https://www.myfarmers.bank,HTTPError
15511,First State Bank,RED RIVER BCORP INC,FED,Texas,1657003,14,Needs to Improve,,1,http://www.firststate.bank,https://firststate.bank/cra,"801 E California St, Gainesville Texas 76240",,(940) 665-1711,https://www.firststate.bank,HTTPError
58696,FVCbank,FVCBANKCORP INC,FED,Virginia,2338667,8,Needs to Improve,,1,www.fvcbank.com,https://fvcbank.com/cra,"11325 Random Hills Rd, Fairfax Virginia 22030",,(703) 436-3800,https://www.fvcbank.com,HTTPError
7593,First Citizens Community Bank,CITIZENS FINL SERVICES INC,FED,Pennsylvania,2208830,44,Low Satisfactory,,1,www.firstcitizensbank.com,https://firstcitizensbank.com/cra,"15 S Main St, Mansfield Pennsylvania 16933",,(800) 326-9486,https://www.firstcitizensbank.com,HTTPError
18129,BankNewport,OCEANPOINT FINL PARTNERS MHC,FED,Rhode Island,2301356,20,Low Satisfactory,,1,www.banknewport.com,https://banknewport.com/cra,"184 John Clarke Rd, Middletown Rhode Island 02842",,(401) 845-2265,https://www.banknewport.com,HTTPError
12368,Regions Bank,REGIONS FINANCIAL CORP,FED,Alabama,151314000,1259,,Low Satisfactory,1,http://www.regions.com,https://regions.com/cra,"1900 5th Ave N, Birmingham Alabama 35203",,(800) 472-2265,https://www.regions.com,HTTPError
5496,Cornerstone Bank,FIRST YORK BAN CORP,FED,Nebraska,2687176,50,,Low Satisfactory,1,www.cornerstoneconnect.com,https://cornerstoneconnect.com/cra,"529 N Lincoln Ave, York Nebraska 68467",,(793) 982-1793,https://www.cornerstoneconnect.com,HTTPError
6085,First PREMIER Bank,UNITED NATIONAL CORP,FED,South Dakota,3503723,13,Low Satisfactory,,1,www.firstpremier.com,https://firstpremier.com/cra,"500 S Minnesota Ave, Sioux Falls South Dakota 57104",,(800) 501-6535,https://www.firstpremier.com,HTTPError
1058,Midwest BankCentre,STUPP BROS INC,FED,Missouri,2374880,18,Low Satisfactory,,1,www.midwestbankcentre.com,https://midwestbankcentre.com/cra,"2191 Lemay Ferry Rd, Lemay Missouri 63125",,,,HTTPError
11241,Centennial Bank,HOME BANCSHARES INC,FED,Arkansas,22808174,243,,Low Satisfactory,1,http://www.my100bank.com,https://my100bank.com/cra,"620 Chestnut St, Conway Arkansas 72032",,(888) 372-9788,https://www.my100bank.com,HTTPError
13012,First Community Bank,FIRST COMMUNITY BANKSHARES INC,FED,Virginia,3213604,67,,Low Satisfactory,1,www.firstcommunitybank.com,https://firstcommunitybank.com/cra,"29 College Dr, Bluefield Virginia 24605",,(800) 971-4671,https://www.firstcommunitybank.com,HTTPError
18012,Bank of New Hampshire,BNH FINANCIAL,FED,New Hampshire,2583718,21,Low Satisfactory,,1,www.BNH.bank,https://BNH.bank/cra,"62 Pleasant St, Laconia New Hampshire 03246",,(800) 832-0912,https://www.BNH.bank,HTTPError
8136,Independence Bank of Kentucky,INDEPENDENCE BANCSHARES INC,FED,Kentucky,3062572,26,,Low Satisfactory,1,www.1776bank.com,https://1776bank.com/cra,"2425 Frederica St, Owensboro Kentucky 42301",,,,HTTPError
17798,Beacon Bank and Trust,BEACON FINANCIAL CORP,FED,Massachusetts,4966140,151,Low Satisfactory,Low Satisfactory,1,www.beaconbank.com,https://beaconbank.com/cra,"131 Clarendon St, Boston Massachusetts 02116",,,,HTTPError
11035,Peapack Private Bank & Trust,PEAPACK-GLADSTONE FINL CORP,FED,New Jersey,5892261,19,,Low Satisfactory,1,www.peapackprivate.com,https://peapackprivate.com/cra,"500 Hills Drive Suite 300, Bedminster New Jersey 07921",,(908) 234-0700,https://www.peapackprivate.com,HTTPError
90303,South Shore Bank,CHARLESBRIDGE MHC,FED,Massachusetts,1482441,13,Low Satisfactory,,1,www.southshorebank.com,https://southshorebank.com/cra,"1530 Main St, South Weymouth Massachusetts 02190",,(781) 682-3715,https://www.southshorebank.com,HTTPError
59052,NBH Bank,NATIONAL BANK HOLDINGS CORP,FED,Colorado,6948775,97,,Low Satisfactory,1,www.nbhbank.com,https://nbhbank.com/cra,"7800 E Orchard Rd, Greenwood Village Colorado 80111",,,,HTTPError
17491,PlainsCapital Bank,DIAMOND HTH STOCK CO GP LLC,FED,Texas,13674043,57,,Low Satisfactory,1,www.plainscapital.com,https://plainscapital.com/cra,"6565 Hillcrest Ave, University Park Texas 75205",,(866) 762-8392,https://www.plainscapital.com,HTTPError
16216,The Farmers & Merchants Bank,FARMERS&MERCHANTS BANKSHARES,FED,Arkansas,1852126,21,Low Satisfactory,,1,www.gofm.bank,https://gofm.bank/cra,"708 S Main St, Stuttgart Arkansas 72160",,(877) 889-0100,https://www.gofm.bank,HTTPError
3890,Simmons Bank,SIMMONS FIRST NATIONAL CORP,FED,Arkansas,26749112,229,,Low Satisfactory,1,www.simmonsbank.com,https://simmonsbank.com/cra,"501 S Main St, Pine Bluff Arkansas 71601",,(866) 246-2400,https://www.simmonsbank.com,HTTPError
7759,Univest  Bank and Trust Co.,UNIVEST FINANCIAL CORP,FED,Pennsylvania,6892885,51,,Low Satisfactory,1,http://www.univest.net,https://univest.net/cra,"790 Route 113, Souderton Pennsylvania 18964",,,,HTTPError
12982,Civista Bank,CIVISTA BANCSHARES INC,FED,Ohio,3006039,42,,Low Satisfactory,1,www.civista.bank,https://civista.bank/cra,"100 E Water St, Sandusky Ohio 44870",,,,HTTPError
15399,RCB Bank,RCB HOLDING CO INC,FED,Oklahoma,3899432,62,Low Satisfactory,Low Satisfactory,1,www.rcbbank.bank,https://rcbbank.bank/cra,"300 W Patti Page Blvd, Claremore Oklahoma 74017",,(855) 226-5722,https://www.rcbbank.bank,HTTPError
12839,First Farmers Bank & Trust Co.,FIRST FARMERS FINANCIAL CORP,FED,Indiana,2298100,37,Low Satisfactory,,1,www.ffbt.com,https://ffbt.com/cra,"123 N Jefferson St, Converse Indiana 46919",,(800) 371-3316,https://www.ffbt.com,HTTPError
12229,First Bank,FB CORP,FED,Missouri,6554829,76,,Low Satisfactory,1,WWW.FIRST.BANK,https://WWW.FIRST.BANK/cra,"11901 Olive Boulevard, St. Louis Missouri 63141",,(800) 760-2265,https://WWW.FIRST.BANK/cra,ok
27677,HomeTrust Bank,HOMETRUST BANCSHARES INC,FED,North Carolina,3409271,33,Low Satisfactory,Low Satisfactory,1,www.htb.com,https://htb.com/cra,"10 Woodfin St, Asheville North Carolina 28801",,(800) 627-1632,https://www.htb.com,HTTPError
26483,Needham Bank,NB BCORP INC,FED,Massachusetts,2345536,21,,Low Satisfactory,1,www.needhambank.com,https://needhambank.com/cra,"1063 Great Plain Ave, Needham Massachusetts 02492",,,,HTTPError
18013,Mascoma Bank,MASCOMA MUTUAL FINL SERVICES,FED,New Hampshire,2886966,26,,Low Satisfactory,1,www.mascoma.bank,https://mascoma.bank/cra,"67 N Park St, Lebanon New Hampshire 03766",,(603) 448-3650,https://www.mascoma.bank,HTTPError
