election_id,election_date,state,jurisdiction_level,jurisdiction_name,office_or_issue,district_name,district_number,election_type,voter_facing,votenow_location_string,search_tokens,source_name,source_url,verification_status,verification_notes,last_verified_at,anomaly_flag
fba19156-6368-4c2d-a2f1-f631e6911827,2026-03-03,AR,statewide,Statewide,Arkansas statewide nonpartisan general election,Arkansas,,general,Y,AR Statewide,"statewide,arkansas,ar",Ballotpedia Elections Calendar,https://ballotpedia.org/Elections_calendar,needs_official_verification,Source: Ballotpedia calendar — requires confirmation with official state source | Ambiguous statewide listing retained for review | Unusual statewide general timing,,True
ed4998e0-158f-4785-86a2-f3855dc372e2,2026-03-10,AZ,statewide,Statewide,General election,Arizona,,general,Y,AZ Statewide,"statewide,arizona,az",Ballotpedia Elections Calendar,https://ballotpedia.org/Elections_calendar,needs_official_verification,Source: Ballotpedia calendar — requires confirmation with official state source | Ambiguous statewide listing retained for review | Unusual statewide general timing,,True
5510aa62-e4be-4e53-aae6-c31ba06b9a20,2026-04-07,WI,statewide,Statewide,Wisconsin spring statewide election,Wisconsin,,general,Y,WI Statewide,"statewide,wisconsin,wi",Ballotpedia Elections Calendar,https://ballotpedia.org/Elections_calendar,needs_official_verification,Source: Ballotpedia calendar — requires confirmation with official state source | Unusual statewide general timing,,True
9e7d9597-cd2b-4fa5-baa9-d78346624ba3,2026-04-10,ME,statewide,Statewide,General election,Maine,,general,Y,ME Statewide,"statewide,maine,me",Ballotpedia Elections Calendar,https://ballotpedia.org/Elections_calendar,needs_official_verification,Source: Ballotpedia calendar — requires confirmation with official state source | Ambiguous statewide listing retained for review | Unusual statewide general timing,,True
b7664e7c-4606-4449-ad05-679f93240d2e,2026-05-12,WV,statewide,Statewide,West Virginia general election for judicial candidates,West Virginia,,general,Y,WV Statewide,"statewide,west,virginia,wv",Ballotpedia Elections Calendar,https://ballotpedia.org/Elections_calendar,needs_official_verification,Source: Ballotpedia calendar — requires confirmation with official state source | Unusual statewide general timing,,True
dd4719ff-6457-4ed3-a30e-13a7e47871cd,2026-05-19,GA,statewide,Statewide,Georgia statewide judicial and school board general election,Georgia,,general,Y,GA Statewide,"statewide,georgia,ga",Ballotpedia Elections Calendar,https://ballotpedia.org/Elections_calendar,needs_official_verification,Source: Ballotpedia calendar — requires confirmation with official state source | Ambiguous statewide listing retained for review | Unusual statewide general timing,,True
26ba87d8-0fa1-42f7-9247-0a03e7d4c345,2026-06-16,DC,statewide,Statewide,"Special general election for Washington, D.C., city council at-large",District of Columbia,of,special_general,Y,DC Statewide,"statewide,of,district,columbia,dc",Ballotpedia Elections Calendar,https://ballotpedia.org/Elections_calendar,needs_official_verification,Source: Ballotpedia calendar — requires confirmation with official state source | Unusual statewide general timing,,True
8000322a-e4cd-4f93-b724-49b2032782c0,2026-08-06,TN,statewide,Statewide,Tennessee judicial and local general elections,Tennessee,,general,Y,TN Statewide,"statewide,tennessee,tn",Ballotpedia Elections Calendar,https://ballotpedia.org/Elections_calendar,needs_official_verification,Source: Ballotpedia calendar — requires confirmation with official state source | Unusual statewide general timing,,True
6b2ab667-854e-4cb5-83f7-473a2b0d475c,2026-11-03,LA,statewide,Statewide,Louisiana statewide majority-vote system primary election,Louisiana statewide majority-vote system primary election,,primary,Y,LA Statewide,"statewide,louisiana,la",Ballotpedia Elections Calendar,https://ballotpedia.org/Elections_calendar,needs_official_verification,Source: Ballotpedia calendar — requires confirmation with official state source | Unusual statewide primary timing,,True
