name,hq,exam_date,exam_year,rating,ma_originations_2024,pe_url
"Rocket Mortgage, LLC","Detroit, MI",10/30/2025,2025,HS,5027,https://www.mass.gov/doc/rocket-mortgage-llc-mlci-performance-evaluation/download
"Guaranteed Rate, Inc.","Chicago, IL",7/20/2021,2021,S,4444,https://www.mass.gov/doc/guaranteed-rate-inc-mlci-performance-evaluation/download
"United Shore Financial Services, LLC d/b/a United Wholesale Mortgage","Pontiac, MI",9/9/2024,2024,S,3842,https://www.mass.gov/doc/united-wholesale-mortgage-llc-mlci-performance-evaluation/download
"CrossCountry Mortgage, LLC","Cleveland, OH",1/22/2025,2025,HS,3233,https://www.mass.gov/doc/crosscountry-mortgage-llc-mlci-performance-evaluation/download
Guild Mortgage Company LLC,"San Diego, CA",9/17/2024,2024,HS,2301,https://www.mass.gov/doc/guild-mortgage-company-llc-mlci-performance-evaluation/download
Fairway Independent Mortgage Corporation,"Madison, WI",9/3/2019,2019,S,2100,https://www.mass.gov/doc/fairway-independent-mortgage-corporation-mlci-public-evaluation-0/download
"Movement Mortgage, LLC","Indian Land, SC",12/3/2024,2024,S,1763,https://www.mass.gov/doc/movement-mortgage-llc-mlci-performance-evaluation/download
"CMG Mortgage, Inc.","San Ramon, CA",11/7/2023,2023,S,1625,https://www.mass.gov/doc/cmg-mortgage-inc-mlci-performance-evaluation/download
"Total Mortgage Services, LLC","Milford, CT",1/13/2014,2014,S,1327,https://www.mass.gov/doc/total-mortgage-services-mlci-public-evaluation/download
"loanDepot.com, LLC","Irvine, CA",3/21/2022,2022,S,1206,https://www.mass.gov/doc/loandepotcom-llc-mlci-performance-evaluation/download
NewRez LLC,"Fort Washington, PA",3/26/2019,2019,S,951,https://www.mass.gov/doc/newrez-llc-mlci-public-evaluation/download
Nationstar Mortgage LLC,"Dallas, TX",11/7/2024,2024,S,874,https://www.mass.gov/doc/nationstar-mortgage-llc-mlci-performance-evaluation/download
"PennyMac Loan Services, LLC","Westlake Village, CA",11/5/2025,2025,S,812,https://www.mass.gov/doc/pennymac-loan-services-llc-mlci-performance-evaluation/download
Freedom Mortgage Corporation,"Boca Raton, FL",1/16/2026,2026,S,740,https://www.mass.gov/doc/freedom-mortgage-corporation-mlci-performance-evaluation-0/download
"Guaranteed Rate Affinity, LLC","Chicago, IL",9/23/2021,2021,S,664,https://www.mass.gov/doc/guaranteed-rate-affinity-llc-mlci-performance-evaluation/download
"Radius Financial Group, Inc.","Norwell, MA",5/22/2026,2026,HS,594,https://www.mass.gov/doc/radius-financial-group-inc-mlci-performance-evaluation-0/download
"MSA Mortgage, LLC","Winthrop, MA",5/1/2025,2025,S,539,https://www.mass.gov/doc/msa-mortgage-llc-mlci-performance-evaluation/download
"Mutual of Omaha Mortgage, Inc.","San Diego, CA",9/8/2025,2025,S,510,https://www.mass.gov/doc/mutual-of-omaha-mortgage-inc-mlci-performance-evaluation/download
Figure Lending LLC,"Charlotte, NC",11/17/2022,2022,S,496,https://www.mass.gov/doc/figure-lending-llc-mlci-performance-evaluation/download
"Mortgage Research Center, LLC","Columbia, MO",7/14/2025,2025,S,492,https://www.mass.gov/doc/mortgage-research-center-llc-mlci-performance-evaluation/download
emm loans llc,"Cherry Hill, NJ",5/23/2022,2022,S,439,https://www.mass.gov/doc/emm-loans-llc-mlci-performance-evaluation/download
"Mortgage Equity Partners, LLC","Lynnfield, MA",2/17/2022,2022,S,431,https://www.mass.gov/doc/mortgage-equity-partners-llc-mlci-performance-evaluation/download
Washington Trust Mortgage Company LLC,"Westerly, RI",1/7/2025,2025,S,403,https://www.mass.gov/doc/washington-trust-mortgage-company-llc-mlci-performance-evaluation/download
New Fed Mortgage Corp.,"Danvers, MA",10/7/2025,2025,S,402,https://www.mass.gov/doc/new-fed-mortgage-corp-mlci-performance-evaluation-0/download
"Northpoint Mortgage, Inc.","Sturbridge, MA",11/8/2021,2021,S,316,https://www.mass.gov/doc/northpoint-mortgage-inc-mlci-performance-evaluation/download
"American Neighborhood Mortgage Acceptance Company, LLC","Mount Laurel, NJ",11/15/2021,2021,S,313,https://www.mass.gov/doc/american-neighborhood-mortgage-acceptance-company-llc-mlci-performance-evaluation/download
Amerisave Mortgage Corporation,"Atlanta, GA",7/20/2022,2022,S,304,https://www.mass.gov/doc/amerisave-mortgage-corporation-mlci-performance-evaluation/download
"OCMBC, INC.","Irvine, CA",11/14/2025,2025,S,271,https://www.mass.gov/doc/ocmbc-inc-mlci-performance-evaluation/download
"Lakeview Loan Servicing, LLC","Coral Gables, FL",1/17/2025,2025,S,257,https://www.mass.gov/doc/lakeview-loan-servicing-mlci-performance-evaluation/download
Bay Equity LLC,"Corte Madera, CA",8/15/2024,2024,S,249,https://www.mass.gov/doc/bay-equity-llc-mlci-performance-evaluation/download
"PrimeLending, a PlainsCapital Company","Dallas, TX",11/4/2024,2024,HS,246,https://www.mass.gov/doc/primelending-a-plainscapital-company-mlci-performance-evaluation/download
"NFM, Inc.","Linthicum, MD",1/3/2022,2022,S,226,https://www.mass.gov/doc/nfm-inc-mlci-performance-evaluation/download
"Norwich Commercial Group, Inc.","Avon, CT",6/12/2023,2023,HS,209,https://www.mass.gov/doc/norwich-commercial-group-inc-mlci-performance-evaluation/download
First Home Mortgage Corporation,"Baltimore, MD",12/30/2015,2015,S,206,https://www.mass.gov/doc/first-home-mortgage-corporation/download
"Embrace Home Loans, Inc.","Middletown, RI",7/24/2024,2024,S,201,https://www.mass.gov/doc/embrace-home-loans-inc-mlci-performance-evaluation/download
"William Raveis Mortgage, LLC","Shelton, CT",6/17/2024,2024,S,197,https://www.mass.gov/doc/william-raveis-mortgage-llc-mlci-performance-evaluation-0/download
"Paramount Residential Mortgage Group, Inc.","Corona, CA",7/12/2023,2023,S,186,https://www.mass.gov/doc/paramount-residential-mortgage-group-inc-mlci-performance-evaluation/download
"American Financial Network, Inc.","Brea, CA",9/27/2023,2023,S,173,https://www.mass.gov/doc/american-financial-network-inc-mlci-performance-evaluation/download
"Drew Mortgage Associates, Inc.","Shrewsbury, MA",5/1/2025,2025,S,171,https://www.mass.gov/doc/drew-mortgage-associates-inc-mlci-performance-evaluation/download
"HomeBridge Financial Services, Inc.","Iselin, NJ",8/17/2021,2021,S,163,https://www.mass.gov/doc/homebridge-financial-services-inc-mlci-performance-evaluation/download
Homestead Funding Corp.,"Albany, NY",12/20/2023,2023,S,163,https://www.mass.gov/doc/homestead-funding-corp-mlci-performance-evaluation/download
"Envoy Mortgage, LTD","Houston, TX",4/14/2021,2021,S,162,https://www.mass.gov/doc/envoy-mortgage-ltd-mlci-performance-evaluation/download
"Longbridge Financial, LLC","Mahwah, NJ",12/5/2022,2022,S,162,https://www.mass.gov/doc/longbridge-financial-llc-mlci-performance-evaluation/download
Finance of America Reverse LLC d/b/a FAR,"Tulsa, OK",9/7/2022,2022,S,150,https://www.mass.gov/doc/finance-of-america-reverse-llc-mlci-performance-evaluation/download
"Sierra Pacific Mortgage Company, Inc.","Folsom, CA",4/26/2024,2024,S,144,https://www.mass.gov/doc/sierra-pacific-mortgage-company-inc-mlci-performance-evaluation/download
"Member Advantage Mortgage, LLC","Grand Rapids, MI",10/3/2019,2019,S,139,https://www.mass.gov/doc/member-advantage-mortgage-llc-mlci-public-evaluation-0/download
"Plaza Home Mortgage, Inc.","San Diego, CA",6/29/2021,2021,S,135,https://www.mass.gov/doc/plaza-home-mortgage-inc-mlci-performance-evaluation/download
"Ark-La-Tex Financial Services, LLC","Plano, TX",4/6/2015,2015,S,125,https://www.mass.gov/doc/ark-la-tex-financial-services-llc-mlci-public-evaluation/download
"Cardinal Financial Company, Limited Partnership","Charlotte, NC",10/21/2024,2024,S,124,https://www.mass.gov/doc/cardinal-financial-company-limited-partnership-mlci-performance-evaluation/download
"Pulte Mortgage, LLC","Englewood, CO",11/7/2023,2023,S,124,https://www.mass.gov/doc/pulte-mortgage-llc-mlci-performance-evaluation/download
PHH Mortgage Corporation,"Mount Laurel, NJ",5/23/2023,2023,S,118,https://www.mass.gov/doc/phh-mortgage-corporation-mlci-performance-evaluation/download
"Semper Home Loans, LLC","Providence, RI",2/26/2024,2024,S,107,https://www.mass.gov/doc/semper-home-loans-inc-mlci-performance-evaluation/download
"Primary Residential Mortgage, Inc.","Salt Lake City, UT",4/20/2022,2022,S,99,https://www.mass.gov/doc/primary-residential-mortgage-inc-mlci-performance-evaluation/download
"Members Mortgage Company, Inc.","Stoneham, MA",9/20/2021,2021,S,96,https://www.mass.gov/doc/members-mortgage-company-inc-mlci-performance-evaluation/download
Arc Home LLC,"Moorestown, NJ",1/16/2024,2024,S,90,https://www.mass.gov/doc/arc-home-llc-mlci-performance-evaluation/download
LeaderOne Financial Corporation,"Overland Park, KS",10/20/2022,2022,S,90,https://www.mass.gov/doc/leaderone-financial-corporation-mlci-performance-evaluation/download
"Ross Mortgage Company, Inc.","Westborough, MA",2/25/2025,2025,S,85,https://www.mass.gov/doc/ross-mortgage-company-inc-mlci-performance-evaluation/download
"MLD Mortgage, Inc.","Florham Park, NJ",10/31/2022,2022,NI,84,https://www.mass.gov/doc/mld-mortgage-inc-mlci-performance-evaluation/download
"Reliance First Capital, LLC","Melville, NY",10/11/2022,2022,S,83,https://www.mass.gov/doc/reliance-first-capital-llc-mlci-performance-evaluation/download
"Province Mortgage Associates, Inc.","East Providence, RI",8/6/2025,2025,S,79,https://www.mass.gov/doc/province-mortgage-associates-inc-mlci-performance-evaluation-0/download
Nations Lending Corporation,"Independence, OH",1/11/2022,2022,S,78,https://www.mass.gov/doc/nations-lending-corporation-mlci-performance-evaluation/download
AmWest Funding Corp.,"Brea, CA",2/2/2026,2026,S,77,https://www.mass.gov/doc/amwest-funding-corp-mlci-performance-evaluation/download
"Geneva Financial, LLC","Chandler, AZ",5/1/2025,2025,S,69,https://www.mass.gov/doc/geneva-financial-llc-mlci-performance-evaluation/download
"Equity Resources, Inc.","Newark, OH",3/4/2024,2024,S,60,https://www.mass.gov/doc/equity-resources-inc-mlci-performance-evaluation/download
"Guidance Residential, LLC","Reston, VA",6/21/2023,2023,S,59,https://www.mass.gov/doc/guidance-residential-llc-mlci-performance-evaluation/download
Republic State Mortgage Co.,"Houston, TX",6/3/2024,2024,S,57,https://www.mass.gov/doc/republic-state-mortgage-co-mlci-performance-evaluation-0/download
"Allied Mortgage Group, Inc.","Bala Cynwyd, PA",11/20/2023,2023,S,55,https://www.mass.gov/doc/allied-mortgage-group-inc-mlci-performance-evaluation/download
Academy Mortgage Corporation,"Draper, UT",3/28/2023,2023,S,0,https://www.mass.gov/doc/academy-mortgage-corporation-mlci-performance-evaluation/download
"American Financial Resources, Inc.","Parsippany, NJ",1/21/2016,2016,S,0,https://www.mass.gov/doc/american-financial-resources-mlci-public-evaluation/download
American Financing Corporation,"Aurora, CO",5/7/2024,2024,S,0,https://www.mass.gov/doc/american-financing-corporation-mlci-performance-evaluation/download
"American Internet Mortgage, Inc.","San Diego, CA",7/7/2020,2020,S,0,https://www.mass.gov/doc/american-internet-mortgage-inc-mlci-public-evaluation-0/download
"American Nationwide Mortgage Company, Inc.","Tampa, FL",11/3/2020,2020,S,0,https://www.mass.gov/doc/american-nationwide-mortgage-company-inc-mlci-performance-evaluation/download
"Caliber Home Loans, Inc.","Coppell, TX",8/21/2023,2023,S,0,https://www.mass.gov/doc/caliber-home-loans-inc-mlci-performance-evaluation/download
"Conway Financial Services, LLC","Norwell, MA",12/2/2019,2019,S,0,https://www.mass.gov/doc/conway-financial-services-llc-mlci-public-evaluation/download
Draper and Kramer Mortgage Corp.,"Downers Grove, IL",9/7/2021,2021,S,0,https://www.mass.gov/doc/draper-and-kramer-mortgage-corp-mlci-performance-evaluation/download
"Equity Prime Mortgage, LLC","Atlanta, GA",7/23/2019,2019,HS,0,https://www.mass.gov/doc/equity-prime-mortgage-llc-mlci-public-evaluation/download
"Everett Financial, Inc.","Dallas, TX",3/11/2024,2024,S,0,https://www.mass.gov/doc/everett-financial-inc-mlci-performance-evaluation/download
"FBC Mortgage, LLC","Orlando, FL",9/19/2022,2022,NI,0,https://www.mass.gov/doc/fbc-mortgage-llc-mlci-performance-evaluation/download
Finance of America Mortgage LLC,"Conshohocken, PA",9/19/2022,2022,S,0,https://www.mass.gov/doc/finance-of-america-mortgage-llc-mlci-performance-evaluation/download
First Guaranty Mortgage Corporation,"Dallas, TX",8/8/2022,2022,S,0,https://www.mass.gov/doc/first-guaranty-mortgage-corporation-mlci-performance-evaluation/download
Home Point Financial Corporation,"Ann Arbor, MI",6/10/2022,2022,S,0,https://www.mass.gov/doc/home-point-financial-corporation-mlci-performance-evaluation/download
Homespire Mortgage Corporation,"Gaithersburg, MD",5/2/2023,2023,S,0,https://www.mass.gov/doc/homespire-mortgage-corporation-mlci-performance-evaluation/download
"J.G. Wentworth Home Lending, LLC","Woodbridge, VA",7/31/2019,2019,S,0,https://www.mass.gov/doc/jg-wentworth-home-lending-llc-mlci-public-evaluation/download
"Keller Mortgage, LLC","Dublin, OH",2/27/2023,2023,S,0,https://www.mass.gov/doc/keller-mortgage-llc-mlci-performance-evaluation/download
"LendUS, LLC","Alamo, CA",3/9/2020,2020,S,0,https://www.mass.gov/doc/lendus-llc-mlci-public-evaluation/download
Luxury Mortgage Corp.,"Stamford, CT",6/8/2021,2021,S,0,https://www.mass.gov/doc/luxury-mortgage-corp-mlci-performance-evaluation/download
Mid-Island Mortgage Corp.,"Westbury, NY",1/7/2021,2021,S,0,https://www.mass.gov/doc/mid-island-mortgage-corp-mlci-performance-evaluation/download
"MiLend, Inc.","Atlanta, GA",5/10/2017,2017,NI,0,https://www.mass.gov/doc/milend-inc-cra-public-evaluation/download
"Monument Mortgage Company, Inc.","Lexington, MA",4/21/2009,2009,S,0,https://www.mass.gov/doc/monument-mortgage-co-mlci-public-evaluation/download
"Mortgage Network, Inc.","Danvers, MA",12/21/2021,2021,S,0,https://www.mass.gov/doc/mortgage-network-inc-mlci-performance-evaluation/download
"New American Funding, LLC","Santa Ana, CA",4/9/2026,2026,S,0,https://www.mass.gov/doc/new-american-funding-llc-mlci-performance-evaluation/download
"New Day Financial, LLC","Fulton, MD",7/28/2020,2020,S,0,https://www.mass.gov/doc/new-day-financial-llc-mlci-public-evaluation/download
"Northeast Home Loan, LLC","West Chesterfield, NH",11/15/2021,2021,NI,0,https://www.mass.gov/doc/northeast-home-loan-llc-mlci-performance-evaluation/download
"Poli Mortgage Group, Inc.","Norwood, MA",2/3/2023,2023,NI,0,https://www.mass.gov/doc/poli-mortgage-group-inc-mlci-performance-evaluation/download
"Provident Funding Associates, LP","Santa Rosa, CA",8/31/2023,2023,NI,0,https://www.mass.gov/doc/provident-funding-associates-lp-mlci-performance-evaluation/download
Shamrock Financial Corporation,"East Providence, RI",2/17/2021,2021,S,0,https://www.mass.gov/doc/shamrock-home-loans-inc-mlci-performance-evaluation/download
"Top Flite Financial, Inc.","Williamston, MI",3/25/2025,2025,S,0,https://www.mass.gov/doc/top-flite-financial-inc-mlci-performance-evaluation/download
Toll Brothers Mortgage Company,"Fort Washington, PA",12/18/2023,2023,NI,0,https://www.mass.gov/doc/toll-brothers-mortgage-company-mlci-performance-evaluation/download
"Zillow Home Loans, LLC","Overland Park, KS",7/9/2013,2013,S,0,https://www.mass.gov/doc/mortgage-lenders-of-america-llc-mlci-public-evaluation/download
