rank,lei,name,originations_2024
1,549300FGXN1K3HLB1R50,"Rocket Mortgage, LLC",5027
2,549300U3721PJGQZYY68,"GUARANTEED RATE, INC.",4444
3,549300HW662MN1WU8550,"UNITED SHORE FINANCIAL SERVICES, LLC",3842
4,549300VZVN841I2ILS84,"CROSSCOUNTRY MORTGAGE, INC.",3233
5,549300AQ3T62GXDU7D76,GUILD MORTGAGE COMPANY,2301
6,549300MGPZBLQDIL7538,Fairway Independent Mortgage Corporation,2100
7,549300DD4R4SYK5RAQ92,"MOVEMENT MORTGAGE, LLC",1763
8,549300GKFNPRWNS0GF29,"CMG MORTGAGE, INC.",1625
9,549300VJQJVZKJBDWS17,"TOTAL MORTGAGE SERVICES, LLC",1327
10,549300H8H31LPYGJEW50,"SALEM FIVE MORTGAGE COMPANY, LLC",1256
11,549300AG64NHILB7ZP05,"Loandepot.Com, LLC",1206
12,549300FNXYY540N23N64,NEWREZ LLC,951
13,549300LBCBNR1OT00651,NATIONSTAR MORTGAGE LLC,874
14,549300E2UX99HKDBR481,"Broker Solutions, Inc.",850
15,RVDPPPGHCGZ40J4VQ731,"PENNYMAC LOAN SERVICES, LLC",812
16,549300DAUXQ2DCY4H838,"HARBORONE MORTGAGE, LLC",759
17,549300LYRWPSYPK6S325,FREEDOM MORTGAGE CORPORATION,740
18,54930001NSTOD85LT125,"GUARANTEED RATE AFFINITY, LLC",664
19,549300SYR11CYON0JE74,"BAYCOAST MORTGAGE COMPANY, LLC",610
20,549300GCEUZLVML1J263,RADIUS FINANCIAL GROUP INC.,594
21,549300CHBB3GN7JFXU86,"MSA MORTGAGE, LLC",539
22,549300OPCWU6E72WUT29,"MUTUAL OF OMAHA MORTGAGE, INC.",510
23,254900UL88QFG0E40516,FIGURE LENDING LLC,496
24,549300DD5QQUHO6PCH70,"Mortgage Research Center, LLC",492
25,549300EMNDEK4BA8WB53,EMM LOANS LLC,439
26,549300GE8KIGZVQV1223,MORTGAGE EQUITY PARTNERS LLC,431
27,549300L0OVX5O63S8C68,WASHINGTON TRUST MORTGAGE COMPANY LLC,403
28,549300TB3TMP4RV5T078,"NEW FED MORTGAGE, CORP.",402
29,549300S0KDQNIC08M074,UMASSFIVE COLLEGE,356
30,5493008PQSMR41Y70C36,"AMERANT MORTGAGE, LLC",345
31,254900O2K17TNH5CL873,"RF RENOVO MANAGEMENT COMPANY, LLC",342
32,549300JI0UWY4QIWDV89,"NORTHPOINT MORTGAGE, INC.",316
33,549300F8C5JA44WNMI75,AMERICAN NEIGHBORHOOD MORTGAGE ACCEPTANCE COMPANY LLC,313
34,549300YIQ7S7Z8PIHE53,AmeriSave Mortgage Corporation,304
35,549300QKL5FUBZ8LSF50,"NATIONS DIRECT MORTGAGE, LLC",296
36,549300J7I82PNDVU8H22,"OCMBC, INC.",271
37,549300NOCASXPA34X033,"LAKEVIEW LOAN SERVICING, LLC",257
38,549300PL8ER6H23P0Z91,BAY EQUITY LLC,249
39,549300121SF0K2LN2804,"PRIMELENDING, A PLAINSCAPITAL COMPANY",246
40,549300MCIFZSDHUT8X63,"NFM, INC.",226
41,549300T5QSL6MC8M4D04,"NORWICH COMMERCIAL GROUP, INC.",209
42,549300GPO6DWUZR4UY30,FIRST HOME MORTGAGE CORPORATION,206
43,549300PIL8LFAQ04XC20,"SPRING EQ, LLC",203
44,213800QUAI2VH5YM6310,"EMBRACE HOME LOANS, INC.",201
45,549300R0SXC1JU7ZU290,"FIRST COMMUNITY MORTGAGE, INC.",198
46,5493009OLY1HC3F0SB77,"WILLIAM RAVEIS MORTGAGE, LLC",197
47,254900ZFWS2106HWPH46,"Paramount Residential Mortgage Group, Inc.",186
48,5493002GI63WHHUTUD85,"KEYSTONE FUNDING, INC.",177
49,5493008NWHQT1R22C024,"AMERICAN FINANCIAL NETWORK, INC.",173
50,5493006VAGP3GQ8FJT49,"Kiavi Funding, Inc.",171
51,549300GTJL0LGX444G33,"DREW MORTGAGE ASSOCIATES, INC.",171
52,254900VELJPWWT51WN03,General Mortgage Capital Corporation,168
53,549300HRKD2IJSOPRA57,"CCG Fund 1, LLC",164
54,5493001WHVQBGRSWEU75,"HOMEBRIDGE FINANCIAL SERVICES, INC.",163
55,549300T3F9S1MKFKHC53,HOMESTEAD FUNDING CORP.,163
56,549300J6N77Q8OHYNF23,"ENVOY MORTGAGE, LTD",162
57,549300MHH03ICJYEPE85,"LONGBRIDGE FINANCIAL, LLC",162
58,549300GTVXJ2PGXNLM73,T2 FINANCIAL LLC,153
59,549300S5YL3OH0IVCS62,FINANCE OF AMERICA REVERSE LLC,150
60,254900JXCS783CPF1D02,"RCN Capital, LLC",144
61,254900TTZ395IC926125,"Sierra Pacific Mortgage Company, Inc.",144
62,5493007L3DI2JM8OHN91,"MEMBER ADVANTAGE MORTGAGE, LLC",139
63,549300JYXTZDSPJEPI44,"PLAZA HOME MORTGAGE, INC.",135
64,549300M44OPBJUICB315,NORTHERN HOME LOANS LLC,132
65,5493001GDRY0EL7VG372,"ARK-LA-TEX FINANCIAL SERVICES, LLC.",125
66,5493004WMLN60ZJ2ON46,PULTE MORTGAGE LLC,124
67,549300VORTI31GZTJL53,"CARDINAL FINANCIAL COMPANY, LIMITED PARTNERSHIP",124
68,PAOOWF3GUFM46FBSP561,PHH Mortgage Corporation,118
69,254900RUCO27MVGTO768,Loan Funder LLC,114
70,549300KT5OWPGQKWUN86,"SEMPER HOME LOANS, INC",107
71,54930025XJJO3T0M1A92,GEORGIA'S OWN,106
72,549300SE1WZDU07WPD35,GREATER SPRINGFIELD,103
73,54930052M48FOD3CWA54,"PRIMARY RESIDENTIAL MORTGAGE, INC.",99
74,5493005HTCBH4TWCVM82,"MEMBERS MORTGAGE COMPANY, INC.",96
75,5493005PKOSG7MYX0B34,"Prosperity Home Mortgage, LLC",94
76,5493000NYUJT9UC6G261,LEADERONE FINANCIAL CORPORATION,90
77,54930048P8RWCQHQM310,ARC HOME LLC,90
78,549300ZPSJZO10ZAX556,"AMERICAN HERITAGE LENDING, LLC",87
79,254900PRB9DTJAHMMZ45,"ROSS MORTGAGE COMPANY, INC.",85
80,549300AG10BX85DF5S49,MLD MORTGAGE INC.,84
81,549300JKR164SLNO6Y85,"NATIONS RELIABLE LENDING, LLC",83
82,549300RN01LBYR8ZVX74,"LOWER, LLC",83
83,549300YW2UBCMDRMBT48,"RELIANCE FIRST CAPITAL, LLC",83
84,549300XY701IELCE5Q08,BETTER MORTGAGE CORPORATION,80
85,5493008XQDQ2YZPQKX53,"PROVINCE MORTGAGE ASSOCIATES, INC.",79
86,254900WEP08K7U7S3A80,Nations Lending Corporation,78
87,549300O6Z0I6KYMESL47,AMWEST FUNDING CORP.,77
88,549300UR5AOWTJJ7KZ64,LENDSURE MORTGAGE CORP.,77
89,549300VCMRO4ST680C11,VILLAGE CAPITAL & INVESTMENT LLC,76
90,2549005SIVTHG14U2905,A&D Mortgage LLC,72
91,5493001XKL0FTNOJ0866,"GENEVA FINANCIAL, LLC",69
92,549300RPOGWJRH63HS39,UNION HOME MORTGAGE CORP.,69
93,254900Y6EUNN0KGMJW67,Commercial Lender LLC,62
94,5493003V40VGM7YDFM54,FIRST COLONY MORTGAGE CORPORATION,61
95,549300G2LV8W3C1G3762,"EQUITY RESOURCES, INC.",60
96,549300RD5IG88VPO6P22,"GUIDANCE RESIDENTIAL, LLC",59
97,254900LKAJBFGO0IIP75,REPUBLIC STATE MORTGAGE CO.,57
98,549300R77W0P105C3S50,HOMEXPRESS MORTGAGE CORP.,56
99,5493009B17HXCVXTD608,"JMAC LENDING, INC.",55
100,549300RYWXR8TL5LIK35,"ALLIED MORTGAGE GROUP, INC.",55
101,549300TA4MQM8WN2XG31,"VELOCITY COMMERCIAL CAPITAL, LLC",54
102,2549004Z576VEJBK3N72,"NQM FUNDING, LLC",53
