rssd,cert,name,location,method,exam_date,overall,assets,svc_rating,inv_rating,cd_rating,branches_topneed,exposure,top_county
233031,12368,REGIONS BANK,"BIRMINGHAM, AL",Large Bank,"Mar 04, 2019",Satisfactory,"$123,928,444",Low Satisfactory,High Satisfactory,,255,344778,"Harris, TX"
210434,913,"NORTHERN TRUST COMPANY, THE","CHICAGO, IL",Wholesale,"Oct 15, 2018",Outstanding,"$134,656,952",High Satisfactory,Outstanding,,31,217485,"Maricopa, AZ"
485559,4977,FIRST HORIZON BANK,"MEMPHIS, TN",Large Bank,"Nov 30, 2020",Satisfactory,"$82,688,692",High Satisfactory,Outstanding,,100,209537,"Harris, TX"
663245,3890,SIMMONS BANK,"PINE BLUFF, AR",Large Bank,"Sep 06, 2022",Satisfactory,"$27,171,310",Low Satisfactory,Low Satisfactory,,74,172332,"Harris, TX"
456045,11241,CENTENNIAL BANK,"CONWAY, AR",Large Bank,"Sep 10, 2018",Satisfactory,"$14,904,936",Low Satisfactory,Low Satisfactory,Satisfactory,57,170656,"Travis, TX"
416245,16450,BUSEY BANK,"CHAMPAIGN, IL",Large Bank,"Oct 14, 2025",Satisfactory,"$18,866,438",High Satisfactory,Outstanding,,29,155463,"Maricopa, AZ"
4210227,59052,NBH BANK,"GREENWOOD VILLAGE, CO",Large Bank,"Sep 17, 2018",Satisfactory,"$5,623,365",Low Satisfactory,Low Satisfactory,,38,149215,"Travis, TX"
682563,5510,FROST BANK,"SAN ANTONIO, TX",Large Bank,"Mar 04, 2024",Satisfactory,"$48,799,477",High Satisfactory,Outstanding,,143,139172,"Harris, TX"
601050,24998,COMMERCE BANK,"KANSAS CITY, MO",Large Bank,"Nov 28, 2022",Outstanding,"$34,838,342",Outstanding,Outstanding,,78,134010,"Maricopa, AZ"
637451,17491,PLAINSCAPITAL BANK,"UNIVERSITY PARK, TX",Large Bank,"May 17, 2021",Satisfactory,"$13,674,043",Low Satisfactory,Needs to Improve,,34,126091,"Harris, TX"
2594240,34562,ENCORE BANK,"LITTLE ROCK, AR",Large Bank,"Oct 20, 2025",Satisfactory,"$3,705,306",Low Satisfactory,Low Satisfactory,,12,121938,"Travis, TX"
380458,26906,TEXAS REGIONAL BANK,"HARLINGEN, TX",Int Small Bank,"May 28, 2019",Satisfactory,"$866,562",High Satisfactory,Low Satisfactory,Satisfactory,15,111809,"Harris, TX"
3630323,58716,THIRD COAST BANK,"HUMBLE, TX",Large Bank,"Aug 12, 2024",Satisfactory,"$4,650,798",Low Satisfactory,Low Satisfactory,Satisfactory,12,107425,"Harris, TX"
197478,31628,EAST WEST BANK,"PASADENA, CA",Large Bank,"Mar 08, 2021",Outstanding,"$52,225,880",Low Satisfactory,Needs to Improve,,20,101137,"Harris, TX"
965789,34885,SUSSER BANK,"DALLAS, TX",Int Small Bank,"Feb 28, 2022",Satisfactory,"$1,458,568",,,Satisfactory,9,99894,"Harris, TX"
980960,19215,BENCHMARK BANK,"PLANO, TX",Int Small Bank,"Aug 04, 2025",Satisfactory,"$1,218,286",,,Satisfactory,8,99894,"Harris, TX"
667757,12614,ORIGIN BANK,"CHOUDRANT, LA",Large Bank,"Nov 04, 2019",Satisfactory,"$5,088,357",Low Satisfactory,Low Satisfactory,,21,80410,"Harris, TX"
470050,3066,FIRST FINANCIAL BANK,"ABILENE, TX",Large Bank,"Jun 03, 2024",Outstanding,"$13,132,970",Outstanding,Outstanding,,19,67542,"Harris, TX"
3138146,57512,WESTERN ALLIANCE BANK,"PHOENIX, AZ",Strategic Plan,"May 27, 2025",Satisfactory,"$70,852,671",High Satisfactory,High Satisfactory,,10,53290,"Maricopa, AZ"
853952,12633,"CENTRAL TRUST BANK, THE","JEFFERSON CITY, MO",Large Bank,"Oct 01, 2018",Satisfactory,"$2,333,498",High Satisfactory,Low Satisfactory,,54,51647,"Jackson, MO"
76854,22065,GRAND BANK,"TULSA, OK",Int Small Bank,"Jun 10, 2024",Satisfactory,"$591,730",,,Outstanding,2,50386,"Harris, TX"
165628,6600,FIRST FINANCIAL BANK,"CINCINNATI, OH",Large Bank,"Jun 12, 2023",Outstanding,"$16,915,645",High Satisfactory,Low Satisfactory,,37,49931,"Franklin, OH"
365325,22858,UNITED BANK,"FAIRFAX, VA",Large Bank,"Oct 17, 2022",Satisfactory,"$29,002,351",High Satisfactory,Needs to Improve,,24,46473,"Charleston, SC"
3337097,57873,COMMONWEALTH BUSINESS BANK,"LOS ANGELES, CA",Large Bank,"Sep 23, 2024",Satisfactory,"$1,654,826",Low Satisfactory,Low Satisfactory,Needs to Improve,5,44688,"Dallas, TX"
473266,23799,TEXAS FIRST BANK,"TEXAS CITY, TX",Large Bank,"May 28, 2024",Satisfactory,"$2,179,880",High Satisfactory,Low Satisfactory,Satisfactory,9,43660,"Harris, TX"
687951,19123,FIRST WESTERN BANK AND TRUST,"MINOT, ND",Large Bank,"Sep 23, 2024",Satisfactory,"$2,208,449",Low Satisfactory,Low Satisfactory,Satisfactory,2,40606,"Maricopa, AZ"
272272,28332,SOUTHERN BANK,"POPLAR BLUFF, MO",Large Bank,"Oct 16, 2023",Satisfactory,"$4,419,729",High Satisfactory,High Satisfactory,Satisfactory,6,40193,"Jackson, MO"
311845,8728,ARVEST BANK,"FAYETTEVILLE, AR",Large Bank,"Sep 27, 2021",Satisfactory,"$26,237,693",Low Satisfactory,Needs to Improve,,49,40057,"Jackson, MO"
501105,588,MANUFACTURERS AND TRADERS TRUST COMPANY,"BUFFALO, NY",Large Bank,"Sep 07, 2020",Outstanding,"$142,219,684",High Satisfactory,High Satisfactory,,39,38888,"New York, NY"
541101,639,"BANK OF NEW YORK MELLON, THE","NEW YORK, NY",Wholesale,"Nov 19, 2018",Satisfactory,"$273,110,000",Low Satisfactory,Outstanding,,5,36850,"Harris, TX"
18854,4147,BANK7,"OKLAHOMA CITY, OK",Int Small Bank,"Sep 17, 2018",Satisfactory,"$705,775",,,Outstanding,2,36750,"Dallas, TX"
26765,3405,VANTAGE BANK TEXAS,"SAN ANTONIO, TX",Int Small Bank,"May 06, 2019",Satisfactory,"$1,916,572",Low Satisfactory,Low Satisfactory,Satisfactory,3,36129,"Harris, TX"
876634,9622,CAPITAL CITY BANK,"TALLAHASSEE, FL",Large Bank,"Sep 30, 2019",Satisfactory,"$2,994,817",Low Satisfactory,Needs to Improve,,24,35341,"Alachua, FL"
216922,15019,FIRST BANK,"SOUTHERN PINES, NC",Large Bank,"Nov 06, 2023",Satisfactory,"$11,977,575",High Satisfactory,High Satisfactory,,11,34757,"Richland, SC"
659855,1105,FIRST INTERSTATE BANK,"BILLINGS, MT",Large Bank,"Mar 18, 2019",Outstanding,"$12,151,833",High Satisfactory,Low Satisfactory,,22,34151,"Boulder, CO"
1187001,27210,INTERBANK,"OKLAHOMA CITY, OK",Large Bank,"Jul 10, 2023",Satisfactory,"$4,193,164",Low Satisfactory,Needs to Improve,Satisfactory,5,31803,"Dallas, TX"
517357,14899,BLUE SKY BANK,"PAWHUSKA, OK",Int Small Bank,"Dec 01, 2025",Satisfactory,"$1,196,528",,,Satisfactory,2,31803,"Dallas, TX"
169653,12229,FIRST BANK,"CREVE COEUR, MO",Large Bank,"Jan 29, 2024",Satisfactory,"$6,554,829",Low Satisfactory,Low Satisfactory,,26,31210,"Orange, CA"
517049,5615,CHAMBERS BANK,"DANVILLE, AR",Int Small Bank,"Feb 18, 2025",Satisfactory,"$1,387,566",,,Outstanding,4,31007,"Dallas, TX"
106359,23473,FIRST FIDELITY BANK,"OKLAHOMA CITY, OK",Large Bank,"Nov 30, 2020",Satisfactory,"$2,082,534",Low Satisfactory,Low Satisfactory,,6,29959,"Maricopa, AZ"
139656,25858,EQUITY BANK,"ANDOVER, KS",Large Bank,"Aug 07, 2023",Satisfactory,"$5,152,516",Low Satisfactory,Low Satisfactory,Satisfactory,9,29616,"Jackson, MO"
828651,19220,ANB BANK,"DENVER, CO",Large Bank,"Sep 23, 2024",Outstanding,"$3,180,893",Low Satisfactory,Outstanding,,7,28907,"St. Louis, MO"
577128,6544,PEOPLES BANK,"MARIETTA, OH",Large Bank,"Mar 23, 2020",Outstanding,"$4,272,990",High Satisfactory,Outstanding,,7,28330,"Hamilton, OH"
3374412,58115,OAKSTAR BANK,"SPRINGFIELD, MO",Int Small Bank,"Jun 13, 2022",Satisfactory,"$1,895,004",High Satisfactory,High Satisfactory,Outstanding,4,28256,"Jackson, MO"
777366,20387,BANK OF THE ORIENT,"SAN FRANCISCO, CA",Int Small Bank,"Aug 20, 2018",Satisfactory,"$736,455",Low Satisfactory,Low Satisfactory,Satisfactory,1,27356,"Harris, TX"
31255,17612,CENTRAL BANK,"HOUSTON, TX",Int Small Bank,"Nov 09, 2020",Satisfactory,"$808,067",,,Satisfactory,4,27356,"Harris, TX"
629353,3301,FIRST LIBERTY BANK,"LIBERTY, TX",Int Small Bank,"Dec 02, 2024",Outstanding,"$501,041",,,Satisfactory,1,27356,"Harris, TX"
528960,24563,TEXAS COMMUNITY BANK,"LAREDO, TX",Large Bank,"Oct 23, 2023",Satisfactory,"$1,955,717",Needs to Improve,Low Satisfactory,Satisfactory,1,27015,"Travis, TX"
435750,15511,FIRST STATE BANK,"GAINESVILLE, TX",Int Small Bank,"Mar 01, 2021",Outstanding,"$1,310,944",High Satisfactory,Needs to Improve,Satisfactory,4,23959,"Collin, TX"
2705895,34699,METROPOLITAN COMMERCIAL BANK,"NEW YORK, NY",Large Bank,"Nov 03, 2025",Satisfactory,"$7,614,929",High Satisfactory,High Satisfactory,Satisfactory,8,23704,"New York, NY"
933975,17159,BANK OF UTAH,"OGDEN, UT",Large Bank,"Jan 19, 2021",Outstanding,"$1,780,477",Low Satisfactory,Substantial Noncompliance,Satisfactory,8,23263,"Salt Lake, UT"
212577,27677,HOMETRUST BANK,"ASHEVILLE, NC",Large Bank,"Sep 13, 2021",Satisfactory,"$3,524,452",Low Satisfactory,Low Satisfactory,,5,23218,"Wake, NC"
726953,26626,UNITED TEXAS BANK,"DALLAS, TX",Int Small Bank,"Nov 03, 2021",Satisfactory,"$1,109,562",,,Satisfactory,3,23030,"Dallas, TX"
3465392,58483,PEGASUS BANK,"DALLAS, TX",Int Small Bank,"Nov 18, 2024",Satisfactory,"$1,292,315",,,Outstanding,3,23030,"Dallas, TX"
3532641,58463,SMARTBANK,"PIGEON FORGE, TN",Large Bank,"Sep 13, 2021",Satisfactory,"$4,606,198",Low Satisfactory,Needs to Improve,Satisfactory,5,22933,"Leon, FL"
2182786,33124,GOLDMAN SACHS BANK USA,"NEW YORK, NY",Wholesale,"Jul 08, 2019",Outstanding,"$191,517,000",,,,3,22931,"Salt Lake, UT"
497039,22354,COMMERCIAL BANK,"HARROGATE, TN",Large Bank,"Oct 06, 2025",Satisfactory,"$2,238,247",Low Satisfactory,Needs to Improve,Satisfactory,5,22634,"Davidson, TN"
494261,24045,BANC OF CALIFORNIA,"LOS ANGELES, CA",Large Bank,"Apr 14, 2025",Outstanding,"$33,458,298",High Satisfactory,Outstanding,,14,20247,"Orange, CA"
327855,3226,CIERA BANK,"GRAHAM, TX",Int Small Bank,"Sep 10, 2018",Satisfactory,"$524,741",,,Satisfactory,4,19012,"Denton, TX"
3150205,57414,WORTHINGTON BANK,"ARLINGTON, TX",Int Small Bank,"Apr 07, 2025",Satisfactory,"$612,795",,,Outstanding,5,19012,"Denton, TX"
673440,5633,FIRST SECURITY BANK,"SEARCY, AR",Large Bank,"Nov 03, 2025",Satisfactory,"$8,156,223",High Satisfactory,High Satisfactory,,24,18702,"Pulaski, AR"
856748,17211,"CITIZENS BANK, THE","BATESVILLE, AR",Int Small Bank,"May 15, 2023",Satisfactory,"$1,335,234",High Satisfactory,High Satisfactory,Satisfactory,4,18702,"Pulaski, AR"
648242,8136,INDEPENDENCE BANK OF KENTUCKY,"OWENSBORO, KY",Large Bank,"Oct 25, 2021",Satisfactory,"$3,062,572",Low Satisfactory,High Satisfactory,,2,18442,"Jefferson, KY"
266945,292,MONTICELLO BANKING COMPANY,"MONTICELLO, KY",Int Small Bank,"Sep 05, 2023",Satisfactory,"$1,164,339",,,Satisfactory,2,18442,"Jefferson, KY"
773247,1040,MIDLAND STATES BANK,"EFFINGHAM, IL",Large Bank,"Jun 21, 2021",Satisfactory,"$6,857,988",Low Satisfactory,Low Satisfactory,Satisfactory,8,17686,"Champaign, IL"
991340,9087,1ST SOURCE BANK,"SOUTH BEND, IN",Large Bank,"Sep 25, 2023",Outstanding,"$8,411,706",High Satisfactory,Needs to Improve,,4,16946,"Tippecanoe, IN"
23504,6976,BNB BANK,"BRIDGEHAMPTON, NY",Large Bank,"Jul 30, 2018",Satisfactory,"$4,446,676",High Satisfactory,High Satisfactory,,3,16702,"New York, NY"
1842065,33306,CIBC BANK USA,"CHICAGO, IL",Large Bank,"Aug 04, 2025",Outstanding,"$60,355,912",Outstanding,Outstanding,,2,15115,"St. Louis, MO"
150035,1487,FIRST FARMERS AND MERCHANTS BANK,"COLUMBIA, TN",Large Bank,"Mar 20, 2023",Satisfactory,"$1,970,197",Low Satisfactory,Low Satisfactory,Satisfactory,2,14947,"Davidson, TN"
3290240,57825,TRUXTON TRUST COMPANY,"NASHVILLE, TN",Int Small Bank,"Oct 31, 2022",Satisfactory,"$875,161",,,Satisfactory,1,14947,"Davidson, TN"
2877345,35521,INSBANK,"NASHVILLE, TN",Int Small Bank,"Nov 07, 2022",Satisfactory,"$721,727",,,Satisfactory,2,14947,"Davidson, TN"
693224,34589,ATLANTIC UNION BANK,"RICHMOND, VA",Large Bank,"Oct 16, 2023",Satisfactory,"$20,495,690",Low Satisfactory,Low Satisfactory,,6,14560,"Wake, NC"
463650,18489,ADAMS BANK & TRUST,"OGALLALA, NE",Int Small Bank,"Jul 27, 2020",Satisfactory,"$846,119",High Satisfactory,Low Satisfactory,Satisfactory,4,14024,"Boulder, CO"
12946,1291,FARMERS BANK & TRUST COMPANY,"MAGNOLIA, AR",Large Bank,"Nov 07, 2022",Satisfactory,"$2,479,838",Low Satisfactory,Low Satisfactory,Satisfactory,2,13720,"Collin, TX"
871769,1225,FARMERS AND MERCHANTS BANK OF LONG BEACH,"LONG BEACH, CA",Large Bank,"Sep 17, 2018",Satisfactory,"$7,274,369",Outstanding,Low Satisfactory,,15,13477,"Orange, CA"
3281510,57716,UNITED BUSINESS BANK,"WALNUT CREEK, CA",Int Small Bank,"Sep 09, 2019",Satisfactory,"$1,481,799",High Satisfactory,High Satisfactory,Satisfactory,3,13477,"Orange, CA"
3052813,57176,COMMERCEWEST BANK,"IRVINE, CA",Int Small Bank,"Jan 07, 2019",Satisfactory,"$589,928",,,Satisfactory,1,13477,"Orange, CA"
3284070,57803,ALLY BANK,"SANDY, UT",Strategic Plan,"Sep 28, 2020",Outstanding,"$172,910,000",,,,1,13437,"Salt Lake, UT"
614313,13339,"STATE BANK AND TRUST COMPANY, THE","DEFIANCE, OH",Large Bank,"Jan 30, 2023",Satisfactory,"$1,293,834",Low Satisfactory,Needs to Improve,,1,13253,"Franklin, OH"
542528,12982,CIVISTA BANK,"SANDUSKY, OH",Large Bank,"May 13, 2019",Satisfactory,"$2,133,513",Low Satisfactory,Low Satisfactory,Satisfactory,2,13253,"Franklin, OH"
2193616,33893,RAYMOND JAMES BANK,"SAINT PETERSBURG, FL",Large Bank,"May 22, 2023",Satisfactory,"$42,076,662",High Satisfactory,Outstanding,,1,12937,"Pinellas, FL"
35301,14,STATE STREET BANK AND TRUST COMPANY,"BOSTON, MA",Wholesale,"Sep 27, 2021",Outstanding,"$322,958,000",,,,1,11735,"Jackson, MO"
852544,1528,SOUTHERN BANCORP BANK,"ARKADELPHIA, AR",Large Bank,"Mar 17, 2025",Outstanding,"$2,739,322",Outstanding,Outstanding,Outstanding,2,10725,"Pulaski, AR"
453446,3873,EAGLE BANK AND TRUST COMPANY,"LITTLE ROCK, AR",Int Small Bank,"Sep 03, 2024",Satisfactory,"$474,036",,,Satisfactory,5,10725,"Pulaski, AR"
48374,28905,FIRST FINANCIAL BANK,"EL DORADO, AR",Int Small Bank,"Sep 06, 2021",Satisfactory,"$1,557,182",Low Satisfactory,Low Satisfactory,Satisfactory,1,10725,"Pulaski, AR"
49241,19371,RELYANCE BANK,"WHITE HALL, AR",Int Small Bank,"Jun 05, 2023",Satisfactory,"$1,190,663",,,Outstanding,4,10725,"Pulaski, AR"
168571,28812,ARMOR BANK,"FORREST CITY, AR",Int Small Bank,"Oct 15, 2024",Satisfactory,"$450,573",,,Satisfactory,4,10725,"Pulaski, AR"
913146,17431,STONE BANK,"MOUNTAIN VIEW, AR",Int Small Bank,"Mar 31, 2025",Satisfactory,"$839,584",,,Satisfactory,1,10725,"Pulaski, AR"
256553,17437,DACOTAH BANK,"ABERDEEN, SD",Large Bank,"Mar 27, 2023",Outstanding,"$3,589,007",High Satisfactory,Low Satisfactory,,1,10647,"Hennepin, MN"
2631846,34836,NORTH AMERICAN BANKING COMPANY,"ROSEVILLE, MN",Int Small Bank,"Jun 09, 2025",Satisfactory,"$1,368,790",,,Satisfactory,2,10647,"Hennepin, MN"
844567,3389,POINTBANK,"PILOT POINT, TX",Int Small Bank,"Jul 26, 2021",Satisfactory,"$715,760",,,Needs to Improve,10,10239,"Denton, TX"
3150447,57450,"CHARLES SCHWAB BANK, SSB","WESTLAKE, TX",Strategic Plan,"Oct 14, 2025",Outstanding,"$243,112,000",,,,1,10239,"Denton, TX"
1893049,33497,"CHARLES SCHWAB PREMIER BANK, SSB","WESTLAKE, TX",Strategic Plan,"Oct 14, 2025",Outstanding,"$25,134,000",,,,1,10239,"Denton, TX"
615217,9457,"NORTH SIDE BANK AND TRUST COMPANY, THE","CINCINNATI, OH",Int Small Bank,"Oct 07, 2024",Outstanding,"$1,009,577",Low Satisfactory,Substantial Noncompliance,Satisfactory,8,9888,"Hamilton, OH"
285740,16664,"PADUCAH BANK AND TRUST COMPANY, THE","PADUCAH, KY",Int Small Bank,"Sep 20, 2021",Satisfactory,"$811,568",,,Satisfactory,1,9847,"Jefferson, KY"
243375,22653,GREEN DOT BANK,"PROVO, UT",Strategic Plan,"Nov 12, 2024",Outstanding,"$3,932,353",,,,1,9826,"Utah, UT"
2785646,8252,OLD MISSOURI BANK,"SPRINGFIELD, MO",Int Small Bank,"Mar 06, 2023",Satisfactory,"$1,070,997",,,Satisfactory,2,9620,"Johnson, KS"
285852,4746,FIRST OPTION BANK,"OSAWATOMIE, KS",Int Small Bank,"Mar 06, 2023",Satisfactory,"$612,375",,,Outstanding,1,9620,"Johnson, KS"
940311,34968,BANCO POPULAR DE PUERTO RICO,"SAN JUAN, PR",Large Bank,"Jun 23, 2025",Satisfactory,"$58,456,000",High Satisfactory,Low Satisfactory,,1,9494,"New York, NY"
2736291,34967,POPULAR BANK,"NEW YORK, NY",Large Bank,"Sep 15, 2025",Satisfactory,"$14,864,258",High Satisfactory,Low Satisfactory,,7,9494,"New York, NY"
236706,11035,PEAPACK-GLADSTONE BANK,"BEDMINSTER, NJ",Large Bank,"Jun 07, 2021",Satisfactory,"$5,892,261",Low Satisfactory,Low Satisfactory,,1,9494,"New York, NY"
3664588,58741,FIELDPOINT PRIVATE BANK & TRUST,"GREENWICH, CT",Int Small Bank,"Jan 16, 2024",Needs to Improve,"$1,656,434",,,Satisfactory,1,9494,"New York, NY"
214807,623,DEUTSCHE BANK TRUST COMPANY AMERICAS,"NEW YORK, NY",Wholesale,"Jun 18, 2018",Outstanding,"$42,106,000",,,,1,9494,"New York, NY"
229913,21843,MIZUHO BANK (USA),"NEW YORK, NY",Wholesale,"Feb 22, 2021",Outstanding,"$7,380,887",,,,2,9494,"New York, NY"
139843,12839,FIRST FARMERS BANK & TRUST CO.,"CONVERSE, IN",Large Bank,"Sep 20, 2021",Satisfactory,"$2,298,100",High Satisfactory,Low Satisfactory,Satisfactory,2,9394,"Tippecanoe, IN"
256058,24472,AMERICAN NATION BANK,"ARDMORE, OK",Int Small Bank,"Sep 27, 2021",Satisfactory,"$566,443",,,Satisfactory,2,8773,"Tarrant, TX"
509811,2720,"COMMUNITY TRUST BANK, INC.","PIKEVILLE, KY",Large Bank,"Oct 07, 2019",Satisfactory,"$5,000,601",Low Satisfactory,Low Satisfactory,,6,8595,"Fayette, KY"
1445943,32912,"WHITAKER BANK, INC","LEXINGTON, KY",Large Bank,"Nov 27, 2023",Outstanding,"$1,956,886",Low Satisfactory,Needs to Improve,,4,8595,"Fayette, KY"
2849463,34966,FIRST CAPITAL BANK,"CHARLESTON, SC",Int Small Bank,"May 19, 2025",Satisfactory,"$1,012,100",,,Satisfactory,2,8496,"Charleston, SC"
371362,1219,WELLINGTON STATE BANK,"WELLINGTON, TX",Int Small Bank,"Oct 23, 2023",Satisfactory,"$562,371",,,Satisfactory,1,8427,"Lubbock, TX"
874845,13102,LAKE CITY BANK,"WARSAW, IN",Large Bank,"Mar 01, 2021",Satisfactory,"$5,822,227",High Satisfactory,Low Satisfactory,,3,8283,"Marion, IN"
94522,20484,BENCHMARK COMMUNITY BANK,"KENBRIDGE, VA",Int Small Bank,"Aug 15, 2022",Satisfactory,"$1,060,822",High Satisfactory,Needs to Improve,Satisfactory,1,8275,"Wake, NC"
2915461,35519,NORTH STATE BANK,"RALEIGH, NC",Int Small Bank,"Jun 30, 2025",Satisfactory,"$1,435,137",,,Satisfactory,6,8275,"Wake, NC"
945053,15399,RCB BANK,"CLAREMORE, OK",Large Bank,"Sep 08, 2025",Satisfactory,"$3,899,432",Low Satisfactory,Low Satisfactory,,3,8261,"Sedgwick, KS"
1014853,4707,CITIZENS BANK OF KANSAS,"KINGMAN, KS",Int Small Bank,"Aug 14, 2023",Satisfactory,"$481,443",,,Satisfactory,5,8261,"Sedgwick, KS"
227151,1869,UNION STATE BANK,"ARKANSAS CITY, KS",Int Small Bank,"Mar 17, 2025",Satisfactory,"$702,830",,,Satisfactory,2,8261,"Sedgwick, KS"
657459,1058,MIDWEST BANKCENTRE,"SAINT LOUIS, MO",Large Bank,"Feb 22, 2022",Outstanding,"$2,374,880",Low Satisfactory,Low Satisfactory,,9,8113,"St. Louis, MO"
177751,1068,CASS COMMERCIAL BANK,"DES PERES, MO",Int Small Bank,"May 13, 2024",Satisfactory,"$1,344,302",Low Satisfactory,High Satisfactory,Satisfactory,2,8113,"St. Louis, MO"
185859,1073,LINDELL BANK & TRUST COMPANY,"SAINT LOUIS, MO",Int Small Bank,"Sep 05, 2023",Satisfactory,"$863,098",Low Satisfactory,Low Satisfactory,Satisfactory,8,8113,"St. Louis, MO"
613558,8255,MONTGOMERY BANK,"SIKESTON, MO",Int Small Bank,"May 01, 2023",Satisfactory,"$1,300,407",,,Outstanding,7,8113,"St. Louis, MO"
3076248,57311,STIFEL BANK AND TRUST,"SAINT LOUIS, MO",Strategic Plan,"Mar 23, 2020",Outstanding,"$13,901,250",High Satisfactory,Outstanding,,1,8113,"St. Louis, MO"
677644,16216,"FARMERS & MERCHANTS BANK, THE","STUTTGART, AR",Int Small Bank,"Jun 03, 2019",Satisfactory,"$1,048,367",,Low Satisfactory,Satisfactory,6,7977,"Washington, AR"
34742,13083,FIRST WESTERN BANK,"BOONEVILLE, AR",Int Small Bank,"May 12, 2025",Satisfactory,"$725,601",,,Satisfactory,1,7977,"Washington, AR"
114840,13632,FIRST STATE BANK,"RUSSELLVILLE, AR",Int Small Bank,"Dec 02, 2024",Satisfactory,"$559,812",,,Outstanding,1,7977,"Washington, AR"
3350724,89,SIGNATURE BANK OF ARKANSAS,"FAYETTEVILLE, AR",Int Small Bank,"Oct 15, 2024",Satisfactory,"$1,210,630",,,Satisfactory,3,7977,"Washington, AR"
2958972,57097,NORTHSTAR BANK,"BAD AXE, MI",Int Small Bank,"Feb 06, 2023",Satisfactory,"$911,313",,,Satisfactory,1,7765,"Washtenaw, MI"
711548,14009,CHELSEA STATE BANK,"CHELSEA, MI",Int Small Bank,"Feb 26, 2024",Satisfactory,"$403,647",,,Satisfactory,3,7765,"Washtenaw, MI"
479370,29783,HIGH COUNTRY BANK,"SALIDA, CO",Int Small Bank,"Jul 10, 2023",Satisfactory,"$440,094",,,Satisfactory,1,7753,"Boulder, CO"
479839,20720,TENNESSEE STATE BANK,"PIGEON FORGE, TN",Int Small Bank,"Jun 12, 2023",Satisfactory,"$1,035,492",Low Satisfactory,Needs to Improve,Satisfactory,3,7687,"Knox, TN"
749635,35,AUBURNBANK,"AUBURN, AL",Int Small Bank,"Mar 03, 2025",Satisfactory,"$976,852",High Satisfactory,High Satisfactory,Satisfactory,5,7222,"Lee, AL"
3368635,58030,PARADISE BANK,"BOCA RATON, FL",Int Small Bank,"Sep 19, 2022",Satisfactory,"$416,402",,,Satisfactory,2,7002,"Palm Beach, FL"
719656,12223,"CALLAWAY BANK, THE","FULTON, MO",Int Small Bank,"Oct 06, 2025",Satisfactory,"$498,766",,,Satisfactory,3,6901,"Boone, MO"
309150,14036,"MISSOURI BANK, THE","WARRENTON, MO",Int Small Bank,"Aug 18, 2025",Satisfactory,"$470,003",,,Satisfactory,1,6901,"Boone, MO"
3274709,57756,COASTAL STATES BANK,"HILTON HEAD ISLAND, SC",Int Small Bank,"Oct 21, 2024",Satisfactory,"$2,113,953",,,Satisfactory,1,6796,"Cobb, GA"
830542,1552,CBI BANK & TRUST,"MUSCATINE, IA",Int Small Bank,"Oct 20, 2025",Outstanding,"$1,575,685",High Satisfactory,High Satisfactory,Satisfactory,1,6287,"Johnson, IA"
678744,1550,CENTRAL STATE BANK,"ELKADER, IA",Int Small Bank,"Jun 06, 2022",Satisfactory,"$404,247",,,Satisfactory,2,6287,"Johnson, IA"
223322,22918,"FIRST BANK AND TRUST COMPANY, THE","LEBANON, VA",Large Bank,"Oct 19, 2020",Satisfactory,"$2,319,799",Low Satisfactory,Low Satisfactory,Satisfactory,2,6285,"Montgomery, VA"
2353595,13012,FIRST COMMUNITY BANK,"BLUEFIELD, VA",Large Bank,"Sep 10, 2018",Satisfactory,"$2,344,033",Low Satisfactory,High Satisfactory,,2,6285,"Montgomery, VA"
3626858,58658,VCC BANK,"RICHMOND, VA",Limited Purpose,"Jan 06, 2020",Outstanding,"$214,190",,,,1,6285,"Montgomery, VA"
475653,17411,MOUNTAIN VALLEY BANK,"WALDEN, CO",Int Small Bank,"Jun 09, 2025",Satisfactory,"$571,946",,,Satisfactory,1,6271,"Larimer, CO"
9807,6423,AMBOY BANK,"OLD BRIDGE, NJ",Large Bank,"Jun 10, 2024",Satisfactory,"$2,638,667",Low Satisfactory,Low Satisfactory,,0,0,
964700,,BOSTON PRIVATE BANK & TRUST COMPANY,"BOSTON, MA",Large Bank,"Apr 23, 2018",Outstanding,"$8,167,632",Outstanding,Outstanding,,0,0,
299046,,CENTRAL BANK OF BOONE COUNTY,"COLUMBIA, MO",Large Bank,"Mar 26, 2018",Outstanding,"$1,879,308",High Satisfactory,Low Satisfactory,,0,0,
506249,,CENTRAL BANK OF ST. LOUIS,"CLAYTON, MO",Large Bank,"Jul 23, 2018",Satisfactory,"$1,855,708",Low Satisfactory,Outstanding,,0,0,
324340,1014,CHOICEONE BANK,"SPARTA, MI",Large Bank,"Oct 21, 2024",Satisfactory,"$2,724,240",Low Satisfactory,Low Satisfactory,Satisfactory,0,0,
60143,,COMERICA BANK,"DALLAS, TX",Large Bank,"Jun 23, 2025",Outstanding,"$77,698,000",Low Satisfactory,High Satisfactory,,0,0,
697633,,COMPASS BANK,"BIRMINGHAM, AL",Large Bank,"Apr 02, 2018",Outstanding,"$86,504,843",Needs to Improve,Low Satisfactory,,0,0,
403151,5496,CORNERSTONE BANK,"YORK, NE",Large Bank,"May 02, 2022",Satisfactory,"$2,056,362",Low Satisfactory,Outstanding,Satisfactory,0,0,
2652092,34742,EAGLEBANK,"BETHESDA, MD",Large Bank,"Oct 28, 2024",Satisfactory,"$11,228,331",Low Satisfactory,Low Satisfactory,Satisfactory,0,0,
751656,1399,FRANDSEN BANK & TRUST,"LONSDALE, MN",Large Bank,"May 21, 2018",Outstanding,"$1,730,669",High Satisfactory,High Satisfactory,,0,0,
3635533,,FRANKLIN SYNERGY BANK,"FRANKLIN, TN",Large Bank,"Aug 13, 2018",Satisfactory,"$4,080,827",Low Satisfactory,Outstanding,Satisfactory,0,0,
2209553,,HERITAGE BANK OF COMMERCE,"SAN JOSE, CA",Large Bank,"Jun 24, 2024",Satisfactory,"$5,254,044",High Satisfactory,Low Satisfactory,,0,0,
636771,27811,INDEPENDENT BANK,"GRAND RAPIDS, MI",Large Bank,"Oct 30, 2023",Satisfactory,"$5,195,890",Low Satisfactory,Low Satisfactory,,0,0,
58243,20296,JOHNSON BANK,"RACINE, WI",Large Bank,"Sep 29, 2025",Satisfactory,"$7,045,570",High Satisfactory,Low Satisfactory,,0,0,
2339795,34073,LIBERTYVILLE BANK & TRUST COMPANY,"LIBERTYVILLE, IL",Large Bank,"Jan 22, 2018",Outstanding,"$1,374,035",Low Satisfactory,Low Satisfactory,,0,0,
716833,16250,MARQUETTE BANK,"CHICAGO, IL",Large Bank,"Sep 16, 2024",Outstanding,"$2,106,093",High Satisfactory,Low Satisfactory,,0,0,
268006,18013,MASCOMA BANK,"LEBANON, NH",Large Bank,"Nov 02, 2020",Outstanding,"$2,154,572",Low Satisfactory,Low Satisfactory,,0,0,
431172,,PACIFIC PREMIER BANK,"IRVINE, CA",Large Bank,"May 07, 2018",Outstanding,"$8,022,800",High Satisfactory,High Satisfactory,Satisfactory,0,0,
2142155,33867,QUAD CITY BANK AND TRUST COMPANY,"BETTENDORF, IA",Large Bank,"Nov 12, 2018",Satisfactory,"$1,579,542",High Satisfactory,Low Satisfactory,Satisfactory,0,0,
564977,,TERRITORIAL SAVINGS BANK,"HONOLULU, HI",Large Bank,"Jan 27, 2020",Satisfactory,"$2,085,473",High Satisfactory,Low Satisfactory,,0,0,
2693264,34717,TOWN BANK,"HARTLAND, WI",Large Bank,"Oct 01, 2018",Outstanding,"$1,931,362",Low Satisfactory,Low Satisfactory,,0,0,
697763,3430,WESTAMERICA BANK,"SAN RAFAEL, CA",Large Bank,"Oct 01, 2018",Satisfactory,"$5,537,276",High Satisfactory,Low Satisfactory,,0,0,
2580243,34422,AMERICAN BANK,"ALLENTOWN, PA",Large Bank,"Sep 23, 2019",Satisfactory,"$636,580",Low Satisfactory,Low Satisfactory,,0,0,
546003,18129,BANKNEWPORT,"NEWPORT, RI",Large Bank,"Sep 16, 2019",Satisfactory,"$1,703,855",High Satisfactory,Low Satisfactory,,0,0,
765019,,"BRYN MAWR TRUST COMPANY, THE","BRYN MAWR, PA",Large Bank,"Dec 02, 2019",Satisfactory,"$4,721,394",Low Satisfactory,Needs to Improve,Outstanding,0,0,
290052,,CENTRAL BANK OF THE OZARKS,"SPRINGFIELD, MO",Large Bank,"Sep 09, 2019",Outstanding,"$1,416,078",Outstanding,Outstanding,Outstanding,0,0,
884303,597,CHEMUNG CANAL TRUST COMPANY,"ELMIRA, NY",Large Bank,"Sep 25, 2023",Satisfactory,"$2,649,923",High Satisfactory,Low Satisfactory,Outstanding,0,0,
625654,,COUNTRY CLUB BANK,"KANSAS CITY, MO",Large Bank,"Oct 28, 2024",Outstanding,"$2,104,289",Outstanding,Outstanding,Satisfactory,0,0,
978118,7593,FIRST CITIZENS COMMUNITY BANK,"MANSFIELD, PA",Large Bank,"Mar 28, 2022",Satisfactory,"$2,208,830",High Satisfactory,Needs to Improve,,0,0,
1007846,,FIRST MIDWEST BANK,"CHICAGO, IL",Large Bank,"Sep 30, 2019",Outstanding,"$15,430,682",High Satisfactory,Outstanding,,0,0,
374653,6085,FIRST PREMIER BANK,"SIOUX FALLS, SD",Large Bank,"Sep 12, 2022",Satisfactory,"$3,503,723",High Satisfactory,Low Satisfactory,Outstanding,0,0,
288853,,FIRSTBANK,"LAKEWOOD, CO",Large Bank,"Sep 15, 2025",Outstanding,"$26,761,023",Outstanding,High Satisfactory,Outstanding,0,0,
601416,659,FIVE STAR BANK,"WARSAW, NY",Large Bank,"May 06, 2019",Satisfactory,"$4,221,168",Needs to Improve,High Satisfactory,,0,0,
466857,,HAPPY STATE BANK,"HAPPY, TX",Large Bank,"Jun 03, 2019",Outstanding,"$3,477,696",Outstanding,Outstanding,,0,0,
772008,90303,SOUTH SHORE BANK,"SOUTH WEYMOUTH, MA",Large Bank,"Oct 07, 2019",Satisfactory,"$1,482,441",High Satisfactory,Low Satisfactory,,0,0,
3221468,,VERITEX COMMUNITY BANK,"DALLAS, TX",Large Bank,"Jun 17, 2024",Satisfactory,"$12,384,382",High Satisfactory,High Satisfactory,Satisfactory,0,0,
2044811,33803,WHEATON BANK & TRUST COMPANY,"WHEATON, IL",Large Bank,"Apr 29, 2019",Outstanding,"$1,733,933",Low Satisfactory,Low Satisfactory,,0,0,
539032,16604,BANK INDEPENDENT,"SHEFFIELD, AL",Large Bank,"Mar 13, 2023",Satisfactory,"$2,229,522",Low Satisfactory,Low Satisfactory,,0,0,
858528,9507,"BANK OF MARION, THE","MARION, VA",Large Bank,"Oct 19, 2020",Satisfactory,"$449,569",Low Satisfactory,Low Satisfactory,,0,0,
2434113,,BANK RHODE ISLAND,"PROVIDENCE, RI",Large Bank,"Sep 09, 2024",Satisfactory,"$3,378,281",Low Satisfactory,Low Satisfactory,,0,0,
782306,17798,BROOKLINE BANK,"BROOKLINE, MA",Large Bank,"Sep 09, 2024",Satisfactory,"$6,353,060",Low Satisfactory,Low Satisfactory,,0,0,
704559,,CENTRAL BANK OF THE MIDWEST,"LEE&#39;S SUMMIT, MO",Large Bank,"Nov 02, 2020",Satisfactory,"$3,577,679",Low Satisfactory,Low Satisfactory,,0,0,
2354985,34444,CUSTOMERS BANK,"PHOENIXVILLE, PA",Large Bank,"Nov 02, 2020",Satisfactory,"$17,892,526",Low Satisfactory,Low Satisfactory,Satisfactory,0,0,
781028,,ESSEX BANK,"RICHMOND, VA",Large Bank,"Oct 05, 2020",Satisfactory,"$1,614,861",Low Satisfactory,Low Satisfactory,Satisfactory,0,0,
339773,26483,NEEDHAM BANK,"NEEDHAM, MA",Large Bank,"Nov 07, 2022",Satisfactory,"$3,279,317",Low Satisfactory,Low Satisfactory,Satisfactory,0,0,
2717012,,PACIFIC MERCANTILE BANK,"COSTA MESA, CA",Large Bank,"Feb 18, 2020",Satisfactory,"$1,437,734",High Satisfactory,Low Satisfactory,Satisfactory,0,0,
354310,7759,UNIVEST BANK AND TRUST CO.,"SOUDERTON, PA",Large Bank,"Jan 13, 2020",Satisfactory,"$5,134,013",Low Satisfactory,Needs to Improve,,0,0,
1447639,32941,WESTSTAR BANK,"EL PASO, TX",Large Bank,"Mar 20, 2023",Outstanding,"$2,790,209",High Satisfactory,Low Satisfactory,,0,0,
3715444,,CAPSTAR BANK,"NASHVILLE, TN",Large Bank,"May 22, 2023",Satisfactory,"$3,231,110",Needs to Improve,High Satisfactory,Satisfactory,0,0,
3029589,57244,CEDAR RAPIDS BANK AND TRUST COMPANY,"CEDAR RAPIDS, IA",Int Small Bank,"Sep 10, 2018",Satisfactory,"$1,346,942",High Satisfactory,High Satisfactory,Satisfactory,0,0,
738303,90173,EAST CAMBRIDGE SAVINGS BANK,"CAMBRIDGE, MA",Large Bank,"Sep 11, 2023",Satisfactory,"$1,604,208",,Low Satisfactory,,0,0,
859002,90188,EASTHAMPTON SAVINGS BANK,"EASTHAMPTON, MA",Large Bank,"Oct 16, 2023",Satisfactory,"$1,903,686",High Satisfactory,Low Satisfactory,,0,0,
186717,7675,FIRST NORTHERN BANK AND TRUST COMPANY,"PALMERTON, PA",Large Bank,"Mar 08, 2021",Satisfactory,"$835,292",Low Satisfactory,Low Satisfactory,,0,0,
74140,1005,ISABELLA BANK,"MOUNT PLEASANT, MI",Large Bank,"Nov 13, 2023",Satisfactory,"$1,993,203",Low Satisfactory,Needs to Improve,Satisfactory,0,0,
342410,713,ORRSTOWN BANK,"SHIPPENSBURG, PA",Large Bank,"Jan 25, 2021",Satisfactory,"$2,780,990",Low Satisfactory,Low Satisfactory,Satisfactory,0,0,
3325759,57968,PRIMIS BANK,"TAPPAHANNOCK, VA",Large Bank,"Nov 29, 2021",Satisfactory,"$3,452,990",Low Satisfactory,Low Satisfactory,Satisfactory,0,0,
506922,,SANDY SPRING BANK,"OLNEY, MD",Large Bank,"Oct 12, 2021",Satisfactory,"$12,912,358",Low Satisfactory,Low Satisfactory,,0,0,
395238,,SYNOVUS BANK,"COLUMBUS, GA",Large Bank,"Mar 18, 2024",Satisfactory,"$59,629,623",Low Satisfactory,Low Satisfactory,,0,0,
928618,7542,AMERISERV FINANCIAL BANK,"JOHNSTOWN, PA",Large Bank,"Jun 09, 2025",Satisfactory,"$1,426,921",Low Satisfactory,Low Satisfactory,,0,0,
187947,14521,BANK IOWA,"WEST DES MOINES, IA",Large Bank,"Sep 09, 2024",Satisfactory,"$2,117,855",Low Satisfactory,Low Satisfactory,Satisfactory,0,0,
265407,18012,BANK OF NEW HAMPSHIRE,"LACONIA, NH",Large Bank,"Sep 12, 2022",Satisfactory,"$2,374,786",High Satisfactory,Low Satisfactory,,0,0,
795968,18053,BANK OF HAWAII,"HONOLULU, HI",Large Bank,"Mar 13, 2023",Outstanding,"$23,579,258",Outstanding,Outstanding,,0,0,
914648,8870,BANKFIRST FINANCIAL SERVICES,"MACON, MS",Large Bank,"Oct 30, 2023",Satisfactory,"$2,666,230",High Satisfactory,Low Satisfactory,Satisfactory,0,0,
2385514,,"FIRST BANK, THE","HATTIESBURG, MS",Large Bank,"Aug 28, 2023",Satisfactory,"$6,463,617",Low Satisfactory,Low Satisfactory,,0,0,
186744,4433,FIRST CITIZENS BANK,"MASON CITY, IA",Large Bank,"Nov 13, 2023",Satisfactory,"$1,624,101",Low Satisfactory,Low Satisfactory,Satisfactory,0,0,
3614976,58696,FVCBANK,"FAIRFAX, VA",Large Bank,"Jul 31, 2023",Satisfactory,"$2,338,667",High Satisfactory,Needs to Improve,Satisfactory,0,0,
3419416,58243,JOHN MARSHALL BANK,"RESTON, VA",Int Small Bank,"Mar 15, 2021",Satisfactory,"$1,883,780",High Satisfactory,High Satisfactory,Satisfactory,0,0,
139553,10667,MABREY BANK,"BIXBY, OK",Int Small Bank,"Oct 07, 2019",Satisfactory,"$1,159,367",Outstanding,High Satisfactory,Satisfactory,0,0,
1386251,27476,BANCFIRST,"OKLAHOMA CITY, OK",Large Bank,"Jul 15, 2024",Satisfactory,"$10,648,000",Low Satisfactory,Low Satisfactory,,0,0,
546544,15555,CENTRAL BANK,"STORM LAKE, IA",Int Small Bank,"Nov 16, 2020",Satisfactory,"$1,479,440",Outstanding,Low Satisfactory,Satisfactory,0,0,
895710,7799,CITIZENS & NORTHERN BANK,"WELLSBORO, PA",Large Bank,"Nov 04, 2024",Satisfactory,"$2,656,955",Low Satisfactory,High Satisfactory,,0,0,
833404,23286,FALL RIVER FIVE CENTS SAVINGS BANK,"FALL RIVER, MA",Int Small Bank,"Mar 14, 2022",Outstanding,"$1,446,964",Outstanding,Outstanding,Outstanding,0,0,
176101,12944,ORANGE BANK & TRUST COMPANY,"MIDDLETOWN, NY",Int Small Bank,"Nov 05, 2018",Satisfactory,"$1,061,368",High Satisfactory,Low Satisfactory,Satisfactory,0,0,
24006,,PCSB BANK,"YORKTOWN HEIGHTS, NY",Large Bank,"Jan 22, 2024",Satisfactory,"$1,980,866",High Satisfactory,Low Satisfactory,,0,0,
645317,660,"ADIRONDACK TRUST COMPANY, THE","SARATOGA SPRINGS, NY",Int Small Bank,"Mar 11, 2019",Satisfactory,"$1,148,332",Low Satisfactory,Low Satisfactory,Outstanding,0,0,
554857,20488,FIVE POINTS BANK,"GRAND ISLAND, NE",Int Small Bank,"Oct 21, 2019",Outstanding,"$1,133,574",Low Satisfactory,Low Satisfactory,Satisfactory,0,0,
3248849,57742,MAINSTREET BANK,"FAIRFAX, VA",Large Bank,"Jul 28, 2025",Satisfactory,"$2,217,133",High Satisfactory,Outstanding,Satisfactory,0,0,
247140,22334,ONE COMMUNITY BANK,"OREGON, WI",Int Small Bank,"Nov 28, 2022",Satisfactory,"$1,780,838",Needs to Improve,Low Satisfactory,Satisfactory,0,0,
3804535,58892,GUARANTY BANK,"SPRINGFIELD, MO",Int Small Bank,"May 01, 2023",Satisfactory,"$2,148,808",High Satisfactory,High Satisfactory,Satisfactory,0,0,
161273,26484,TRUNORTH BANK,"PEABODY, MA",Large Bank,"Mar 02, 2026",Outstanding,"$3,233,778",High Satisfactory,High Satisfactory,,0,0,
746223,,1880 BANK,"CAMBRIDGE, MD",Int Small Bank,"Feb 05, 2018",Satisfactory,"$354,590",,,Satisfactory,0,0,
623454,1184,"BANK AND TRUST, SSB, THE","DEL RIO, TX",Int Small Bank,"Oct 04, 2021",Satisfactory,"$546,252",High Satisfactory,,Satisfactory,0,0,
1421161,,BANK OF BLUE VALLEY,"OVERLAND PARK, KS",Int Small Bank,"Nov 13, 2018",Satisfactory,"$708,066",Low Satisfactory,Low Satisfactory,Satisfactory,0,0,
930442,16982,BANK OF PONTIAC,"PONTIAC, IL",Int Small Bank,"Jun 21, 2021",Satisfactory,"$673,841",,,Satisfactory,0,0,
2787770,35207,BANK OF THE JAMES,"LYNCHBURG, VA",Int Small Bank,"May 27, 2025",Satisfactory,"$1,002,624",,,Satisfactory,0,0,
1015243,,CENTRAL BANK OF LAKE OF THE OZARKS,"OSAGE BEACH, MO",Int Small Bank,"Nov 05, 2018",Satisfactory,"$727,794",,,Satisfactory,0,0,
2471239,34294,CFG COMMUNITY BANK,"LUTHERVILLE, MD",Int Small Bank,"Aug 06, 2018",Satisfactory,"$809,373",,,Satisfactory,0,0,
160650,,CHARTER BANK,"EAU CLAIRE, WI",Int Small Bank,"Aug 20, 2018",Satisfactory,"$873,386",,,Satisfactory,0,0,
192147,8738,CITIZENS BANK & TRUST COMPANY,"VAN BUREN, AR",Int Small Bank,"Oct 24, 2022",Satisfactory,"$539,942",,,Satisfactory,0,0,
3537897,58446,COMMENCEMENT BANK,"TACOMA, WA",Int Small Bank,"Oct 06, 2025",Satisfactory,"$681,488",,,Satisfactory,0,0,
361653,,COMMERCIAL STATE BANK,"ANDREWS, TX",Int Small Bank,"Jan 08, 2018",Needs to Improve,"$536,479",,,Needs to Improve,0,0,
175140,11595,COMMUNITY FIRST BANK,"BOSCOBEL, WI",Int Small Bank,"Aug 12, 2024",Satisfactory,"$592,807",,,Satisfactory,0,0,
447100,90282,CORNERSTONE BANK,"SPENCER, MA",Int Small Bank,"Oct 15, 2018",Satisfactory,"$1,132,009",,,Satisfactory,0,0,
115575,26591,EQUITABLE BANK,"EAST WEYMOUTH, MA",Int Small Bank,"Jun 18, 2018",Satisfactory,"$332,913",,,Satisfactory,0,0,
713926,8668,FARMERS & MERCHANTS BANK,"TIMBERVILLE, VA",Int Small Bank,"Sep 22, 2025",Satisfactory,"$1,310,287",,Low Satisfactory,Satisfactory,0,0,
590976,31840,FINANCIAL FEDERAL BANK,"MEMPHIS, TN",Int Small Bank,"May 30, 2023",Satisfactory,"$891,834",,,Satisfactory,0,0,
653648,,FIRST AMERICAN BANK,"FORT DODGE, IA",Int Small Bank,"Jul 23, 2018",Satisfactory,"$926,841",Low Satisfactory,Needs to Improve,Outstanding,0,0,
899428,6917,FIRST BANK,"STRASBURG, VA",Int Small Bank,"Jun 23, 2025",Satisfactory,"$2,033,720",,,Satisfactory,0,0,
759045,25883,FIRST EAGLE BANK,"CHICAGO, IL",Int Small Bank,"Nov 05, 2018",Outstanding,"$511,365",,,Outstanding,0,0,
3591282,,FIRST FLORIDA INTEGRITY BANK,"NAPLES, FL",Int Small Bank,"Jun 11, 2018",Satisfactory,"$1,423,696",,,Satisfactory,0,0,
489548,14185,"FIRST STATE BANK AND TRUST COMPANY, INC.","CARUTHERSVILLE, MO",Int Small Bank,"Oct 20, 2025",Satisfactory,"$607,546",,,Satisfactory,0,0,
296456,14331,FIRSTBANK,"ANTLERS, OK",Int Small Bank,"Feb 23, 2026",Satisfactory,"$640,630",,,Satisfactory,0,0,
839255,16127,FNB COMMUNITY BANK,"MIDWEST CITY, OK",Int Small Bank,"Sep 19, 2022",Satisfactory,"$621,516",,,Satisfactory,0,0,
228000,19836,FRANKLIN SAVINGS BANK,"FARMINGTON, ME",Int Small Bank,"Nov 05, 2018",Outstanding,"$406,919",High Satisfactory,Low Satisfactory,Satisfactory,0,0,
245351,4031,FRAZER BANK,"ALTUS, OK",Int Small Bank,"Jul 09, 2018",Satisfactory,"$331,190",,,Satisfactory,0,0,
3019982,57184,"FREEDOM BANK OF VIRGINIA, THE","FAIRFAX, VA",Int Small Bank,"Sep 24, 2018",Satisfactory,"$512,830",,,Outstanding,0,0,
427241,13130,"FRIENDSHIP STATE BANK, THE","FRIENDSHIP, IN",Int Small Bank,"Oct 17, 2022",Satisfactory,"$555,781",,,Satisfactory,0,0,
724744,14079,GNB BANK,"GRUNDY CENTER, IA",Int Small Bank,"Oct 15, 2018",Satisfactory,"$537,888",,,Satisfactory,0,0,
648130,8018,GROVE BANK & TRUST,"MIAMI, FL",Int Small Bank,"Sep 17, 2018",Satisfactory,"$625,613",Needs to Improve,High Satisfactory,Satisfactory,0,0,
853112,,HEARTLAND BANK,"WHITEHALL, OH",Int Small Bank,"Oct 01, 2018",Satisfactory,"$1,001,144",High Satisfactory,High Satisfactory,Satisfactory,0,0,
969424,,HIGHLANDS UNION BANK,"ABINGDON, VA",Int Small Bank,"Jul 09, 2018",Needs to Improve,"$596,131",High Satisfactory,Low Satisfactory,Needs to Improve,0,0,
1004470,26523,BANKHOMETOWN,"OXFORD, MA",Int Small Bank,"Mar 02, 2026",Satisfactory,"$1,568,009",,,Satisfactory,0,0,
385471,31999,MADISON COUNTY BANK,"MADISON, NE",Int Small Bank,"May 14, 2018",Satisfactory,"$389,321",,,Satisfactory,0,0,
163370,,MANSFIELD CO-OPERATIVE BANK,"MANSFIELD, MA",Int Small Bank,"Feb 26, 2018",Satisfactory,"$506,539",,,Satisfactory,0,0,
683449,17903,MAQUOKETA STATE BANK,"MAQUOKETA, IA",Int Small Bank,"Apr 25, 2022",Satisfactory,"$404,040",,,Satisfactory,0,0,
935111,,MERCHANTS BANK OF BANGOR,"BANGOR, PA",Int Small Bank,"Nov 05, 2018",Outstanding,"$399,601",,,Satisfactory,0,0,
331713,7659,NEW TRIPOLI BANK,"NEW TRIPOLI, PA",Int Small Bank,"Jan 09, 2023",Satisfactory,"$596,936",,,Satisfactory,0,0,
530655,1147,"PEOPLES BANK, THE","PRATT, KS",Int Small Bank,"Oct 22, 2018",Satisfactory,"$362,080",,,Satisfactory,0,0,
2465881,34211,PLATTE VALLEY BANK,"SCOTTSBLUFF, NE",Int Small Bank,"May 14, 2018",Outstanding,"$556,930",,,Outstanding,0,0,
2668598,34760,PORTAGE COMMUNITY BANK,"RAVENNA, OH",Int Small Bank,"Nov 26, 2018",Satisfactory,"$329,763",,,Satisfactory,0,0,
417626,15243,PUTNAM COUNTY BANK,"HURRICANE, WV",Int Small Bank,"Dec 03, 2018",Satisfactory,"$609,190",High Satisfactory,Needs to Improve,Satisfactory,0,0,
516855,4178,SECURITY BANK,"TULSA, OK",Int Small Bank,"Jan 24, 2022",Satisfactory,"$782,762",,,Satisfactory,0,0,
568126,9871,"ST. HENRY BANK, THE","SAINT HENRY, OH",Int Small Bank,"Jan 27, 2025",Satisfactory,"$396,117",,,Satisfactory,0,0,
2631172,10383,STATE BANK FINANCIAL,"LA CROSSE, WI",Int Small Bank,"Mar 11, 2024",Satisfactory,"$449,240",High Satisfactory,Low Satisfactory,Satisfactory,0,0,
910118,9410,TIOGA STATE BANK,"SPENCER, NY",Int Small Bank,"Aug 13, 2018",Satisfactory,"$471,190",,,Satisfactory,0,0,
590248,,TOWN AND COUNTRY BANK,"SPRINGFIELD, IL",Int Small Bank,"Sep 27, 2021",Outstanding,"$878,304",,,Satisfactory,0,0,
3395293,,TRIUMPH BANK,"MEMPHIS, TN",Int Small Bank,"Mar 12, 2018",Satisfactory,"$683,391",,,Satisfactory,0,0,
274829,21883,TRUPOINT BANK,"GRUNDY, VA",Int Small Bank,"Oct 15, 2018",Satisfactory,"$432,026",,,Satisfactory,0,0,
728742,,UNITED BANK & CAPITAL TRUST COMPANY,"FRANKFORT, KY",Int Small Bank,"Jan 08, 2018",Satisfactory,"$1,627,864",,,Satisfactory,0,0,
1479470,33136,WOODLANDS BANK,"WILLIAMSPORT, PA",Int Small Bank,"Sep 20, 2021",Outstanding,"$536,881",,,Outstanding,0,0,
680457,1978,"YELLOWSTONE BANK, THE","LAUREL, MT",Int Small Bank,"Sep 12, 2022",Satisfactory,"$1,203,280",,,Satisfactory,0,0,
311050,4190,AMERICAN HERITAGE BANK,"SAPULPA, OK",Int Small Bank,"May 18, 2026",Satisfactory,"$1,443,414",High Satisfactory,High Satisfactory,Outstanding,0,0,
753324,6123,BANK OF CLARKE,"BERRYVILLE, VA",Int Small Bank,"Sep 16, 2024",Satisfactory,"$1,789,371",Outstanding,,Satisfactory,0,0,
576541,,CENTRAL BANK OF BRANSON,"BRANSON, MO",Int Small Bank,"Jul 15, 2019",Satisfactory,"$339,839",,,Satisfactory,0,0,
2826316,,CENTRAL BANK OF OKLAHOMA,"TULSA, OK",Int Small Bank,"Mar 11, 2019",Satisfactory,"$696,047",,,Outstanding,0,0,
214722,6862,CHESAPEAKE BANK,"KILMARNOCK, VA",Int Small Bank,"Nov 18, 2024",Satisfactory,"$1,585,686",,,Satisfactory,0,0,
869663,1715,CITIZENS 1ST BANK,"TYLER, TX",Int Small Bank,"Oct 21, 2019",Satisfactory,"$701,138",,,Satisfactory,0,0,
482053,5495,CITIZENS STATE BANK,"WISNER, NE",Int Small Bank,"Nov 04, 2019",Satisfactory,"$345,784",,,Satisfactory,0,0,
680130,8033,CITIZENS TRUST BANK,"ATLANTA, GA",Int Small Bank,"May 20, 2019",Satisfactory,"$410,144",Outstanding,Needs to Improve,Satisfactory,0,0,
865544,15690,CLEAR LAKE BANK AND TRUST COMPANY,"CLEAR LAKE, IA",Int Small Bank,"Oct 21, 2019",Satisfactory,"$442,522",,,Satisfactory,0,0,
886624,2443,"CLEAR MOUNTAIN BANK, INC.","BRUCETON MILLS, WV",Int Small Bank,"Oct 07, 2019",Satisfactory,"$638,908",,,Satisfactory,0,0,
189129,9139,"COMMERCIAL AND SAVINGS BANK OF MILLERSBURG, OHIO, THE","MILLERSBURG, OH",Int Small Bank,"Mar 25, 2024",Outstanding,"$1,156,221",Low Satisfactory,Needs to Improve,Satisfactory,0,0,
698144,287,COMMUNITY FINANCIAL SERVICES BANK,"BENTON, KY",Int Small Bank,"Oct 11, 2022",Satisfactory,"$1,400,575",,,Satisfactory,0,0,
790543,18272,COMMUNITY STATE BANK,"ANKENY, IA",Int Small Bank,"Oct 28, 2024",Satisfactory,"$1,523,552",,,Satisfactory,0,0,
544652,14264,CORNHUSKER BANK,"LINCOLN, NE",Int Small Bank,"Oct 23, 2023",Satisfactory,"$930,629",,,Satisfactory,0,0,
362717,13341,"CROGHAN COLONIAL BANK, THE","FREMONT, OH",Int Small Bank,"Sep 25, 2023",Outstanding,"$1,115,462",High Satisfactory,Needs to Improve,Satisfactory,0,0,
900146,18443,CUSB BANK,"CRESCO, IA",Int Small Bank,"May 16, 2022",Satisfactory,"$582,700",,,Satisfactory,0,0,
643340,982,EASTERN MICHIGAN BANK,"CROSWELL, MI",Int Small Bank,"Jun 03, 2019",Satisfactory,"$355,048",,,Satisfactory,0,0,
976226,,"FAUQUIER BANK, THE","WARRENTON, VA",Int Small Bank,"May 20, 2019",Satisfactory,"$700,032",Low Satisfactory,Low Satisfactory,Satisfactory,0,0,
312244,9288,FIRST BANK OF BERNE,"BERNE, IN",Int Small Bank,"Mar 03, 2025",Satisfactory,"$1,100,701",Low Satisfactory,Low Satisfactory,Satisfactory,0,0,
3374878,,FIRST CHOICE BANK,"CERRITOS, CA",Int Small Bank,"Sep 23, 2019",Outstanding,"$1,730,411",,,Outstanding,0,0,
442806,,FIRST IPSWICH BANK,"IPSWICH, MA",Int Small Bank,"Apr 08, 2019",Satisfactory,"$421,567",,,Satisfactory,0,0,
100843,1294,FNBC BANK,"ASH FLAT, AR",Int Small Bank,"Mar 04, 2019",Satisfactory,"$464,018",,,Satisfactory,0,0,
526854,20993,"HARDIN COUNTY BANK, THE","SAVANNAH, TN",Int Small Bank,"Jan 22, 2024",Satisfactory,"$590,925",,,Satisfactory,0,0,
1017425,11860,"KILLBUCK SAVINGS BANK COMPANY, THE","KILLBUCK, OH",Int Small Bank,"Jul 29, 2024",Outstanding,"$839,312",High Satisfactory,Needs to Improve,Satisfactory,0,0,
2963547,,LANDMARK COMMUNITY BANK,"PITTSTON, PA",Int Small Bank,"Jun 10, 2019",Satisfactory,"$335,558",,,Satisfactory,0,0,
709143,3711,MIDWEST BANK,"MONMOUTH, IL",Int Small Bank,"Sep 23, 2019",Satisfactory,"$500,252",Low Satisfactory,Low Satisfactory,Satisfactory,0,0,
2736714,34805,MISSION BANK,"BAKERSFIELD, CA",Int Small Bank,"Jul 29, 2019",Outstanding,"$723,707",,,Satisfactory,0,0,
2736451,34890,"NEW PEOPLES BANK, INC.","HONAKER, VA",Int Small Bank,"Jul 22, 2019",Satisfactory,"$720,772",Low Satisfactory,Needs to Improve,Satisfactory,0,0,
1864197,33457,OAK VALLEY COMMUNITY BANK,"OAKDALE, CA",Int Small Bank,"Oct 21, 2019",Outstanding,"$1,068,909",,,Satisfactory,0,0,
498317,384,"OHIO VALLEY BANK COMPANY, THE","GALLIPOLIS, OH",Int Small Bank,"Mar 31, 2025",Outstanding,"$1,478,660",,,Satisfactory,0,0,
685676,30182,OPPORTUNITY BANK OF MONTANA,"HELENA, MT",Int Small Bank,"Oct 24, 2022",Outstanding,"$1,874,166",,,Outstanding,0,0,
3490871,,PACIFIC ENTERPRISE BANK,"IRVINE, CA",Int Small Bank,"Jul 15, 2019",Satisfactory,"$502,156",,,Satisfactory,0,0,
3120646,57416,PATRIOT BANK,"MILLINGTON, TN",Int Small Bank,"Mar 04, 2019",Needs to Improve,"$332,883",,,Satisfactory,0,0,
819855,,PEOPLES BANK,"LUBBOCK, TX",Int Small Bank,"Oct 02, 2023",Satisfactory,"$1,018,252",,,Satisfactory,0,0,
746513,,PEOPLES BANK & TRUST COMPANY OF MADISON COUNTY,"BEREA, KY",Int Small Bank,"Aug 05, 2019",Outstanding,"$400,298",,,Satisfactory,0,0,
3398100,,PRESIDIO BANK,"SAN FRANCISCO, CA",Int Small Bank,"Apr 29, 2019",Outstanding,"$862,435",,,Outstanding,0,0,
865450,1905,"PROFINIUM, INC.","TRUMAN, MN",Int Small Bank,"Sep 22, 2025",Outstanding,"$518,911",,,Outstanding,0,0,
704755,,PROVIDENCE BANK,"COLUMBIA, MO",Int Small Bank,"Mar 25, 2019",Satisfactory,"$1,021,040",,,Satisfactory,0,0,
1008674,26620,READING CO-OPERATIVE BANK,"READING, MA",Int Small Bank,"Jul 31, 2023",Satisfactory,"$858,404",,,Satisfactory,0,0,
550952,2229,RSNB BANK,"ROCK SPRINGS, WY",Int Small Bank,"Sep 23, 2019",Satisfactory,"$358,425",,,Satisfactory,0,0,
3076220,57358,STIFEL BANK,"SAINT LOUIS, MO",Strategic Plan,"Mar 04, 2024",Outstanding,"$11,965,308",,,Satisfactory,0,0,
487357,13071,TOWN & COUNTRY BANK,"SALEM, MO",Int Small Bank,"May 20, 2019",Satisfactory,"$513,159",,,Satisfactory,0,0,
990352,17477,UNITED BANK & TRUST,"MARYSVILLE, KS",Int Small Bank,"Oct 24, 2022",Satisfactory,"$779,651",,,Satisfactory,0,0,
269049,11763,VISIONBANK OF IOWA,"AMES, IA",Int Small Bank,"Sep 16, 2019",Satisfactory,"$492,891",,,Satisfactory,0,0,
886204,23298,WATERTOWN SAVINGS BANK,"WATERTOWN, MA",Int Small Bank,"Oct 23, 2023",Satisfactory,"$1,416,091",,,Satisfactory,0,0,
833749,5335,WOODTRUST BANK,"WISCONSIN RAPIDS, WI",Int Small Bank,"Oct 06, 2025",Satisfactory,"$651,588",,,Satisfactory,0,0,
45551,5170,BANK MIDWEST,"SPIRIT LAKE, IA",Int Small Bank,"May 19, 2025",Satisfactory,"$1,376,433",High Satisfactory,,Satisfactory,0,0,
898458,23826,BANK OF JACKSON HOLE,"JACKSON, WY",Int Small Bank,"Feb 24, 2020",Satisfactory,"$912,635",,,Satisfactory,0,0,
24949,12788,BARABOO STATE BANK,"BARABOO, WI",Int Small Bank,"Jan 13, 2020",Satisfactory,"$370,864",,,Satisfactory,0,0,
611451,,CENTRAL BANK OF SEDALIA,"SEDALIA, MO",Int Small Bank,"Jul 27, 2020",Satisfactory,"$429,034",,,Outstanding,0,0,
539340,15883,DEMOTTE STATE BANK,"DEMOTTE, IN",Int Small Bank,"Aug 14, 2023",Satisfactory,"$530,051",,,Satisfactory,0,0,
3277241,57672,EMPIRE STATE BANK,"NEWBURGH, NY",Int Small Bank,"Nov 30, 2020",Satisfactory,"$420,909",,,Satisfactory,0,0,
592448,1299,EVOLVE BANK & TRUST,"WEST MEMPHIS, AR",Int Small Bank,"Nov 09, 2020",Satisfactory,"$603,606",,,Needs to Improve,0,0,
863746,9298,FARMERS & MERCHANTS SAVINGS BANK,"MANCHESTER, IA",Int Small Bank,"Jul 27, 2020",Satisfactory,"$581,431",,,Satisfactory,0,0,
744238,,"FARMERS AND MECHANICS BANK, THE","GALESBURG, IL",Int Small Bank,"Mar 09, 2020",Satisfactory,"$376,236",,,Satisfactory,0,0,
205243,15801,FARMERS AND MERCHANTS BANK,"BALDWYN, MS",Int Small Bank,"Aug 24, 2020",Satisfactory,"$385,170",,,Satisfactory,0,0,
619327,,"FARMERS BANK, WINDSOR VA","WINDSOR, VA",Int Small Bank,"Feb 03, 2020",Satisfactory,"$476,543",,,Satisfactory,0,0,
785473,,FIRST SAVINGS BANK,"JEFFERSONVILLE, IN",Int Small Bank,"Jan 06, 2020",Needs to Improve,"$1,218,618",,,Satisfactory,0,0,
326979,26397,GREENFIELD CO-OPERATIVE BANK,"GREENFIELD, MA",Int Small Bank,"Oct 05, 2020",Satisfactory,"$742,582",,,Satisfactory,0,0,
3412417,58396,JONAH BANK OF WYOMING,"CASPER, WY",Int Small Bank,"Mar 18, 2024",Satisfactory,"$514,019",,,Satisfactory,0,0,
196800,90190,MARTHA&#39;S VINEYARD BANK,"EDGARTOWN, MA",Int Small Bank,"Sep 25, 2023",Outstanding,"$1,340,291",,,Satisfactory,0,0,
153054,2468,"NORTHWESTERN BANK, THE","CHIPPEWA FALLS, WI",Int Small Bank,"Nov 02, 2020",Satisfactory,"$492,687",,,Outstanding,0,0,
909055,8903,PEOPLES BANK & TRUST CO.,"TROY, MO",Int Small Bank,"Feb 03, 2020",Satisfactory,"$455,557",,,Satisfactory,0,0,
2687133,34849,PREMIER BANK,"DUBUQUE, IA",Int Small Bank,"Sep 21, 2020",Satisfactory,"$347,911",,,Satisfactory,0,0,
671147,8101,PRIMEBANK,"LE MARS, IA",Int Small Bank,"Sep 21, 2020",Satisfactory,"$513,287",,,Satisfactory,0,0,
3415463,,RELIANT BANK,"BRENTWOOD, TN",Int Small Bank,"Nov 09, 2020",Satisfactory,"$2,982,303",,,Satisfactory,0,0,
1162017,,UNITED SECURITY BANK,"FRESNO, CA",Int Small Bank,"Oct 26, 2020",Satisfactory,"$956,213",High Satisfactory,High Satisfactory,Satisfactory,0,0,
590220,24919,UWHARRIE BANK,"ALBEMARLE, NC",Int Small Bank,"Nov 16, 2020",Satisfactory,"$787,146",,,Satisfactory,0,0,
63573,26487,WALPOLE CO-OPERATIVE BANK,"WALPOLE, MA",Int Small Bank,"May 08, 2023",Satisfactory,"$584,640",,,Satisfactory,0,0,
27614,10663,"ANDOVER BANK, THE","ANDOVER, OH",Int Small Bank,"Feb 24, 2025",Outstanding,"$583,080",,,Satisfactory,0,0,
466754,10308,"BANK OF FAYETTE COUNTY, THE","PIPERTON, TN",Int Small Bank,"Jul 22, 2024",Satisfactory,"$924,008",,,Satisfactory,0,0,
925653,18576,BANK OF TEXAS,"MIDLAND, TX",Int Small Bank,"Sep 16, 2024",Satisfactory,"$534,531",,,Satisfactory,0,0,
699105,90169,BLUESTONE BANK,"RAYNHAM, MA",Int Small Bank,"Nov 04, 2024",Satisfactory,"$1,529,846",,,Satisfactory,0,0,
991621,823,CITIZENS BANK AND TRUST COMPANY,"BLACKSTONE, VA",Int Small Bank,"Sep 27, 2021",Satisfactory,"$533,003",Low Satisfactory,Low Satisfactory,Satisfactory,0,0,
495419,2718,"CITIZENS BANK OF KENTUCKY, INC","PAINTSVILLE, KY",Int Small Bank,"Nov 29, 2021",Outstanding,"$776,322",,,Outstanding,0,0,
27847,1527,DIAMOND BANK,"MURFREESBORO, AR",Int Small Bank,"Mar 17, 2025",Satisfactory,"$836,310",,,Satisfactory,0,0,
771140,3787,DIETERICH BANK,"EFFINGHAM, IL",Int Small Bank,"Jan 21, 2025",Satisfactory,"$1,407,708",,,Satisfactory,0,0,
303952,4539,FARMERS BANK OF NORTHERN MISSOURI,"UNIONVILLE, MO",Int Small Bank,"Feb 08, 2021",Satisfactory,"$423,619",,,Satisfactory,0,0,
475354,342,FARMERS STATE BANK,"VICTOR, MT",Int Small Bank,"May 10, 2021",Satisfactory,"$577,693",,,Satisfactory,0,0,
848248,19644,FIDELITY BANK,"WEST MEMPHIS, AR",Int Small Bank,"May 05, 2025",Satisfactory,"$546,524",,,Outstanding,0,0,
618740,,FIELD & MAIN BANK,"HENDERSON, KY",Int Small Bank,"Jan 13, 2025",Satisfactory,"$769,106",,,Satisfactory,0,0,
376442,4519,FIRST BANK,"WAVERLY, IA",Int Small Bank,"Sep 09, 2024",Satisfactory,"$715,627",,,Satisfactory,0,0,
868956,2208,FIRST NORTHERN BANK OF WYOMING,"BUFFALO, WY",Int Small Bank,"Oct 25, 2021",Satisfactory,"$527,452",,,Satisfactory,0,0,
499453,13868,FIRST STATE BANK NEBRASKA,"LINCOLN, NE",Int Small Bank,"May 24, 2021",Satisfactory,"$755,752",,,Satisfactory,0,0,
329550,22020,INSOUTH BANK,"BROWNSVILLE, TN",Int Small Bank,"Mar 15, 2021",Satisfactory,"$369,487",,,Satisfactory,0,0,
982348,13953,IOWA STATE BANK,"HULL, IA",Int Small Bank,"Mar 08, 2021",Satisfactory,"$728,627",,,Satisfactory,0,0,
3607062,,LONE STAR STATE BANK OF WEST TEXAS,"LUBBOCK, TX",Int Small Bank,"Jun 28, 2021",Satisfactory,"$1,051,741",,,Satisfactory,0,0,
604024,763,MINSTER BANK,"MINSTER, OH",Int Small Bank,"Oct 14, 2025",Outstanding,"$778,145",,,Satisfactory,0,0,
575759,5434,MNB BANK,"MCCOOK, NE",Int Small Bank,"Nov 15, 2021",Satisfactory,"$408,310",,,Outstanding,0,0,
968249,14692,PEOPLES BANK,"CLIVE, IA",Int Small Bank,"Oct 27, 2025",Satisfactory,"$485,897",,,Satisfactory,0,0,
920854,5193,PIONEER BANK,"MAPLETON, MN",Int Small Bank,"Jan 25, 2021",Outstanding,"$676,506",,,Outstanding,0,0,
670467,23275,PLUMAS BANK,"QUINCY, CA",Int Small Bank,"Jun 07, 2021",Satisfactory,"$1,205,927",,,Satisfactory,0,0,
3816510,,PROFESSIONAL BANK,"CORAL GABLES, FL",Int Small Bank,"Jun 07, 2021",Satisfactory,"$2,056,933",,,Outstanding,0,0,
150727,12978,"RICHWOOD BANKING COMPANY, INC., THE","RICHWOOD, OH",Int Small Bank,"May 12, 2025",Outstanding,"$1,217,625",,,Satisfactory,0,0,
450959,14222,SECURITY FINANCIAL BANK,"DURAND, WI",Int Small Bank,"May 05, 2025",Outstanding,"$970,358",,,Outstanding,0,0,
955959,12592,SECURITY STATE BANK,"BASIN, WY",Int Small Bank,"Mar 08, 2021",Satisfactory,"$392,588",,,Satisfactory,0,0,
746429,,TOUCHSTONE BANK,"MC KENNEY, VA",Int Small Bank,"Nov 15, 2021",Satisfactory,"$586,651",,,Satisfactory,0,0,
645465,,VISTA BANK,"DALLAS, TX",Int Small Bank,"Mar 01, 2021",Satisfactory,"$1,344,135",,,Satisfactory,0,0,
715340,22308,WEST MICHIGAN COMMUNITY BANK,"HUDSONVILLE, MI",Int Small Bank,"Nov 18, 2024",Satisfactory,"$1,001,481",,,Outstanding,0,0,
61476,,ABINGTON BANK,"ABINGTON, MA",Int Small Bank,"Jul 18, 2022",Satisfactory,"$607,939",,,Satisfactory,0,0,
101671,,ADIRONDACK BANK,"UTICA, NY",Int Small Bank,"Oct 31, 2022",Satisfactory,"$990,659",,,Satisfactory,0,0,
414102,9831,ALDEN STATE BANK,"ALDEN, NY",Int Small Bank,"Oct 31, 2022",Satisfactory,"$443,484",,,Satisfactory,0,0,
262358,9967,AMERICAN STATE BANK,"ARP, TX",Int Small Bank,"Sep 26, 2022",Satisfactory,"$758,300",,,Satisfactory,0,0,
225559,23123,BANK OF BARTLETT,"BARTLETT, TN",Int Small Bank,"Mar 28, 2022",Satisfactory,"$491,950",High Satisfactory,Low Satisfactory,Satisfactory,0,0,
2562164,34403,COASTAL COMMUNITY BANK,"EVERETT, WA",Int Small Bank,"Mar 07, 2022",Satisfactory,"$2,632,697",,,Satisfactory,0,0,
957757,13068,COMMUNITY BANK AND TRUST,"NEOSHO, MO",Int Small Bank,"May 02, 2022",Satisfactory,"$415,896",High Satisfactory,Low Satisfactory,Satisfactory,0,0,
624246,955,CONNECTION BANK,"FORT MADISON, IA",Int Small Bank,"Apr 14, 2025",Satisfactory,"$488,603",,,Satisfactory,0,0,
81175,31485,EQUITABLE BANK,"GRAND ISLAND, NE",Int Small Bank,"Jun 06, 2022",Satisfactory,"$434,802",,,Satisfactory,0,0,
113740,15032,FIRST STATE BANK,"EASTPOINTE, MI",Int Small Bank,"Mar 14, 2022",Satisfactory,"$937,238",,,Satisfactory,0,0,
884358,15898,FIRST STATE BANK OF LIVINGSTON,"LIVINGSTON, TX",Int Small Bank,"Mar 03, 2025",Outstanding,"$689,499",,,Satisfactory,0,0,
504311,2285,"GENOA BANKING COMPANY, THE","GENOA, OH",Int Small Bank,"Sep 26, 2022",Satisfactory,"$515,980",,,Satisfactory,0,0,
3812147,58789,GRAND RIVER BANK,"GRANDVILLE, MI",Int Small Bank,"Jul 07, 2025",Satisfactory,"$516,223",,,Satisfactory,0,0,
469559,5473,JONES BANK,"SEWARD, NE",Int Small Bank,"Sep 26, 2022",Satisfactory,"$400,163",,,Satisfactory,0,0,
580155,5442,PLATTE VALLEY BANK,"TORRINGTON, WY",Int Small Bank,"Mar 07, 2022",Satisfactory,"$566,416",,,Satisfactory,0,0,
879644,9369,"BANK OF ADVANCE, THE","ADVANCE, MO",Int Small Bank,"Jul 24, 2023",Satisfactory,"$454,487",High Satisfactory,,Satisfactory,0,0,
2903123,35365,BANK OF OAK RIDGE,"OAK RIDGE, NC",Int Small Bank,"Jun 12, 2023",Satisfactory,"$586,336",,,Satisfactory,0,0,
353238,72,CENTRAL STATE BANK,"CALERA, AL",Int Small Bank,"Sep 25, 2023",Satisfactory,"$578,836",,,Satisfactory,0,0,
582953,26185,CHARTER WEST BANK,"WEST POINT, NE",Int Small Bank,"Jan 09, 2023",Satisfactory,"$414,929",,,Satisfactory,0,0,
1836701,33380,ENTERPRISE BANK,"OMAHA, NE",Int Small Bank,"Aug 07, 2023",Satisfactory,"$436,312",,,Satisfactory,0,0,
968744,5006,FIRST CHOICE BANK,"PONTOTOC, MS",Int Small Bank,"Mar 20, 2023",Satisfactory,"$434,542",,,Satisfactory,0,0,
613156,363,"FIRST MONTANA BANK, INC.","MISSOULA, MT",Int Small Bank,"Sep 11, 2023",Satisfactory,"$567,131",,,Satisfactory,0,0,
823656,9770,FIRST STATE BANK SOUTHWEST,"PIPESTONE, MN",Int Small Bank,"Aug 14, 2023",Outstanding,"$392,166",,,Outstanding,0,0,
137447,3840,"FNB COMMUNITY BANK,THE","VANDALIA, IL",Int Small Bank,"Jul 24, 2023",Satisfactory,"$489,724",,,Satisfactory,0,0,
1015252,12259,LEA COUNTY STATE BANK,"HOBBS, NM",Int Small Bank,"Mar 06, 2023",Satisfactory,"$583,068",,,Outstanding,0,0,
669555,13255,MIDWEST BANK,"PIERCE, NE",Int Small Bank,"Nov 27, 2023",Satisfactory,"$1,006,807",,,Outstanding,0,0,
2667957,34811,NEBRASKALAND BANK,"NORTH PLATTE, NE",Int Small Bank,"May 01, 2023",Satisfactory,"$934,997",,,Outstanding,0,0,
126553,8850,NORTH SHORE BANK OF COMMERCE,"DULUTH, MN",Int Small Bank,"May 08, 2023",Satisfactory,"$415,908",,,Outstanding,0,0,
448040,9719,OXFORD BANK,"OXFORD, MI",Int Small Bank,"May 15, 2023",Satisfactory,"$821,623",,,Satisfactory,0,0,
956938,21906,PRIORITYONE BANK,"MAGEE, MS",Int Small Bank,"Oct 30, 2023",Satisfactory,"$1,032,203",,,Outstanding,0,0,
3567269,58563,SELECT BANK,"FOREST, VA",Int Small Bank,"Apr 17, 2023",Satisfactory,"$440,948",,,Satisfactory,0,0,
722816,13297,SOLVAY BANK,"SOLVAY, NY",Int Small Bank,"Oct 06, 2025",Outstanding,"$1,181,142",Outstanding,Low Satisfactory,Satisfactory,0,0,
695349,977,TRI-COUNTY BANK,"BROWN CITY, MI",Int Small Bank,"Aug 14, 2023",Satisfactory,"$535,638",,,Satisfactory,0,0,
3487947,58407,UNIBANK,"LYNNWOOD, WA",Int Small Bank,"Jul 31, 2023",Satisfactory,"$607,134",,,Satisfactory,0,0,
3603961,,"VICTORY BANK, THE","LIMERICK, PA",Int Small Bank,"Jul 10, 2023",Satisfactory,"$420,491",,,Satisfactory,0,0,
261940,3869,ANSTAFF BANK,"GREEN FOREST, AR",Int Small Bank,"Nov 12, 2024",Satisfactory,"$1,015,990",,,Satisfactory,0,0,
862057,26217,BANK OF COMMERCE,"CHANUTE, KS",Int Small Bank,"Apr 15, 2024",Satisfactory,"$459,152",Outstanding,,Satisfactory,0,0,
541857,2380,CARROLL BANK AND TRUST,"HUNTINGDON, TN",Int Small Bank,"Jun 03, 2024",Satisfactory,"$506,110",,,Satisfactory,0,0,
382050,1095,CENTRAL SAVINGS BANK,"SAULT SAINTE MARIE, MI",Int Small Bank,"Jan 29, 2024",Outstanding,"$430,381",,,Outstanding,0,0,
502746,14883,COMMUNITY STATE BANK,"AVILLA, IN",Int Small Bank,"Mar 04, 2024",Satisfactory,"$486,259",,,Satisfactory,0,0,
386450,14312,FIVE POINTS BANK OF HASTINGS,"HASTINGS, NE",Int Small Bank,"Jul 29, 2024",Satisfactory,"$533,338",,,Satisfactory,0,0,
3385744,58111,NOBLEBANK & TRUST,"ANNISTON, AL",Int Small Bank,"Mar 25, 2024",Satisfactory,"$409,247",,,Outstanding,0,0,
396253,25738,SOVEREIGN BANK,"SHAWNEE, OK",Int Small Bank,"Nov 18, 2024",Satisfactory,"$1,098,902",,,Outstanding,0,0,
736550,18610,"UNION STATE BANK OF EVEREST, THE","EVEREST, KS",Int Small Bank,"Dec 09, 2024",Satisfactory,"$413,006",,,Satisfactory,0,0,
241157,4029,VISION BANK,"ADA, OK",Int Small Bank,"Nov 04, 2024",Outstanding,"$997,260",,,Outstanding,0,0,
433943,214,WASHINGTON STATE BANK,"WASHINGTON, IA",Int Small Bank,"Jan 22, 2024",Satisfactory,"$548,508",,,Satisfactory,0,0,
2785477,34759,ASIAN BANK,"PHILADELPHIA, PA",Int Small Bank,"Jun 02, 2025",Satisfactory,"$606,439",,,Satisfactory,0,0,
552059,4791,BANK OF THE FLINT HILLS,"WAMEGO, KS",Int Small Bank,"Jul 07, 2025",Satisfactory,"$468,873",,,Satisfactory,0,0,
831576,29177,BANKTENNESSEE,"COLLIERVILLE, TN",Int Small Bank,"Mar 24, 2025",Satisfactory,"$613,915",,,Satisfactory,0,0,
64552,11521,CHICKASAW COMMUNITY BANK,"OKLAHOMA CITY, OK",Int Small Bank,"Apr 28, 2025",Satisfactory,"$469,509",,,Outstanding,0,0,
3485420,,CORNERSTONE COMMUNITY BANK,"RED BLUFF, CA",Int Small Bank,"May 12, 2025",Satisfactory,"$657,922",,,Satisfactory,0,0,
574949,15779,"FARMERS & MERCHANTS BANK, THE","BERLIN, WI",Int Small Bank,"Sep 15, 2025",Satisfactory,"$952,328",,,Satisfactory,0,0,
524953,4185,FIRST PRYORITY BANK,"PRYOR, OK",Int Small Bank,"Nov 17, 2025",Satisfactory,"$498,549",,,Satisfactory,0,0,
590640,5005,FNB OXFORD BANK,"OXFORD, MS",Int Small Bank,"Mar 03, 2025",Satisfactory,"$817,381",,,Satisfactory,0,0,
715872,31217,LIFESTORE BANK,"WEST JEFFERSON, NC",Int Small Bank,"Oct 14, 2025",Satisfactory,"$474,039",,,Satisfactory,0,0,
77253,15345,TXN BANK,"HONDO, TX",Int Small Bank,"Jun 02, 2025",Satisfactory,"$611,776",,,Satisfactory,0,0,
710176,28930,VERIMORE BANK,"BROOKFIELD, MO",Int Small Bank,"Dec 01, 2025",Satisfactory,"$460,685",,,Outstanding,0,0,
208655,5432,FIRST NORTHEAST BANK OF NEBRASKA,"LYONS, NE",Int Small Bank,"Apr 20, 2026",Satisfactory,"$480,723",,,Outstanding,0,0,
160360,23007,OREGON PACIFIC BANKING CO. DBA OREGON PACIFIC BANK,"FLORENCE, OR",Int Small Bank,"Jan 12, 2026",Satisfactory,"$837,360",,,Satisfactory,0,0,
882242,15334,ROLLING HILLS BANK & TRUST,"ATLANTIC, IA",Int Small Bank,"Feb 23, 2026",Satisfactory,"$472,271",,,Satisfactory,0,0,
802866,,SILICON VALLEY BANK,"SANTA CLARA, CA",Strategic Plan,"Oct 22, 2018",Satisfactory,"$55,073,093",Needs to Improve,Low Satisfactory,,0,0,
1216826,,SILVERGATE BANK,"LA JOLLA, CA",Strategic Plan,"Mar 02, 2020",Satisfactory,"$2,127,181",,,Satisfactory,0,0,
3475083,58457,TRISTATE CAPITAL BANK,"PITTSBURGH, PA",Strategic Plan,"Jun 03, 2024",Outstanding,"$19,449,826",,,,0,0,
3716852,,MARLIN BUSINESS BANK,"SALT LAKE CITY, UT",Limited Purpose,"Jun 10, 2019",Satisfactory,"$1,049,840",,,,0,0,
