year,month,ym,households,persons,issuance,footnote
1988,10,1988-10,592000.0,1696000.0,59547515.0,
1988,11,1988-11,600600.0,1718000.0,60552438.0,
1988,12,1988-12,610000.0,1748000.0,62068700.0,
1989,1,1989-01,615500.0,1758000.0,61941091.0,
1989,2,1989-02,619400.0,1769000.0,62616052.0,
1989,3,1989-03,636400.0,1812000.0,64730809.0,
1989,4,1989-04,635000.0,1809000.0,64010921.0,
1989,5,1989-05,630675.0,1780476.0,64330841.0,
1989,6,1989-06,634900.0,1797000.0,64539054.0,
1989,7,1989-07,630675.0,1780476.0,63377727.0,
1989,8,1989-08,647901.0,1827414.0,60492431.0,
1989,9,1989-09,644631.0,1814642.0,59000787.0,
1989,10,1989-10,653709.0,1848724.0,75315334.0,
1989,11,1989-11,682429.0,1920510.0,76897542.0,
1989,12,1989-12,668414.0,1883715.0,77991019.0,
1990,1,1990-01,682861.0,1921727.0,79179745.0,
1990,2,1990-02,683657.0,1926427.0,79517959.0,
1990,3,1990-03,704911.0,1993066.0,83102861.0,
1990,4,1990-04,698037.0,1972324.0,81930406.0,
1990,5,1990-05,710119.0,1977204.0,82203718.0,
1990,6,1990-06,709527.0,1999785.0,82500921.0,
1990,7,1990-07,708278.0,1963270.0,82198426.0,
1990,8,1990-08,674223.0,1862443.0,84062642.0,
1990,9,1990-09,702405.0,1974546.0,83571078.0,
1990,10,1990-10,727954.0,2009476.0,97745015.0,
1990,11,1990-11,738452.0,2040007.0,99415381.0,
1990,12,1990-12,745500.0,2077000.0,102577169.0,
1991,1,1991-01,766890.0,2105919.0,103530152.0,
1991,2,1991-02,782786.0,2150728.0,105831412.0,
1991,3,1991-03,805237.0,2209083.0,110399340.0,
1991,4,1991-04,860021.0,2358674.0,112021910.0,
1991,5,1991-05,838182.0,2291144.0,112489582.0,
1991,6,1991-06,842636.0,2300152.0,112333176.0,
1991,7,1991-07,848600.0,2302900.0,113695881.0,
1991,8,1991-08,864700.0,2364600.0,116262124.0,
1991,9,1991-09,865400.0,2333500.0,120708118.0,
1991,10,1991-10,889593.0,2394005.0,137034867.0,
1991,11,1991-11,898300.0,2426600.0,138900024.0,
1991,12,1991-12,923600.0,2482400.0,142053354.0,
1992,1,1992-01,923300.0,2462000.0,143065266.0,
1992,2,1992-02,931900.0,2511300.0,146251403.0,
1992,3,1992-03,969600.0,2582100.0,148646140.0,
1992,4,1992-04,980000.0,2613700.0,149739224.0,
1992,5,1992-05,979700.0,2613500.0,148766614.0,
1992,6,1992-06,988000.0,2629000.0,150082692.0,
1992,7,1992-07,1004501.0,2663607.0,151864229.0,
1992,8,1992-08,1002567.0,2658540.0,151494022.0,
1992,9,1992-09,1004310.0,2658346.0,151660340.0,
1992,10,1992-10,1021061.0,2658346.0,163096613.0,
1992,11,1992-11,1016161.0,2689726.0,162061529.0,
1992,12,1992-12,1030293.0,2729167.0,170088974.0,
1993,1,1993-01,1044703.0,2785282.0,168407474.0,
1993,2,1993-02,1062384.0,2837564.0,171540418.0,
1993,3,1993-03,1089448.0,2907539.0,176861844.0,
1993,4,1993-04,1098951.0,2938383.0,177333984.0,
1993,5,1993-05,1101398.0,2940870.0,176800747.0,
1993,6,1993-06,1107813.0,2960293.0,176778889.0,
1993,7,1993-07,1115113.0,3013167.0,179056992.0,
1993,8,1993-08,1109156.0,2960878.0,178260812.0,
1993,9,1993-09,1109466.0,2968776.0,182441517.0,
1993,10,1993-10,1117864.0,2994128.0,190374096.0,
1993,11,1993-11,1131886.0,3037221.0,189718993.0,
1993,12,1993-12,1145149.0,3073296.0,192280111.0,
1994,1,1994-01,1207399.0,3192996.0,217699566.0,
1994,2,1994-02,1369366.0,3470478.0,230775802.0,
1994,3,1994-03,1182636.0,3191890.0,199779908.0,
1994,4,1994-04,1174471.0,3178138.0,197268417.0,
1994,5,1994-05,1164113.0,3143099.0,194419045.0,
1994,6,1994-06,1167919.0,3154232.0,193621617.0,
1994,7,1994-07,1164064.0,3152578.0,195274494.0,
1994,8,1994-08,1164612.0,3145774.0,195939000.0,
1994,9,1994-09,1160836.0,3121396.0,197526322.0,
1994,10,1994-10,1168070.0,3140586.0,205748525.0,
1994,11,1994-11,1164138.0,3133258.0,204105648.0,
1994,12,1994-12,1182564.0,3203821.0,209342072.0,
1995,1,1995-01,1177427.0,3184531.0,206894677.0,
1995,2,1995-02,1177105.0,3177464.0,206132679.0,
1995,3,1995-03,1202253.0,3239422.0,212230346.0,
1995,4,1995-04,1188530.0,3211984.0,208909651.0,
1995,5,1995-05,1177314.0,3189385.0,205680469.0,
1995,6,1995-06,1176526.0,3181971.0,205188142.0,
1995,7,1995-07,1164910.0,3156809.0,201836265.0,
1995,8,1995-08,1166084.0,3150536.0,203692872.0,
1995,9,1995-09,1161820.0,3126048.0,202981054.0,
1995,10,1995-10,1185630.0,3227797.0,205444711.0,
1995,11,1995-11,1181034.0,3243734.0,215925856.0,
1995,12,1995-12,1181365.0,3146819.0,215184260.0,
1996,1,1996-01,1170489.0,3134412.0,213552429.0,
1996,2,1996-02,1176893.0,3152472.0,212908307.0,
1996,3,1996-03,1193354.0,3195064.0,218658170.0,
1996,4,1996-04,1187664.0,3181949.0,216730981.0,
1996,5,1996-05,1178592.0,3157498.0,214062078.0,
1996,6,1996-06,1165200.0,3128369.0,214167087.0,
1996,7,1996-07,1148140.0,3073894.0,210177552.0,
1996,8,1996-08,1143410.0,3076115.0,212240093.0,
1996,9,1996-09,1117809.0,3002553.0,205844697.0,
1996,10,1996-10,1116727.0,3005531.0,206861171.0,
1996,11,1996-11,1103778.0,2976035.0,205071268.0,
1996,12,1996-12,1088387.0,2938077.0,202597826.0,
1997,1,1997-01,1081453.0,2913501.0,207507872.0,
1997,2,1997-02,1079263.0,2917507.0,207750656.0,
1997,3,1997-03,1062560.0,2887327.0,206323410.0,
1997,4,1997-04,1049513.0,2852747.0,202783243.0,
1997,5,1997-05,1026560.0,2788043.0,198222150.0,
1997,6,1997-06,1026518.0,2787912.0,193112746.0,
1997,7,1997-07,991831.0,2683006.0,183674378.0,
1997,8,1997-08,978325.0,2606144.0,185977850.0,
1997,9,1997-09,938201.0,2421300.0,171413313.0,
1997,10,1997-10,939967.0,2440438.0,177492343.0,
1997,11,1997-11,938749.0,2431724.0,174755164.0,
1997,12,1997-12,908360.0,2349369.0,171935962.0,
1998,1,1998-01,893573.0,2316912.0,174475893.0,
1998,2,1998-02,864363.0,2236644.0,171304089.0,
1998,3,1998-03,868119.0,2270446.0,171568934.0,
1998,4,1998-04,864175.0,2240818.0,170680581.0,
1998,5,1998-05,849426.0,2237876.0,166891021.0,
1998,6,1998-06,838483.0,2199567.0,163992001.0,
1998,7,1998-07,823825.0,2163964.0,161392961.0,
1998,8,1998-08,810483.0,2131171.0,157836688.0,
1998,9,1998-09,784216.0,2089896.0,157395300.0,
1998,10,1998-10,780926.0,2107298.0,165494692.0,
1998,11,1998-11,771268.0,2089154.0,153185283.0,
1998,12,1998-12,765054.0,2062101.0,153102567.0,
1999,1,1999-01,756678.0,2062758.0,151839226.0,
1999,2,1999-02,745686.0,2029832.0,151333307.0,
1999,3,1999-03,753016.0,2051856.0,154074480.0,
1999,4,1999-04,751230.0,2043566.0,151992631.0,
1999,5,1999-05,735570.0,2013442.0,149229615.0,
1999,6,1999-06,735570.0,2013442.0,145566809.0,
1999,7,1999-07,726926.0,1974212.0,143040193.0,
1999,8,1999-08,719538.0,1952585.0,139557091.0,
1999,9,1999-09,710463.0,1924820.0,137720227.0,
1999,10,1999-10,697902.0,1922749.0,141641286.0,
1999,11,1999-11,695641.0,1895136.0,137252440.0,
1999,12,1999-12,694269.0,1882556.0,141471804.0,
2000,1,2000-01,678604.0,1845475.0,137768391.0,
2000,2,2000-02,686078.0,1861705.0,138006750.0,
2000,3,2000-03,683930.0,1866047.0,141650532.0,
2000,4,2000-04,675729.0,1840870.0,138319831.0,
2000,5,2000-05,666599.0,1811434.0,134542993.0,
2000,6,2000-06,659838.0,1789943.0,134224585.0,
2000,7,2000-07,651418.0,1765313.0,131977234.0,
2000,8,2000-08,636461.0,1746574.0,130723506.0,
2000,9,2000-09,637615.0,1740317.0,131753615.0,
2000,10,2000-10,638594.0,1730448.0,129497387.0,
2000,11,2000-11,636470.0,1705207.0,128948103.0,
2000,12,2000-12,623340.0,1678093.0,132245475.0,
2001,1,2001-01,635221.0,1700576.0,129722954.0,
2001,2,2001-02,617164.0,1655810.0,129018152.0,
2001,3,2001-03,620837.0,1670958.0,135447152.0,
2001,4,2001-04,617678.0,1655836.0,132355280.0,
2001,5,2001-05,611442.0,1635684.0,131701645.0,
2001,6,2001-06,612097.0,1638987.0,132401299.0,
2001,7,2001-07,635193.0,1685890.0,135191891.0,
2001,8,2001-08,621150.0,1653658.0,133045208.0,
2001,9,2001-09,628491.0,1669229.0,133568405.0,
2001,10,2001-10,629262.0,1665746.0,138070131.0,
2001,11,2001-11,636365.0,1686743.0,140749081.0,
2001,12,2001-12,643132.0,1702529.0,143707803.0,
2002,1,2002-01,656197.0,1720862.0,143465369.0,
2002,2,2002-02,654562.0,1728051.0,144322094.0,
2002,3,2002-03,662909.0,1747254.0,147147109.0,
2002,4,2002-04,661903.0,1741007.0,146256581.0,
2002,5,2002-05,661833.0,1790429.0,142885818.0,
2002,6,2002-06,640862.0,1698130.0,141779526.0,
2002,7,2002-07,643120.0,1688887.0,138687590.0,
2002,8,2002-08,644933.0,1695868.0,140448300.0,
2002,9,2002-09,644705.0,1670473.0,138822356.0,
2002,10,2002-10,636402.0,1656644.0,144086221.0,
2002,11,2002-11,637277.0,1661429.0,145688792.0,
2002,12,2002-12,642268.0,1671204.0,147619723.0,
2003,1,2003-01,646344.0,1678230.0,147656081.0,
2003,2,2003-02,644468.0,1652008.0,149300580.0,
2003,3,2003-03,651227.0,1679639.0,151868111.0,
2003,4,2003-04,667078.0,1735853.0,153585344.0,
2003,5,2003-05,670839.0,1745626.0,159294593.0,
2003,6,2003-06,681604.0,1750889.0,153703458.0,
2003,7,2003-07,680605.0,1743707.0,150633380.0,
2003,8,2003-08,689517.0,1766677.0,151992246.0,
2003,9,2003-09,687519.0,1760352.0,150117994.0,
2003,10,2003-10,689416.0,1759283.0,151701473.0,
2003,11,2003-11,692476.0,1763826.0,155440075.0,
2003,12,2003-12,694088.0,1766683.0,153513522.0,
2004,1,2004-01,706330.0,1798172.0,158236949.0,
2004,2,2004-02,712453.0,1812244.0,159737581.0,
2004,3,2004-03,734632.0,1863140.0,165675418.0,
2004,4,2004-04,742590.0,1892315.0,167356167.0,
2004,5,2004-05,750830.0,1895604.0,168971562.0,
2004,6,2004-06,752440.0,1902140.0,169717396.0,
2004,7,2004-07,762080.0,1944139.0,174929706.0,
2004,8,2004-08,774489.0,1957204.0,177197611.0,
2004,9,2004-09,775038.0,1959086.0,178658856.0,
2004,10,2004-10,775423.0,1973748.0,191353167.0,
2004,11,2004-11,776800.0,1977716.0,191264194.0,
2004,12,2004-12,779925.0,1982354.0,194188204.0,
2005,1,2005-01,783158.0,1988759.0,191357059.0,
2005,2,2005-02,780796.0,1983187.0,191431862.0,
2005,3,2005-03,789154.0,1998531.0,194117303.0,
2005,4,2005-04,785463.0,1990739.0,192759642.0,
2005,5,2005-05,789852.0,1996754.0,194306985.0,
2005,6,2005-06,789292.0,1995931.0,193198381.0,
2005,7,2005-07,791304.0,2004380.0,192542354.0,
2005,8,2005-08,790022.0,1998974.0,193857515.0,
2005,9,2005-09,796998.0,2013218.0,194304154.0,
2005,10,2005-10,799254.0,2014236.0,198442499.0,
2005,11,2005-11,799288.0,2010032.0,200423629.0,
2005,12,2005-12,798514.0,2008457.0,199531964.0,
2006,1,2006-01,801752.0,2012051.0,195587703.0,
2006,2,2006-02,794588.0,1990419.0,197324980.0,
2006,3,2006-03,802064.0,2002687.0,200090783.0,
2006,4,2006-04,794411.0,1989586.0,196544859.0,
2006,5,2006-05,798971.0,1999244.0,194996739.0,
2006,6,2006-06,803353.0,2005494.0,196084076.0,
2006,7,2006-07,801850.0,2001655.0,196253365.0,
2006,8,2006-08,794256.0,1955552.0,200553889.0,
2006,9,2006-09,805321.0,2006461.0,200837996.0,
2006,10,2006-10,809768.0,2008954.0,208795659.0,
2006,11,2006-11,807413.0,2013386.0,208892640.0,
2006,12,2006-12,814044.0,2026945.0,211942407.0,
2007,1,2007-01,819091.0,2033130.0,212153110.0,
2007,2,2007-02,813311.0,2041062.0,211752465.0,
2007,3,2007-03,827455.0,2065890.0,215699361.0,
2007,4,2007-04,825440.0,2061934.0,213720122.0,
2007,5,2007-05,846304.0,2060397.0,215383589.0,
2007,6,2007-06,832303.0,2060397.0,215680044.0,
2007,7,2007-07,837813.0,2055004.0,216782982.0,
2007,8,2007-08,846613.0,2073792.0,219419081.0,
2007,9,2007-09,847537.0,2077333.0,219593130.0,
2007,10,2007-10,861074.0,2107994.0,238202212.0,
2007,11,2007-11,863554.0,2118581.0,240098300.0,
2007,12,2007-12,871358.0,2137063.0,239838300.0,
2008,1,2008-01,888017.0,2160179.0,242901254.0,
2008,2,2008-02,892132.0,2176434.0,243005675.0,
2008,3,2008-03,909687.0,2209057.0,248569269.0,
2008,4,2008-04,919643.0,2228659.0,250726796.0,
2008,5,2008-05,929182.0,2252135.0,253222824.0,
2008,6,2008-06,939550.0,2270623.0,254211626.0,
2008,7,2008-07,953789.0,2298023.0,258404393.0,
2008,8,2008-08,962778.0,2325856.0,261364002.0,
2008,9,2008-09,979162.0,2356921.0,264634871.0,
2008,10,2008-10,997151.0,2398987.0,301485048.0,
2008,11,2008-11,1010516.0,2431562.0,307025154.0,
2008,12,2008-12,1042916.0,2502279.0,316530467.0,
2009,1,2009-01,1063669.0,2545129.0,321614945.0,
2009,2,2009-02,1081909.0,2588728.0,324979678.0,
2009,3,2009-03,1116044.0,2653014.0,335355671.0,
2009,4,2009-04,1134849.0,2695893.0,392831204.0,
2009,5,2009-05,1157616.0,2746460.0,401513267.0,
2009,6,2009-06,1183837.0,2797186.0,407440119.0,
2009,7,2009-07,1207731.0,2849133.0,418558558.0,
2009,8,2009-08,1226446.0,2890168.0,423196838.0,
2009,9,2009-09,1252703.0,2945548.0,431478763.0,
2009,10,2009-10,1281901.0,3011359.0,443053129.0,
2009,11,2009-11,1295212.0,3041650.0,444752382.0,
2009,12,2009-12,1327580.0,3112043.0,457599485.0,
2010,1,2010-01,1343392.0,3145373.0,461024806.0,
2010,2,2010-02,1360840.0,3185154.0,466483380.0,
2010,3,2010-03,1388492.0,3232550.0,475365545.0,
2010,4,2010-04,1398983.0,3254744.0,476052433.0,
2010,5,2010-05,1413573.0,3285959.0,480802761.0,
2010,6,2010-06,1434223.0,3323895.0,483721774.0,
2010,7,2010-07,1461495.0,3376982.0,494716051.0,
2010,8,2010-08,1485484.0,3425892.0,501471965.0,
2010,9,2010-09,1505136.0,3466974.0,506808073.0,
2010,10,2010-10,1519439.0,3499878.0,514974082.0,
2010,11,2010-11,1531452.0,3521881.0,514709137.0,
2010,12,2010-12,1552881.0,3570066.0,523556312.0,
2011,1,2011-01,1572832.0,3602170.0,525769886.0,
2011,2,2011-02,1578837.0,3619055.0,528928486.0,
2011,3,2011-03,1613482.0,3669962.0,539732576.0,
2011,4,2011-04,1616336.0,3679671.0,538457778.0,
2011,5,2011-05,1642508.0,3727005.0,546159528.0,
2011,6,2011-06,1655292.0,3739233.0,547059525.0,
2011,7,2011-07,1668941.0,3776195.0,560922707.0,
2011,8,2011-08,1695650.0,3818822.0,568720754.0,
2011,9,2011-09,1706251.0,3851823.0,572956506.0,
2011,10,2011-10,1720236.0,3867094.0,582667257.0,
2011,11,2011-11,1722785.0,3875258.0,580379534.0,
2011,12,2011-12,1738884.0,3904099.0,576426618.0,
2012,1,2012-01,1751440.0,3917804.0,583508744.0,
2012,2,2012-02,1750085.0,3925017.0,584949255.0,
2012,3,2012-03,1774677.0,3961829.0,592396971.0,
2012,4,2012-04,1776742.0,3956504.0,588533434.0,
2012,5,2012-05,1791393.0,3980231.0,592038845.0,
2012,6,2012-06,1804088.0,4011628.0,597245060.0,
2012,7,2012-07,1827008.0,4034260.0,600590809.0,
2012,8,2012-08,1844039.0,4062422.0,605685175.0,
2012,9,2012-09,1849513.0,4074501.0,605799655.0,
2012,10,2012-10,1871771.0,4107543.0,611535495.0,
2012,11,2012-11,1870687.0,4108565.0,610335663.0,
2012,12,2012-12,1879514.0,4127070.0,613042245.0,
2013,1,2013-01,1903182.0,4155083.0,632960816.0,
2013,2,2013-02,1891174.0,4147880.0,632262863.0,
2013,3,2013-03,1914602.0,4180235.0,639882067.0,
2013,4,2013-04,1911075.0,4163620.0,634421108.0,
2013,5,2013-05,1915130.0,4169854.0,636111028.0,
2013,6,2013-06,1914830.0,4167502.0,634076011.0,
2013,7,2013-07,1926688.0,4181660.0,636478761.0,
2013,8,2013-08,1933680.0,4198369.0,639653300.0,
2013,9,2013-09,1938095.0,4200988.0,637589036.0,
2013,10,2013-10,1961085.0,4245372.0,650248342.0,
2013,11,2013-11,1966307.0,4264816.0,607441620.0,
2013,12,2013-12,1985240.0,4295452.0,610383650.0,
2014,1,2014-01,1997428.0,4308752.0,612818679.0,
2014,2,2014-02,1995827.0,4311206.0,613867843.0,
2014,3,2014-03,2018357.0,4336066.0,617010166.0,
2014,4,2014-04,2027773.0,4349203.0,616536772.0,
2014,5,2014-05,2038610.0,4362874.0,618274705.0,
2014,6,2014-06,2049185.0,4419104.0,616645342.0,
2014,7,2014-07,2057046.0,4434106.0,617030705.0,
2014,8,2014-08,2067778.0,4439090.0,618477138.0,
2014,9,2014-09,2066631.0,4429570.0,612748723.0,
2014,10,2014-10,2070011.0,4431666.0,633389518.0,
2014,11,2014-11,2056792.0,4381564.0,631657787.0,
2014,12,2014-12,2084513.0,4407217.0,636100765.0,
2015,1,2015-01,2084554.0,4400060.0,631693551.0,
2015,2,2015-02,2082575.0,4397992.0,628648407.0,
2015,3,2015-03,2095801.0,4410913.0,630619647.0,
2015,4,2015-04,2098966.0,4415987.0,624671017.0,
2015,5,2015-05,2103684.0,4421016.0,623512918.0,
2015,6,2015-06,2115586.0,4429146.0,622285048.0,
2015,7,2015-07,2119925.0,4433744.0,623292691.0,
2015,8,2015-08,2123659.0,4441949.0,622189347.0,
2015,9,2015-09,2127450.0,4442010.0,619979082.0,
2015,10,2015-10,2124909.0,4436189.0,621853976.0,
2015,11,2015-11,2123433.0,4423656.0,614457341.0,
2015,12,2015-12,2122130.0,4416807.0,615382268.0,
2016,1,2016-01,2107591.0,4384491.0,609457836.0,
2016,2,2016-02,2098438.0,4354226.0,607486250.0,
2016,3,2016-03,2111634.0,4378063.0,608227605.0,
2016,4,2016-04,2086897.0,4319732.0,600371578.0,
2016,5,2016-05,2084911.0,4302479.0,597811499.0,
2016,6,2016-06,2078088.0,4287282.0,594442675.0,
2016,7,2016-07,2061726.0,4257428.0,590127200.0,
2016,8,2016-08,2068663.0,4267498.0,591763452.0,
2016,9,2016-09,2054322.0,4252654.0,586318406.0,
2016,10,2016-10,2041736.0,4230399.0,583037131.0,
2016,11,2016-11,2030685.0,4228297.0,578649347.0,
2016,12,2016-12,2020183.0,4194962.0,577429219.0,
2017,1,2017-01,2006542.0,4165897.0,567519109.0,
2017,2,2017-02,1982535.0,4126328.0,562597258.0,
2017,3,2017-03,1989555.0,4117613.0,563620935.0,
2017,4,2017-04,1967869.0,4071767.0,554670202.0,
2017,5,2017-05,1967755.0,4058708.0,552628842.0,
2017,6,2017-06,1963764.0,4048374.0,550330254.0,
2017,7,2017-07,1951592.0,4021166.0,546304718.0,
2017,8,2017-08,1966116.0,4040968.0,549663747.0,
2017,9,2017-09,1964764.0,4040313.0,546268643.0,
2017,10,2017-10,1973283.0,4041711.0,543581285.0,
2017,11,2017-11,1965392.0,4025040.0,536712809.0,
2017,12,2017-12,1967062.0,4025533.0,539278436.0,
2018,1,2018-01,1966596.0,4003826.0,535687144.0,
2018,2,2018-02,1943041.0,3969931.0,532379457.0,
2018,3,2018-03,1959216.0,3980048.0,531702424.0,
2018,4,2018-04,1943611.0,3938934.0,524505207.0,
2018,5,2018-05,1940828.0,3922366.0,523262914.0,
2018,6,2018-06,1930438.0,3894395.0,520251195.0,
2018,7,2018-07,1923253.0,3871003.0,516424616.0,
2018,8,2018-08,1927173.0,3875364.0,517228663.0,
2018,9,2018-09,1912140.0,3846268.0,511703493.0,
2018,10,2018-10,1911644.0,3830650.0,515551201.0,
2018,11,2018-11,1894575.0,3795514.0,509059032.0,
2018,12,2018-12,1886632.0,3773446.0,507802535.0,
2019,1,2019-01,1890447.0,3727456.0,924312088.0,/2
2019,2,2019-02,303030.0,606095.0,72917188.0,/2
2019,3,2019-03,1848931.0,3677090.0,496090357.0,
2019,4,2019-04,1824382.0,3623654.0,479428789.0,
2019,5,2019-05,1837803.0,3636313.0,481111532.0,
2019,6,2019-06,1970778.0,3775793.0,490367375.0,
2019,7,2019-07,2053345.0,3914962.0,498732955.0,
2019,8,2019-08,2100790.0,3987750.0,502360546.0,
2019,9,2019-09,2118467.0,4004917.0,499547701.0,
2019,10,2019-10,2141660.0,4040645.0,506577080.0,
2019,11,2019-11,2148970.0,4042531.0,497653867.0,
2019,12,2019-12,2164962.0,4059554.0,497139123.0,
2020,1,2020-01,2162843.0,4043672.0,490320067.0,
2020,2,2020-02,2162336.0,4031055.0,493260669.0,
2020,3,2020-03,2176480.0,4041711.0,498031374.0,
2020,4,2020-04,2404044.0,4451007.0,763816239.0,
2020,5,2020-05,2517672.0,4637893.0,823031052.0,
2020,6,2020-06,2592246.0,4775267.0,842760507.0,
2020,7,2020-07,2513681.0,4564117.0,812020882.0,
2020,8,2020-08,2488992.0,4519289.0,798178301.0,
2020,9,2020-09,2458340.0,4537280.0,795797324.0,
2020,10,2020-10,2361583.0,4375694.0,809538351.0,
2020,11,2020-11,2291174.0,4245238.0,787433147.0,
2020,12,2020-12,2286052.0,4234649.0,786351987.0,
2021,1,2021-01,2370183.0,4368759.0,789548547.0,
2021,2,2021-02,2456818.0,4451404.0,1039172088.0,
2021,3,2021-03,2383453.0,4309750.0,928157867.0,
2021,4,2021-04,2370759.0,4291627.0,934792129.0,
2021,5,2021-05,2353486.0,4259446.0,1025626480.0,
2021,6,2021-06,2338578.0,4237518.0,1015968714.0,
2021,7,2021-07,2438593.0,4412673.0,1031286667.0,
2021,8,2021-08,2406829.0,4340990.0,1039419973.0,
2021,9,2021-09,2437879.0,4396992.0,1056145515.0,
2021,10,2021-10,2498868.0,4488318.0,1168800556.0,
2021,11,2021-11,2521033.0,4528129.0,1172490643.0,
2021,12,2021-12,2534905.0,4465861.0,1181899641.0,
2022,1,2022-01,2532377.0,4470515.0,1174164045.0,
2022,2,2022-02,2546125.0,4489949.0,1167556995.0,
2022,3,2022-03,2592917.0,4572651.0,1185212491.0,
2022,4,2022-04,2612764.0,4612800.0,1194895095.0,
2022,5,2022-05,2649214.0,4669304.0,1206684474.0,
2022,6,2022-06,2684296.0,4741370.0,1221799875.0,
2022,7,2022-07,2775042.0,4896195.0,1245781229.0,
2022,8,2022-08,2579564.0,4553236.0,1261781234.0,
2022,9,2022-09,2865660.0,5044603.0,1243710332.0,
2022,10,2022-10,2870494.0,5052731.0,1428723461.0,
2022,11,2022-11,2944785.0,5166416.0,1449121372.0,
2022,12,2022-12,2963632.0,5196207.0,1462504788.0,
2023,1,2023-01,2982802.0,5216600.0,1449263794.0,
2023,2,2023-02,3006076.0,5245040.0,1466160613.0,
2023,3,2023-03,3030977.0,5279190.0,1495761034.0,
2023,4,2023-04,2965170.0,5172539.0,935517066.0,
2023,5,2023-05,2992905.0,5215990.0,933885673.0,
2023,6,2023-06,3020493.0,5265551.0,937828899.0,
2023,7,2023-07,3007004.0,5230031.0,938953051.0,
2023,8,2023-08,3044879.0,5287586.0,948537302.0,
2023,9,2023-09,3043657.0,5278649.0,940912701.0,
2023,10,2023-10,3068940.0,5307404.0,1009615132.0,
2023,11,2023-11,3070168.0,5302750.0,1006129703.0,
2023,12,2023-12,3083150.0,5318809.0,1011085285.0,
2024,1,2024-01,3097449.0,5335531.0,1007389977.0,
2024,2,2024-02,3051842.0,5258910.0,1002031717.0,
2024,3,2024-03,3142476.0,5406892.0,1023984053.0,
2024,4,2024-04,3146853.0,5405423.0,1012666513.0,
2024,5,2024-05,3169329.0,5444031.0,1020377545.0,
2024,6,2024-06,3169324.0,5444022.0,1016637189.0,
2024,7,2024-07,3154411.0,5391640.0,1021186667.0,
2024,8,2024-08,3190682.0,5466830.0,1027430626.0,
2024,9,2024-09,3199052.0,5472654.0,1024551145.0,
2024,10,2024-10,3216228.0,5487503.0,1057446245.0,
2024,11,2024-11,3218729.0,5485613.0,1053988922.0,
2024,12,2024-12,3235612.0,5504763.0,1057472816.0,
2025,1,2025-01,3235148.0,5496920.0,1055039473.0,
2025,2,2025-02,3237952.0,5497691.0,1059655060.0,
2025,3,2025-03,3243361.0,5494014.0,1048462801.0,
2025,4,2025-04,3251191.0,5495825.0,1046043808.0,
2025,5,2025-05,3255676.0,5494318.0,1045286794.0,
2025,6,2025-06,3251615.0,5477070.0,1040595008.0,
2025,7,2025-07,3237802.0,5449432.0,1035507087.0,
2025,8,2025-08,3218583.0,5415353.0,1041915828.0,
2025,9,2025-09,3207415.0,5389768.0,1035586487.0,
