PUMA,eligible_hh,eligible_persons,snap_hh,no_snap_hh,no_snap_persons,n_sample,non_enroll_rate,eligible_hh_200fpl,no_snap_hh_200fpl,non_enroll_rate_200fpl
00101,19668,40684,4871,14797,30877,110,0.7523388244864755,28575,22452,0.7857217847769029
00102,4251,10359,1422,2829,4992,45,0.6654904728299224,8557,6882,0.8042538272759144
00398,6426,12877,1413,5013,9616,70,0.7801120448179272,11640,9272,0.7965635738831615
00500,11517,22056,4645,6872,11485,121,0.5966831640184076,21908,15200,0.693810480189885
00798,17569,39318,6834,10735,21841,200,0.6110194091866356,27615,18008,0.652109360854608
00901,5450,9251,1409,4041,6296,74,0.7414678899082568,11028,8388,0.7606093579978237
00902,5980,12472,1079,4901,9600,73,0.8195652173913044,10059,8279,0.8230440401630381
00903,5692,11258,1846,3846,7750,62,0.6756851721714687,12308,9378,0.7619434514137147
00904,9561,20926,2515,7046,13257,89,0.7369522016525468,18989,14557,0.7666017167834009
00905,5156,12646,857,4299,9748,46,0.8337858805275408,9325,8064,0.8647721179624664
01101,1425,2625,149,1276,2404,18,0.895438596491228,3301,3152,0.9548621629809149
01102,6913,14614,1850,5063,9050,55,0.7323882540141762,11706,9136,0.7804544677942935
01103,9351,16709,2706,6645,10728,70,0.7106191851138915,15090,11752,0.7787939032471836
01104,9329,18575,1833,7496,15027,71,0.8035159181048344,15397,12449,0.8085341300253296
01105,7309,15324,2046,5263,9005,53,0.720071145163497,13863,10573,0.7626776311043786
01106,9441,17019,2401,7040,13586,84,0.7456837199449211,15477,11409,0.7371583640240357
01107,9962,24461,4395,5567,12046,70,0.5588235294117647,18069,11053,0.611710664674304
01108,10233,22676,4743,5490,10798,87,0.5364995602462621,16715,9707,0.5807358659886329
01109,6534,17960,1969,4565,13081,55,0.6986531986531986,11942,8850,0.7410818958298443
01110,7214,16559,971,6243,14034,50,0.8654006099251456,11232,8615,0.7670049857549858
01111,7386,12693,3176,4210,6620,55,0.569997292174384,11399,7737,0.6787437494517062
01112,4413,11320,1080,3333,7835,28,0.7552685248130524,7347,5144,0.7001497209745474
01113,9570,16872,3299,6271,11320,74,0.6552769070010449,17484,13106,0.7495996339510409
01114,7904,17421,3187,4717,8635,71,0.5967864372469636,13889,8891,0.6401468788249693
01115,4354,10558,844,3510,7968,31,0.8061552595314653,8158,6949,0.8518019122333905
01116,7209,16524,2030,5179,10524,81,0.7184075461229019,11486,9045,0.7874804109350514
01117,2363,6946,193,2170,6076,25,0.9183241641980533,3601,3408,0.9464037767286865
01398,16648,37749,8166,8482,16870,203,0.5094906295050456,27797,16704,0.6009281577148613
01500,11048,19741,2270,8778,15283,105,0.7945329471397538,21805,17922,0.821921577619812
01700,16266,29881,3796,12470,21203,137,0.7666297799090127,25874,20355,0.7866970704181804
01901,5827,12472,1668,4159,8416,56,0.7137463531834564,12094,9371,0.7748470315859104
01902,3313,8641,1077,2236,3925,33,0.6749169936613342,8325,6433,0.7727327327327327
02101,4522,8435,902,3620,5778,52,0.8005307386112339,8590,7190,0.8370197904540163
02102,7279,14184,1922,5357,10015,82,0.7359527407610935,11720,8962,0.7646757679180888
02103,7183,19939,1654,5529,13361,86,0.7697340943895309,12346,10335,0.8371132350558885
02799,13385,28692,5213,8172,15548,152,0.6105341800522973,21836,13943,0.6385326982963913
03101,8842,27079,3367,5475,15276,65,0.6192038000452387,15573,11156,0.7163680729467669
03102,16152,33731,9156,6996,10813,139,0.43313521545319467,24135,11846,0.49082245701263727
03103,13028,28334,6215,6813,12215,83,0.5229505680073687,21363,12569,0.5883536956419978
03104,11588,30588,4287,7301,15415,66,0.630048325854332,17356,12425,0.7158907582392257
03105,6044,14544,1576,4468,9168,48,0.7392455327597618,11303,8898,0.7872246306290366
03106,9752,18083,4001,5751,9702,64,0.5897251845775225,15771,11140,0.7063597742692284
03107,7648,13866,1293,6355,10183,62,0.8309361924686193,13392,10979,0.8198178016726404
03301,5820,12857,2386,3434,6708,56,0.5900343642611684,10863,7465,0.6871950658197551
03302,8559,20547,3883,4676,9535,80,0.5463255053160416,14368,9254,0.6440701559020044
03303,3911,8498,860,3051,6695,49,0.780107389414472,8067,6642,0.8233544068426925
03500,7793,17344,2390,5403,9946,64,0.6933145130245092,14646,11307,0.7720196640721017
04798,9018,18563,3217,5801,9888,114,0.6432690175205146,15864,11504,0.7251638930912758
05199,9267,23269,4073,5194,13278,78,0.5604834358476314,17506,11090,0.6334970867131269
05300,12594,27751,4046,8548,16295,114,0.678735905986978,24215,17495,0.7224860623580426
05701,15858,35547,7828,8030,16236,134,0.5063690250977425,24485,13110,0.5354298550132734
05702,11538,22016,7068,4470,6979,100,0.3874154966198648,18409,8978,0.4876962355369656
05703,7837,14554,2304,5533,9075,57,0.7060099527880567,15025,10571,0.7035607321131447
05704,6881,14930,1536,5345,9227,61,0.7767766313035896,10349,7632,0.7374625567687699
05705,14538,32296,6216,8322,15893,103,0.572430870821296,23033,14542,0.631355012373551
05706,9775,25604,3251,6524,15495,87,0.6674168797953964,14751,9703,0.6577859128194699
05707,10823,26565,4836,5987,12238,78,0.5531737965443962,16960,11139,0.6567806603773585
05708,6606,12711,2051,4555,6768,55,0.6895246745382985,12020,8226,0.6843594009983361
05709,3893,10337,1054,2839,7065,35,0.7292576419213974,6750,5305,0.7859259259259259
05710,5722,7989,1681,4041,5711,55,0.7062216008388675,8851,6561,0.7412721726358603
05711,7006,14596,1701,5305,11168,36,0.7572081073365686,10473,8350,0.7972882650625418
05998,8424,18257,1752,6672,13045,122,0.792022792022792,16602,13709,0.8257438862787616
06100,11172,19410,2551,8621,12635,103,0.7716612960973863,18324,14598,0.7966601178781926
06901,8302,14530,3036,5266,8472,76,0.6343049867501807,12345,8511,0.6894289185905225
06902,12360,22789,3827,8533,13020,104,0.6903721682847896,21863,16698,0.7637561176416777
06903,7116,12510,1484,5632,9741,57,0.7914558740865655,14449,12489,0.8643504740812513
07101,6019,8945,364,5655,8044,81,0.9395248380129589,11802,10976,0.930011862396204
07102,6434,13858,1597,4837,9801,56,0.751787379546161,11295,9360,0.8286852589641435
07103,11606,29167,2842,8764,20500,107,0.7551266586248492,22997,18072,0.7858416315171544
07104,9458,21011,2467,6991,14732,97,0.7391626136603933,14511,10860,0.7483977672110812
07105,4677,11888,472,4205,10740,55,0.8990806072268548,10669,9965,0.9340144343424875
07106,5053,10088,1180,3873,7920,42,0.7664753611715812,10108,7157,0.7080530273051049
07301,6413,14362,1307,5106,10546,68,0.7961952284422267,10518,8731,0.8301007796158966
07302,17686,38922,5775,11911,24013,143,0.6734705416713785,24962,18457,0.7394038939187565
08101,6766,12749,626,6140,12059,66,0.9074785693171741,13241,11410,0.8617173929461521
08102,8868,16685,3131,5737,9607,88,0.6469327920613441,16078,12197,0.758614255504416
08103,8216,13706,1116,7100,11500,80,0.8641674780915287,14166,12590,0.8887477057743893
08301,9961,21978,4757,5204,8757,104,0.5224375062744704,16246,10810,0.6653945586605934
08302,8066,20742,3877,4189,7960,62,0.51934044135879,17487,11757,0.6723280150969292
08303,10588,25055,3091,7497,15521,109,0.7080657347941065,18680,14356,0.7685224839400429
08500,11136,24736,2757,8379,16010,110,0.7524245689655172,18770,15004,0.7993606819392648
08601,4225,9978,1929,2296,5132,43,0.5434319526627219,9347,5417,0.5795442387931957
08602,5958,15192,2851,3107,6245,64,0.5214837193689158,10878,6723,0.6180364037506895
08603,8683,21593,4384,4299,9384,66,0.49510537832546353,14632,8467,0.5786632039365773
08604,7796,14084,1742,6054,10609,78,0.7765520779887122,10945,8777,0.8019186843307446
08605,5554,18739,2545,3009,9719,47,0.5417716960749009,10201,6261,0.6137633565336732
08606,11759,27555,7750,4009,9952,98,0.3409303512203419,19263,8024,0.41654986243056635
08607,8840,21045,5921,2919,7057,94,0.33020361990950226,15304,6062,0.39610559330893885
08608,5994,13181,3731,2263,4601,59,0.3775442108775442,11247,6240,0.5548146172312617
08609,12300,25262,8969,3331,6808,117,0.2708130081300813,18544,6266,0.3378990509059534
08610,5210,13507,1856,3354,9739,48,0.6437619961612284,8621,6342,0.7356455167613966
08611,10385,22895,6374,4011,7497,72,0.38623013962445835,16311,8500,0.5211207160811722
08612,8402,15594,2628,5774,10380,76,0.6872173292073316,13022,9413,0.7228536323145446
08613,16825,30506,10154,6671,12182,121,0.3964933135215453,24555,12312,0.5014050091631033
08614,5677,10542,1407,4270,7700,62,0.752157829839704,8950,7008,0.7830167597765363
08615,10451,21619,6609,3842,7283,75,0.36762032341402734,16686,8491,0.5088697111350833
08616,5010,10720,1521,3489,6375,47,0.6964071856287425,7828,6049,0.7727388860500767
08617,6563,11892,2273,4290,8214,59,0.6536644827060796,10080,6567,0.6514880952380953
08618,3787,7019,1334,2453,4360,49,0.6477422762080802,6901,4401,0.6377336617881466
08619,4949,11013,1966,2983,7051,49,0.6027480299050313,9670,7228,0.7474663908996898
08620,5962,9204,1190,4772,6855,54,0.8004025494800403,9874,8082,0.8185132671662954
08621,4336,9913,962,3374,7563,46,0.7781365313653137,8753,6603,0.7543699303096081
08622,7273,18583,3386,3887,9254,59,0.5344424584078097,14399,7980,0.5542051531356345
08623,3587,7682,1494,2093,5189,38,0.583495957624756,8143,4147,0.5092717671619796
08624,7346,22184,4030,3316,8464,53,0.45140212360468285,12144,6900,0.5681818181818182
08625,6137,14251,2132,4005,8017,54,0.6525989897343979,10127,7606,0.7510615187123532
09101,4430,10218,1106,3324,7578,40,0.7503386004514673,8057,6951,0.8627280625543006
09102,4813,12794,1765,3048,7174,54,0.633284853521712,9178,6807,0.7416648507300065
09501,7911,21679,2557,5354,12483,64,0.676779168246745,13742,9176,0.667733954300684
09502,6822,17083,2062,4760,10560,47,0.6977425974787452,11075,7286,0.6578781038374718
09503,4757,11530,855,3902,8570,35,0.8202648728190036,9234,7496,0.8117825427766948
09504,10996,24501,4392,6604,13908,72,0.6005820298290288,21326,13467,0.6314826971771547
09505,11047,21225,4340,6707,12742,77,0.6071331583235268,17738,12231,0.6895365881159093
09506,10053,25733,4917,5136,11401,59,0.5108922709638913,18819,10448,0.5551835910515968
09507,7336,11991,2239,5097,8976,68,0.6947928026172301,13798,10332,0.748804174518046
09508,9781,24013,2714,7067,15629,76,0.7225232593804315,14964,10496,0.7014167334937182
09509,6767,16689,3681,3086,6317,41,0.4560366484409635,13955,8779,0.6290935148692225
09510,5292,12273,1748,3544,7879,37,0.6696900982615268,10353,7985,0.7712740268521202
09701,6057,17026,1329,4728,12157,39,0.7805844477464091,10500,8213,0.7821904761904762
09702,4155,8576,1809,2346,4442,29,0.5646209386281589,8003,5379,0.6721229538922904
09703,10264,26194,3441,6823,16160,62,0.6647505845674201,21310,13435,0.6304551853589864
09901,5078,9020,559,4519,7419,46,0.8899172902717606,8084,7388,0.9139040079168729
09902,6173,11861,1899,4274,6985,60,0.6923699983800421,10323,8159,0.7903710161774677
09903,10023,20933,3304,6719,11743,97,0.670358176194752,17408,11947,0.6862936580882353
09904,11028,26119,4142,6886,16121,99,0.6244105912223431,17838,11194,0.6275367193631574
09905,7269,17338,2941,4328,7796,65,0.5954051451368827,13364,8147,0.6096228674049686
09906,9375,22985,3149,6226,9517,100,0.6641066666666666,16405,12086,0.7367266077415422
09907,10124,15901,2404,7720,12075,103,0.7625444488344528,16440,13573,0.8256082725060827
09908,6110,9233,193,5917,9040,68,0.9684124386252045,10218,9925,0.9713251125464866
09909,4979,9192,1404,3575,6349,51,0.7180156657963447,9445,7732,0.8186341979883536
09910,2616,6375,68,2548,6239,24,0.9740061162079511,4014,3868,0.9636273044344793
09911,7070,17359,2300,4770,10811,64,0.6746817538896747,12424,8871,0.7140212491951062
10101,7248,16505,2458,4790,10137,68,0.6608719646799117,14124,10744,0.7606910223732654
10102,7822,12505,1936,5886,8664,77,0.752492968550243,13947,10554,0.7567218756721875
10103,12466,22027,3387,9079,14485,137,0.7283009786619605,22185,16965,0.7647058823529411
10104,6530,12562,969,5561,9777,44,0.8516079632465544,10726,9233,0.8608055192988999
10301,5371,10401,1232,4139,6695,59,0.7706199962762986,10209,8084,0.7918503281418356
10302,6445,12393,2048,4397,7798,65,0.6822342901474011,11936,9350,0.7833445040214477
10303,6672,15633,2953,3719,7874,82,0.5574040767386091,11199,7720,0.6893472631484954
10304,6231,13220,1852,4379,8203,84,0.7027764403787514,12424,9399,0.7565196394075981
10305,3857,6514,488,3369,5500,66,0.8734767954368681,8560,7672,0.8962616822429906
10306,10005,22126,4265,5740,11033,107,0.5737131434282858,16587,10884,0.6561765237836861
10307,12259,22218,4466,7793,13252,115,0.6356962231829676,18815,12961,0.688865267074143
10308,6381,9507,1672,4709,6449,84,0.7379721046857859,12233,9848,0.8050355595520314
10501,10746,20259,4009,6737,10222,91,0.626930951051554,16250,10841,0.6671384615384616
10502,13300,28439,5853,7447,16701,105,0.5599248120300752,25354,16933,0.6678630590833794
10503,5407,13050,1686,3721,9584,52,0.6881819863140374,12396,9741,0.7858180058083253
10504,12031,31555,3819,8212,18177,134,0.6825700274291414,21728,14970,0.6889727540500736
10505,5666,15346,2715,2951,6532,59,0.5208259795270032,11512,7309,0.6349027102154274
10799,9167,21641,3132,6035,13966,97,0.6583396967383004,15559,11041,0.7096214409666431
10902,2591,6078,221,2370,5602,23,0.9147047472018526,3716,3495,0.9405274488697524
10903,6543,11136,1694,4849,8184,57,0.7410973559529268,10594,7919,0.7474985841042099
11101,11297,18562,4050,7247,11426,83,0.6414977427635655,19013,13886,0.7303423973071057
11102,5154,11065,1062,4092,8229,51,0.7939464493597206,12167,9121,0.7496506945015206
11103,5319,13685,1219,4100,8570,44,0.7708215830043241,11608,8898,0.766540317022743
11300,7958,16001,2203,5755,10872,79,0.7231716511686354,13252,9811,0.7403410805916089
11501,8959,18794,1986,6973,14886,102,0.7783234736019645,15101,12552,0.831203231574068
11502,7738,12452,541,7197,11684,96,0.9300852933574567,13891,13154,0.9469440645021957
11503,7569,17774,1338,6231,14827,94,0.823226317875545,15430,12914,0.8369410239792612
11701,2781,5435,836,1945,3335,26,0.699388709097447,7620,6133,0.8048556430446194
11702,7142,17424,2966,4176,10532,53,0.5847101652198263,13743,9227,0.6713963472313178
11703,6655,12248,1982,4673,9103,52,0.7021788129226145,12712,9314,0.7326935179358087
11704,3955,11241,1218,2737,7078,41,0.6920353982300885,7664,4788,0.6247390396659708
11900,8164,19132,2232,5932,11798,61,0.7266046055854973,15365,12948,0.8426944354051416
12701,6792,14004,4159,2633,3614,56,0.3876619552414605,12550,7365,0.5868525896414343
12702,14093,28211,5502,8591,14172,135,0.6095934151706521,23081,14892,0.6452060136042632
12703,8778,17542,2389,6389,12359,90,0.727842333105491,17102,13910,0.8133551631388142
12704,5255,12119,866,4389,10231,53,0.8352045670789724,11100,9344,0.8418018018018018
