FIPS,State,County,GROCPTH16,GROCPTH20,PCH_GROCPTH_16_20,SUPERCPTH16,SUPERCPTH20,PCH_SUPERCPTH_16_20,CONVSPTH16,CONVSPTH20,PCH_CONVSPTH_16_20,SNAPSPTH17,SNAPSPTH23,PCH_SNAPSPTH_17_23,LACCESS_POP15,LACCESS_POP19,PCH_LACCESS_POP_15_19,PCT_LACCESS_POP15,PCT_LACCESS_POP19,PCT_SNAP17,PCT_SNAP22
6001,CA,Alameda,0.2253500670194626,0.2195722460746765,-2.56393131859467,0.003634678432717919,0.01624233089387417,346.8711935467857,0.1999073177576065,0.1973142474889755,-1.297136241793384,0.5056547959042559,0.5457311272621155,7.925630569458008,115055.1784408877,122085.3992190132,6.11030387878418,7.618181228637695,8.083675384521484,10.40064266441573,11.66618694212165
6003,CA,Alpine,-9999.0,-9999.0,-9999.0,-9999.0,-9999.0,-9999.0,-9999.0,-9999.0,-9999.0,-9999.0,-9999.0,-9999.0,575.162591718658,669.388616788606,16.38250160217285,48.95000839233398,56.96924209594727,10.40064266441573,11.66618694212165
6005,CA,Amador,0.3471944034099579,0.2993787825107574,-13.77200220671214,-9999.0,-9999.0,-9999.0,0.3204871416091919,0.3243270218372345,1.198138623834399,0.7788363623811252,0.7639796137809753,-1.907557129859924,5.3553277364117,66.3495595788336,1138.944946289063,0.01405929960310459,0.1741869747638702,10.40064266441573,11.66618694212165
6007,CA,Butte,0.1989196389913559,0.1880194097757339,-5.479714959715776,0.004420436453074217,0.01880194060504436,325.3412712667423,0.3271123170852661,0.3290339708328247,0.5874599173401718,0.8148199836599883,0.9269446134567261,13.76066303253174,42034.36530223508,42049.55409670883,0.03613423183560371,19.10652923583984,19.11343383789063,10.40064266441573,11.66618694212165
6009,CA,Calaveras,0.242788091301918,0.2591345012187958,6.732789005104145,-9999.0,-9999.0,-9999.0,0.5076478123664856,0.4102962911128998,-19.17698035568505,0.9360630610904314,0.9852432608604431,5.253941059112549,7456.005538667015,6716.427556405724,-9.919225692749023,16.3587818145752,14.73611736297607,10.40064266441573,11.66618694212165
6011,CA,Colusa,0.4656360447406769,0.3247054517269135,-30.266255073155,-9999.0,-9999.0,-9999.0,0.5121996402740479,0.5566378831863403,8.675961367039653,1.039516930367653,1.283755898475647,23.49542999267578,3262.053241787681,8424.038309762245,158.2434387207031,15.22971820831299,39.32974624633789,10.40064266441573,11.66618694212165
6013,CA,Contra Costa,0.1758614331483841,0.1943882554769516,10.53489784365365,0.00439653592184186,0.01388487499207258,215.81397807062,0.1960854977369308,0.2004628926515579,2.232390954531382,0.4442501954352258,0.5427265763282776,22.16687393188477,251688.5919924346,243670.8027577511,-3.185599088668823,23.99262046813965,23.22831153869629,10.40064266441573,11.66618694212165
6015,CA,Del Norte,0.2188582867383957,0.1430206000804901,-34.6515033943199,0.03647638112306595,-9999.0,-9999.0,0.1459055244922638,0.178775742650032,22.52842602920844,0.9798568134935082,0.9831767678260803,0.3388203680515289,9843.898113342246,9843.898113342273,2.771751740886924e-13,34.40719223022461,34.40719223022461,10.40064266441573,11.66618694212165
6017,CA,El Dorado,0.1720180362462997,0.1710509210824966,-0.5622173028521082,-9999.0,0.02073344588279724,-9999.0,0.3117826879024506,0.2850848734378815,-8.562956026898515,0.5732316684921891,0.636367917060852,11.01408958435059,46775.62230731263,45668.06265249781,-2.3678138256073,25.8346061706543,25.22289085388184,10.40064266441573,11.66618694212165
6019,CA,Fresno,0.2632573544979095,0.252767950296402,-3.984467678600356,0.01024347729980946,0.01998165622353554,95.06712065352288,0.3124260604381561,0.2987257838249207,-4.385126065995193,0.8978979130760013,0.9164121150970459,2.061949491500854,125491.7561898222,124001.7131579578,-1.187363266944885,13.48721122741699,13.32706928253174,10.40064266441573,11.66618694212165
6021,CA,Glenn,0.2878111898899078,0.2121415734291077,-26.2914087842606,0.03597639873623848,-9999.0,-9999.0,0.5756223797798157,0.3889262080192566,-32.43379311137507,1.139033245532854,1.256237626075745,10.2898120880127,6593.206192532094,6593.206192532107,1.931219127757761e-13,23.44501113891602,23.44501113891602,10.40064266441573,11.66618694212165
6023,CA,Humboldt,0.3517076075077057,0.2963467836380005,-15.74058186059916,0.0146544836461544,0.02963467873632908,102.2226060766443,0.2784352004528046,0.4222941696643829,51.66694763364261,0.9396434473580298,1.07248842716217,14.13780689239502,18048.96652694987,15059.29603946902,-16.5642204284668,13.40704536437988,11.18627262115479,10.40064266441573,11.66618694212165
6025,CA,Imperial,0.1945730745792389,0.1386831700801849,-28.72437752238585,0.02223692275583744,0.02773663587868214,24.73234801070197,0.3502315282821655,0.4105021953582764,17.20880680609471,0.633557585370745,0.7294880151748657,15.14154815673828,30032.16292664253,30788.68757895424,2.51904821395874,17.2076473236084,17.64111709594727,10.40064266441573,11.66618694212165
6027,CA,Inyo,0.2793764173984528,0.2216557711362839,-20.66052918841981,-9999.0,-9999.0,-9999.0,0.8940045833587646,0.831209123134613,-7.024064685242415,0.9107215503531935,1.168410420417786,28.29502296447754,5366.186818518685,5357.550499080986,-0.1609396040439606,28.93446922302246,28.88790321350098,10.40064266441573,11.66618694212165
6029,CA,Kern,0.212236151099205,0.2119015455245972,-0.1576572006582677,0.00907962117344141,0.01775091513991356,95.5028167016081,0.3223265707492828,0.3062032759189606,-5.002161253055226,0.7889019641652827,0.8600888848304749,9.023544311523438,186009.1957398808,199599.9152179752,7.306477069854736,22.15368461608887,23.77233695983887,10.40064266441573,11.66618694212165
6031,CA,Kings,0.1875808089971542,0.2554161250591278,36.16324954809353,0.01339862961322069,0.0196473952382803,46.6373487844893,0.2880705296993256,0.3405548334121704,18.21925476640234,0.7400572503403264,0.7671376466751099,3.65922999382019,46915.07104236171,50527.95365061299,7.700899600982666,30.66705322265625,33.02869033813477,10.40064266441573,11.66618694212165
6033,CA,Lake,0.3755163252353668,0.3722141981124878,-0.8793564755964489,-9999.0,-9999.0,-9999.0,0.4850419461727142,0.4807766973972321,-0.8793566843316669,0.9494754537247456,1.058449983596802,11.47734069824219,2747.447691021733,2701.422093910327,-1.675212860107422,4.248739719390869,4.17756462097168,10.40064266441573,11.66618694212165
6035,CA,Lassen,0.2279016822576523,0.233208954334259,2.328755112306125,-9999.0,-9999.0,-9999.0,0.4558033645153046,0.4331023395061493,-4.980442615489522,0.751425301372354,1.035359025001526,37.7860221862793,9725.486084388964,11128.61293111299,14.42731857299805,27.8707160949707,31.8917121887207,10.40064266441573,11.66618694212165
6037,CA,Los Angeles,0.196139320731163,0.1918929070234299,-2.164998681500219,0.005547374952584505,0.01609164848923683,190.0768133897238,0.1945543587207794,0.2162315249443054,11.14195866186511,0.6014492176109419,0.6336113810539246,5.347444534301758,682406.6579895184,641340.3436393556,-6.017865657806396,6.950138568878174,6.531888484954834,10.40064266441573,11.66618694212165
6039,CA,Madera,0.2472445219755173,0.171144962310791,-30.77906804837593,-9999.0,-9999.0,-9999.0,0.3643603622913361,0.3739834427833557,2.641088737398167,0.8525081267129837,0.9666566848754883,13.38973236083984,20481.28281691405,21866.79763904109,6.764785289764404,13.57590103149414,14.49428176879883,10.40064266441573,11.66618694212165
6041,CA,Marin,0.2684852182865143,0.2914522886276245,8.554314642603856,0.00383550301194191,0.01554412208497524,305.2694532262999,0.1610911190509796,0.1904155015945435,18.20359974921008,0.4160998384140305,0.4568401277065277,9.79098892211914,32794.29494251122,30005.23941340341,-8.504697799682617,12.99252223968506,11.88754749298096,10.40064266441573,11.66618694212165
6043,CA,Mariposa,0.2857469320297241,0.2913752794265747,1.969696527228204,-9999.0,-9999.0,-9999.0,0.3428963422775269,0.1748251765966415,-49.01515267399823,0.5122659229324379,0.8172796368598938,59.54206466674805,3193.816860692749,1473.549707097402,-53.86242294311523,17.4994068145752,8.073802947998047,10.40064266441573,11.66618694212165
6045,CA,Mendocino,0.5268040299415588,0.4764062762260437,-9.566698592094303,-9999.0,-9999.0,-9999.0,0.4580904543399811,0.4764062762260437,3.998298089937746,1.045240746211002,1.108124375343323,6.016186237335205,15681.49397156103,12720.45722970342,-18.88236427307129,17.85213470458984,14.48122978210449,10.40064266441573,11.66618694212165
6047,CA,Merced,0.2543292045593262,0.1969547271728516,-22.55913845438506,0.01122040580958128,0.02506696432828903,123.4051490979405,0.2879904210567474,0.2721556127071381,-5.498380220948107,0.8419731082040879,0.9210386276245117,9.390503883361816,57891.34229203602,48440.6031061222,-16.32496070861816,22.63210487365723,18.93742370605469,10.40064266441573,11.66618694212165
6049,CA,Modoc,0.4465780854225159,0.5705808401107788,27.7673174604933,-9999.0,-9999.0,-9999.0,0.2232890427112579,0.3423485159873962,53.32078629138011,1.213455243255446,1.61830997467041,33.36379623413086,3013.024835633501,3927.026072476986,30.33500480651855,31.10700798034668,40.54331970214844,10.40064266441573,11.66618694212165
6051,CA,Mono,0.4208754301071167,0.4128251075744629,-1.912756591803166,-9999.0,-9999.0,-9999.0,0.7716049551963806,0.5504334568977356,-28.66382555077745,0.6352343308865048,0.6808381676673889,7.179057121276855,8121.35247601166,8108.47616985867,-0.1585487872362137,57.1845703125,57.09390258789063,10.40064266441573,11.66618694212165
6053,CA,Monterey,0.2584003210067749,0.2808037102222443,8.670031495387342,0.01153572835028172,0.01856553368270397,60.93941465126977,0.2837789058685303,0.2970485389232635,4.67604630940428,0.6173304681892123,0.6649771928787231,7.718187808990479,69969.91373513032,69023.30518215243,-1.352879405021667,16.8579044342041,16.62983703613281,10.40064266441573,11.66618694212165
6055,CA,Napa,0.2841353118419647,0.2721288502216339,-4.225614036670233,0.01420676521956921,0.02941933646798134,107.0797680773768,0.3125488460063934,0.3383223712444305,8.246239129454302,0.4528053835368002,0.5240784883499146,15.7403392791748,11081.32663669717,16492.9609815786,48.83561706542969,8.119139671325684,12.08417129516602,10.40064266441573,11.66618694212165
6057,CA,Nevada,0.2526809573173523,0.2911471128463745,15.22321109489506,-9999.0,-9999.0,-9999.0,0.363860547542572,0.2811075747013092,-22.74304631270326,0.5744017205335258,0.6743417978286743,17.39898681640625,34131.44882029116,34332.71650529443,0.5896839499473572,34.55859375,34.76237869262695,10.40064266441573,11.66618694212165
6059,CA,Orange,0.1567498743534088,0.1607271879911423,2.537363206279952,0.008532755076885223,0.02368278615176678,177.5514583316961,0.2076303660869598,0.2226181924343109,7.218513664361526,0.4364656469408224,0.4837449491024017,10.83230781555176,228007.7019449547,261040.9162567509,14.48776245117188,7.574422836303711,8.67178726196289,10.40064266441573,11.66618694212165
6061,CA,Placer,0.1688449382781982,0.1613103300333023,-4.46244247635158,0.01055280864238739,0.02481697499752045,135.1693832278762,0.3482427000999451,0.307730495929718,-11.63332473547906,0.5451023653040404,0.5435210466384888,-0.290095716714859,112690.1832444149,111251.1890077886,-1.276947259902954,32.34208679199219,31.92909622192383,10.40064266441573,11.66618694212165
6063,CA,Plumas,0.4815151691436768,0.5799546837806702,20.44369958521921,-9999.0,-9999.0,-9999.0,0.8560269474983215,0.5799546837806702,-32.25041741085992,1.32500978195141,1.27226459980011,-3.980739116668701,1259.815162842274,1260.074984372706,0.02062378264963627,6.296872138977051,6.298170566558838,10.40064266441573,11.66618694212165
6065,CA,Riverside,0.146744579076767,0.1418133080005646,-3.360445140275115,0.01135273277759552,0.01847992278635502,62.77950999450037,0.1917350441217422,0.2173399478197098,13.35431601210559,0.4852954648808674,0.5552612543106079,14.41715335845947,545708.1571375908,536054.3197226395,-1.769047617912292,24.92226600646973,24.48137855529785,10.40064266441573,11.66618694212165
6067,CA,Sacramento,0.1819503903388977,0.1885647624731064,3.635261304957282,0.01455603074282408,0.02180681005120277,49.81288811823394,0.254068911075592,0.2437231689691544,-4.072022059936153,0.6138055618166555,0.6864187121391296,11.82999229431152,260308.3770496667,238548.4745297744,-8.359278678894043,18.34723472595215,16.81353950500488,10.40064266441573,11.66618694212165
6069,CA,San Benito,0.1518474817276001,0.1405042558908463,-7.470144191855955,-9999.0,-9999.0,-9999.0,0.202463299036026,0.2341737598180771,15.66232543529214,0.4283424528823301,0.3706392049789429,-13.47128868103027,9873.643854810658,9878.46987198555,0.0488777719438076,17.86470603942871,17.87343788146973,10.40064266441573,11.66618694212165
6071,CA,San Bernardino,0.145020991563797,0.1406917572021484,-2.985246697712762,0.008447824977338314,0.01827165670692921,116.2882961702424,0.2257446497678757,0.2521488666534424,11.69649730911324,0.6306576484206634,0.6929402947425842,9.875824928283691,484591.7234510423,501804.3261025787,3.551980257034302,23.81040382385254,24.6561450958252,10.40064266441573,11.66618694212165
6073,CA,San Diego,0.1751646250486374,0.1731470823287964,-1.151798041003316,0.008168298751115799,0.01950530335307121,138.7927271931229,0.2293174117803574,0.2235607802867889,-2.510333362336303,0.4906844115007855,0.541994571685791,10.45685577392578,454868.9210535579,462046.2096390524,1.577880620956421,14.69540977478027,14.92728519439697,10.40064266441573,11.66618694212165
6075,CA,San Francisco,0.4108600318431854,0.4004126489162445,-2.542808284386355,0.001147653674706817,0.01038534194231033,804.9195041320637,0.1285372078418732,0.1292398124933243,0.5466157723882148,0.4933871423084563,0.6274704933166504,27.17609405517578,4865.485434675818,4706.662392312892,-3.264279365539551,0.6042317152023315,0.584507942199707,10.40064266441573,11.66618694212165
6077,CA,San Joaquin,0.2183817327022552,0.2395936250686646,9.713217357483783,0.01364885829389095,0.0195320900529623,43.10420426670123,0.2088275402784348,0.260427862405777,24.70953881779303,0.6895404494623194,0.762080729007721,10.52009010314941,102827.8879510316,98772.54113885915,-3.943819999694824,15.00466728210449,14.41291046142578,10.40064266441573,11.66618694212165
6079,CA,San Luis Obispo,0.2447815388441086,0.2125782519578934,-13.15592958451175,0.003547558560967445,0.01771485432982445,399.3534010892685,0.3263753950595856,0.2940665781497955,-9.899280827799995,0.5310421481625236,0.6531493067741394,22.99387359619141,50369.01178482922,50212.05056770475,-0.3116225898265839,18.6803035736084,18.62209129333496,10.40064266441573,11.66618694212165
6081,CA,San Mateo,0.2370013892650604,0.2386892884969711,0.7121895939702583,0.005208821501582861,0.09758567810058594,1773.469422419861,0.1927264034748077,0.1951713562011719,1.268613268489571,0.337693314839061,0.4057010412216187,20.13890266418457,70819.12350218995,75561.03126354405,6.695801258087158,9.857195854187012,10.51721382141113,10.40064266441573,11.66618694212165
6083,CA,Santa Barbara,0.270202100276947,0.2787982821464539,3.181389730389239,0.004503368400037289,0.01573861390352249,249.4853741788518,0.2229167371988297,0.2338308244943619,4.896037611477078,0.5312581352969615,0.5974668264389038,12.46262168884277,46136.98245485323,51901.45204980788,12.49424934387207,10.88405895233154,12.24394035339355,10.40064266441573,11.66618694212165
6085,CA,Santa Clara,0.1804844439029694,0.1751345694065094,-2.964174851177825,0.005704968236386776,0.01835242472589016,221.6919703222329,0.188782587647438,0.1913895606994629,1.380939357020305,0.3873103241419363,0.4262243211269379,10.04724025726318,148010.4442811956,151218.4219331864,2.167399406433105,8.307530403137207,8.487586975097656,10.40064266441573,11.66618694212165
6087,CA,Santa Cruz,0.2586747109889984,0.2408076375722885,-6.90715893656485,0.00364330573938787,0.01481893099844456,306.7440961167964,0.236814871430397,0.2185792326927185,-7.700377357018395,0.5675427182366368,0.5920222401618958,4.313247680664063,54323.16773055751,59253.34441536137,9.075642585754395,20.70384788513184,22.58285331726074,10.40064266441573,11.66618694212165
6089,CA,Shasta,0.1959774196147919,0.2290157377719879,16.85822694376491,0.01679806411266327,0.02234299853444099,33.00936574945954,0.5151406526565552,0.4412742257118225,-14.3390793492626,0.9217008205453137,1.000813841819763,8.583373069763184,37569.59953003153,35907.21597325867,-4.424810409545898,21.19905471801758,20.26103591918945,10.40064266441573,11.66618694212165
6091,CA,Sierra,0.3382949829101563,-9999.0,-9999.0,-9999.0,-9999.0,-9999.0,0.3382949829101563,1.027397274971008,203.6986437495771,1.000333444481494,1.028806567192078,2.846363067626953,2859.05105019572,2859.29686564756,0.008597798645496368,88.24231719970703,88.2499008178711,10.40064266441573,11.66618694212165
6093,CA,Siskiyou,0.4377678334712982,0.323736846446991,-26.04827908896225,0.0230404119938612,-9999.0,-9999.0,0.599050760269165,0.5781015157699585,-3.497073351479207,1.178178611877561,1.634543299674988,38.73476409912109,12806.5027674542,12861.42798131209,0.4288853406906128,28.52227783203125,28.64460563659668,10.40064266441573,11.66618694212165
6095,CA,Solano,0.1640711575746536,0.1633347123861313,-0.4488571906291594,0.01823012717068195,0.02461208030581474,35.00772690931291,0.257500559091568,0.2953449487686157,14.69681844985438,0.5157613063408895,0.596458911895752,15.64630889892578,83561.31672882361,89524.19680607044,7.135933399200439,20.2159252166748,21.65852165222168,10.40064266441573,11.66618694212165
6097,CA,Sonoma,0.2786374688148499,0.2878614366054535,3.310383140442896,0.003980535082519054,0.01633256301283836,310.3107415021805,0.2865985333919525,0.2939861416816711,2.577685308534128,0.5987831958594549,0.6920046806335449,15.5684871673584,75990.73250675735,64338.32080480899,-15.3339900970459,15.70452308654785,13.29639339447021,10.40064266441573,11.66618694212165
6099,CA,Stanislaus,0.2430489808320999,0.225421354174614,-7.252705441156849,0.007421343121677637,0.02181496843695641,193.9490612317223,0.3005643784999847,0.3326782882213593,10.68453616547782,0.824056988605564,0.8803343176841736,6.829300403594971,61495.99345009055,49752.44675557723,-19.0964412689209,11.9536657333374,9.670941352844238,10.40064266441573,11.66618694212165
6101,CA,Sutter,0.219277635216713,0.2282512784004211,4.092365906281104,0.020883584395051,0.03112517483532429,49.04134389257593,0.4176716804504395,0.4668776392936707,11.78101392705506,0.8932759429407059,0.918255090713501,2.796352863311768,33560.26137763733,25089.19062523776,-25.24137306213379,35.42465972900391,26.48299026489258,10.40064266441573,11.66618694212165
6103,CA,Tehama,0.1575597077608109,0.1550531834363937,-1.590840932646453,-9999.0,-9999.0,-9999.0,0.4726791381835938,0.46515953540802,-1.590847187474775,0.9346744673528767,1.145317912101746,22.53655624389648,12879.30808651525,12115.19851604825,-5.932846546173096,20.29419898986816,19.09017562866211,10.40064266441573,11.66618694212165
6105,CA,Trinity,0.7016449570655823,0.5730189681053162,-18.33206205859519,-9999.0,-9999.0,-9999.0,0.6236844062805176,0.8185985684394836,31.25204994644335,1.645815301492381,1.510478973388672,-8.22305679321289,2390.249026775049,2426.811647195065,1.529657363891602,17.33823394775391,17.60345077514648,10.40064266441573,11.66618694212165
6107,CA,Tulare,0.259264349937439,0.238969013094902,-7.828047646131919,0.0087147681042552,0.0213365200906992,144.8317595540048,0.3420546352863312,0.3733890950679779,9.160659306784979,0.960007291103777,0.9504779577255249,-0.9926313757896423,55054.46264782824,49416.38437508327,-10.24091053009033,12.45071887969971,11.17565155029297,10.40064266441573,11.66618694212165
6109,CA,Tuolumne,0.2977907657623291,0.275153636932373,-7.601689317667781,-9999.0,-9999.0,-9999.0,0.465298056602478,0.3118407726287842,-32.98042658811238,0.7388905274541611,0.7637335658073425,3.362208366394043,15384.71968003108,15410.25864718499,0.1660021543502808,27.78780746459961,27.83393669128418,10.40064266441573,11.66618694212165
6111,CA,Ventura,0.1971848607063293,0.207989901304245,5.479650191810492,0.007084486074745655,0.01901621930301189,168.4205897559705,0.232607290148735,0.2222520709037781,-4.451803397191711,0.5072836171975391,0.5641269683837891,11.20543766021729,132338.6871441216,122611.4002641908,-7.350297451019287,16.07382392883301,14.89235019683838,10.40064266441573,11.66618694212165
6113,CA,Yolo,0.2041109800338745,0.1865943372249603,-8.581920877557447,0.009277772158384323,0.02730648778378963,194.3216034801281,0.2597776055335999,0.2366562336683273,-8.900448450042386,0.6750610026956803,0.7414537072181702,9.835067749023438,27310.25475180319,27477.11022563055,0.6109626889228821,13.5974063873291,13.68048191070557,10.40064266441573,11.66618694212165
6115,CA,Yuba,0.1334757059812546,0.1497005969285965,12.1556884288895,0.01334757078438997,-9999.0,-9999.0,0.3069941401481628,0.3118762373924255,1.590290043290876,0.8816796700895309,1.015849709510803,15.21754932403564,12769.73758167571,15486.81513567333,21.27747344970703,17.69764709472656,21.46326065063477,10.40064266441573,11.66618694212165
