puma_code,puma_raw,est_eligible_households,est_eligible_population,n_sample_households,est_non_enrollment_rate,observed_non_enrollment_rate,ci95_lo,ci95_hi,model_confidence,top_predictive_features,model_auc_cv5,model_version,acs_vintage
0600101,101,9737.0,15867.0,104,0.717,0.6142,0.6532,0.776,0.8772,GRNTP;any_pap;householder_age;n_disabled;HHT,0.8011,ca-snap-gap-v0.1.0,2023 1-Year PUMS
0600111,111,10656.0,17401.0,97,0.4562,0.4035,0.3915,0.5197,0.8718,GRNTP;any_pap;householder_age;n_disabled;HHT,0.8011,ca-snap-gap-v0.1.0,2023 1-Year PUMS
0600112,112,3966.0,5044.0,33,0.7252,0.739,0.5884,0.8232,0.7652,GRNTP;any_pap;householder_age;n_disabled;HHT,0.8011,ca-snap-gap-v0.1.0,2023 1-Year PUMS
0600113,113,8367.0,22678.0,62,0.517,0.6125,0.4399,0.5903,0.8497,GRNTP;any_pap;householder_age;n_disabled;HHT,0.8011,ca-snap-gap-v0.1.0,2023 1-Year PUMS
0600114,114,8257.0,17445.0,79,0.6805,0.7307,0.6108,0.7572,0.8536,GRNTP;any_pap;householder_age;n_disabled;HHT,0.8011,ca-snap-gap-v0.1.0,2023 1-Year PUMS
0600115,115,3706.0,8731.0,36,0.6521,0.7272,0.4961,0.7857,0.7103,GRNTP;any_pap;householder_age;n_disabled;HHT,0.8011,ca-snap-gap-v0.1.0,2023 1-Year PUMS
0600116,116,2096.0,5726.0,22,0.7074,0.7486,0.5043,0.8424,0.6619,GRNTP;any_pap;householder_age;n_disabled;HHT,0.8011,ca-snap-gap-v0.1.0,2023 1-Year PUMS
0600117,117,2427.0,4736.0,25,0.7239,0.8566,0.5941,0.8495,0.7446,GRNTP;any_pap;householder_age;n_disabled;HHT,0.8011,ca-snap-gap-v0.1.0,2023 1-Year PUMS
0600118,118,5125.0,12267.0,37,0.6182,0.6896,0.5039,0.743,0.7609,GRNTP;any_pap;householder_age;n_disabled;HHT,0.8011,ca-snap-gap-v0.1.0,2023 1-Year PUMS
0600119,119,2356.0,4694.0,21,0.7026,0.7615,0.615,0.8248,0.7902,GRNTP;any_pap;householder_age;n_disabled;HHT,0.8011,ca-snap-gap-v0.1.0,2023 1-Year PUMS
0600120,120,2682.0,4731.0,33,0.6765,0.5936,0.5714,0.7757,0.7957,GRNTP;any_pap;householder_age;n_disabled;HHT,0.8011,ca-snap-gap-v0.1.0,2023 1-Year PUMS
0600121,121,2783.0,6562.0,25,0.6815,0.7481,0.5462,0.8185,0.7277,GRNTP;any_pap;householder_age;n_disabled;HHT,0.8011,ca-snap-gap-v0.1.0,2023 1-Year PUMS
0600122,122,3879.0,10341.0,39,0.5848,0.5617,0.4983,0.6997,0.7986,GRNTP;any_pap;householder_age;n_disabled;HHT,0.8011,ca-snap-gap-v0.1.0,2023 1-Year PUMS
0600123,123,6645.0,13110.0,59,0.5402,0.481,0.4572,0.621,0.8362,GRNTP;any_pap;householder_age;n_disabled;HHT,0.8011,ca-snap-gap-v0.1.0,2023 1-Year PUMS
0600300,300,11515.0,21455.0,118,0.6346,0.6569,0.5511,0.7157,0.8354,GRNTP;any_pap;householder_age;n_disabled;HHT,0.8011,ca-snap-gap-v0.1.0,2023 1-Year PUMS
0600700,700,17173.0,39231.0,180,0.5881,0.4527,0.5436,0.6369,0.9066,GRNTP;any_pap;householder_age;n_disabled;HHT,0.8011,ca-snap-gap-v0.1.0,2023 1-Year PUMS
0601100,1100,7920.0,19769.0,104,0.6064,0.7003,0.5295,0.6691,0.8604,GRNTP;any_pap;householder_age;n_disabled;HHT,0.8011,ca-snap-gap-v0.1.0,2023 1-Year PUMS
0601301,1301,6776.0,14611.0,48,0.6044,0.7774,0.5051,0.6863,0.8188,GRNTP;any_pap;householder_age;n_disabled;HHT,0.8011,ca-snap-gap-v0.1.0,2023 1-Year PUMS
0601305,1305,2049.0,4184.0,18,0.8258,0.961,0.7494,0.8874,0.8621,GRNTP;any_pap;householder_age;n_disabled;HHT,0.8011,ca-snap-gap-v0.1.0,2023 1-Year PUMS
0601308,1308,4406.0,12174.0,35,0.6445,0.5794,0.5285,0.7443,0.7843,GRNTP;any_pap;householder_age;n_disabled;HHT,0.8011,ca-snap-gap-v0.1.0,2023 1-Year PUMS
0601309,1309,4203.0,10229.0,36,0.671,0.5515,0.5251,0.7814,0.7437,GRNTP;any_pap;householder_age;n_disabled;HHT,0.8011,ca-snap-gap-v0.1.0,2023 1-Year PUMS
0601310,1310,3198.0,7452.0,38,0.7536,0.6138,0.6644,0.8298,0.8346,GRNTP;any_pap;householder_age;n_disabled;HHT,0.8011,ca-snap-gap-v0.1.0,2023 1-Year PUMS
0601311,1311,3474.0,7377.0,32,0.7301,0.5112,0.6522,0.802,0.8502,GRNTP;any_pap;householder_age;n_disabled;HHT,0.8011,ca-snap-gap-v0.1.0,2023 1-Year PUMS
0601312,1312,2057.0,4641.0,23,0.7503,0.9169,0.6129,0.8744,0.7385,GRNTP;any_pap;householder_age;n_disabled;HHT,0.8011,ca-snap-gap-v0.1.0,2023 1-Year PUMS
0601313,1313,6277.0,12867.0,63,0.6065,0.6235,0.515,0.686,0.829,GRNTP;any_pap;householder_age;n_disabled;HHT,0.8011,ca-snap-gap-v0.1.0,2023 1-Year PUMS
0601314,1314,4708.0,14113.0,42,0.6162,0.6117,0.5197,0.706,0.8137,GRNTP;any_pap;householder_age;n_disabled;HHT,0.8011,ca-snap-gap-v0.1.0,2023 1-Year PUMS
0601500,1500,10314.0,19730.0,173,0.6263,0.6246,0.5664,0.6816,0.8847,GRNTP;any_pap;householder_age;n_disabled;HHT,0.8011,ca-snap-gap-v0.1.0,2023 1-Year PUMS
0601700,1700,6030.0,12406.0,59,0.7911,0.7174,0.726,0.8473,0.8787,GRNTP;any_pap;householder_age;n_disabled;HHT,0.8011,ca-snap-gap-v0.1.0,2023 1-Year PUMS
0601901,1901,10986.0,34679.0,105,0.5509,0.5376,0.4877,0.5982,0.8895,GRNTP;any_pap;householder_age;n_disabled;HHT,0.8011,ca-snap-gap-v0.1.0,2023 1-Year PUMS
0601902,1902,9102.0,20222.0,67,0.6622,0.6639,0.574,0.7458,0.8282,GRNTP;any_pap;householder_age;n_disabled;HHT,0.8011,ca-snap-gap-v0.1.0,2023 1-Year PUMS
0601903,1903,10334.0,34863.0,77,0.4758,0.3403,0.4102,0.551,0.8593,GRNTP;any_pap;householder_age;n_disabled;HHT,0.8011,ca-snap-gap-v0.1.0,2023 1-Year PUMS
0601904,1904,14448.0,43724.0,140,0.4551,0.4125,0.4014,0.5085,0.8929,GRNTP;any_pap;householder_age;n_disabled;HHT,0.8011,ca-snap-gap-v0.1.0,2023 1-Year PUMS
0601905,1905,8137.0,24892.0,67,0.5066,0.3742,0.4452,0.5695,0.8757,GRNTP;any_pap;householder_age;n_disabled;HHT,0.8011,ca-snap-gap-v0.1.0,2023 1-Year PUMS
0601906,1906,5484.0,12307.0,51,0.6598,0.5704,0.5854,0.7239,0.8616,GRNTP;any_pap;householder_age;n_disabled;HHT,0.8011,ca-snap-gap-v0.1.0,2023 1-Year PUMS
0601907,1907,9701.0,29772.0,87,0.548,0.5148,0.4859,0.6073,0.8786,GRNTP;any_pap;householder_age;n_disabled;HHT,0.8011,ca-snap-gap-v0.1.0,2023 1-Year PUMS
0602300,2300,10652.0,20548.0,118,0.6278,0.4751,0.5567,0.6963,0.8604,GRNTP;any_pap;householder_age;n_disabled;HHT,0.8011,ca-snap-gap-v0.1.0,2023 1-Year PUMS
0602500,2500,12603.0,32522.0,126,0.5617,0.462,0.5031,0.6133,0.8899,GRNTP;any_pap;householder_age;n_disabled;HHT,0.8011,ca-snap-gap-v0.1.0,2023 1-Year PUMS
0602903,2903,15464.0,43221.0,159,0.4991,0.4356,0.4569,0.5414,0.9155,GRNTP;any_pap;householder_age;n_disabled;HHT,0.8011,ca-snap-gap-v0.1.0,2023 1-Year PUMS
0602904,2904,10114.0,33216.0,110,0.5483,0.4666,0.4837,0.6,0.8838,GRNTP;any_pap;householder_age;n_disabled;HHT,0.8011,ca-snap-gap-v0.1.0,2023 1-Year PUMS
0602905,2905,16050.0,42953.0,151,0.5447,0.4921,0.4951,0.5916,0.9034,GRNTP;any_pap;householder_age;n_disabled;HHT,0.8011,ca-snap-gap-v0.1.0,2023 1-Year PUMS
0602906,2906,7590.0,23796.0,87,0.4868,0.4626,0.424,0.5487,0.8754,GRNTP;any_pap;householder_age;n_disabled;HHT,0.8011,ca-snap-gap-v0.1.0,2023 1-Year PUMS
0602907,2907,3469.0,10796.0,39,0.6774,0.6371,0.6037,0.7589,0.8447,GRNTP;any_pap;householder_age;n_disabled;HHT,0.8011,ca-snap-gap-v0.1.0,2023 1-Year PUMS
0602908,2908,7992.0,23309.0,73,0.6316,0.7046,0.58,0.6855,0.8945,GRNTP;any_pap;householder_age;n_disabled;HHT,0.8011,ca-snap-gap-v0.1.0,2023 1-Year PUMS
0603100,3100,9989.0,27875.0,85,0.5541,0.4832,0.481,0.6245,0.8566,GRNTP;any_pap;householder_age;n_disabled;HHT,0.8011,ca-snap-gap-v0.1.0,2023 1-Year PUMS
0603300,3300,12347.0,24559.0,117,0.551,0.493,0.5023,0.606,0.8963,GRNTP;any_pap;householder_age;n_disabled;HHT,0.8011,ca-snap-gap-v0.1.0,2023 1-Year PUMS
0603703,3703,12251.0,34033.0,84,0.4821,0.4941,0.4066,0.5694,0.8372,GRNTP;any_pap;householder_age;n_disabled;HHT,0.8011,ca-snap-gap-v0.1.0,2023 1-Year PUMS
0603704,3704,11227.0,37910.0,85,0.5711,0.5266,0.4921,0.6549,0.8372,GRNTP;any_pap;householder_age;n_disabled;HHT,0.8011,ca-snap-gap-v0.1.0,2023 1-Year PUMS
0603705,3705,7315.0,14906.0,69,0.7013,0.6567,0.6377,0.7562,0.8815,GRNTP;any_pap;householder_age;n_disabled;HHT,0.8011,ca-snap-gap-v0.1.0,2023 1-Year PUMS
0603706,3706,5520.0,14615.0,57,0.6112,0.6909,0.5482,0.6933,0.8549,GRNTP;any_pap;householder_age;n_disabled;HHT,0.8011,ca-snap-gap-v0.1.0,2023 1-Year PUMS
0603707,3707,4535.0,17763.0,59,0.4788,0.5499,0.4062,0.5385,0.8677,GRNTP;any_pap;householder_age;n_disabled;HHT,0.8011,ca-snap-gap-v0.1.0,2023 1-Year PUMS
0603708,3708,6877.0,15838.0,75,0.6079,0.6209,0.5388,0.6662,0.8726,GRNTP;any_pap;householder_age;n_disabled;HHT,0.8011,ca-snap-gap-v0.1.0,2023 1-Year PUMS
0603709,3709,3630.0,7366.0,32,0.774,0.8377,0.6616,0.8624,0.7992,GRNTP;any_pap;householder_age;n_disabled;HHT,0.8011,ca-snap-gap-v0.1.0,2023 1-Year PUMS
0603710,3710,7277.0,17219.0,83,0.6228,0.6549,0.5321,0.7071,0.825,GRNTP;any_pap;householder_age;n_disabled;HHT,0.8011,ca-snap-gap-v0.1.0,2023 1-Year PUMS
0603711,3711,5617.0,11760.0,56,0.6761,0.6122,0.5871,0.7668,0.8203,GRNTP;any_pap;householder_age;n_disabled;HHT,0.8011,ca-snap-gap-v0.1.0,2023 1-Year PUMS
0603712,3712,6835.0,18324.0,64,0.578,0.5438,0.5156,0.6528,0.8628,GRNTP;any_pap;householder_age;n_disabled;HHT,0.8011,ca-snap-gap-v0.1.0,2023 1-Year PUMS
0603713,3713,4108.0,9940.0,47,0.6982,0.7561,0.6186,0.7628,0.8558,GRNTP;any_pap;householder_age;n_disabled;HHT,0.8011,ca-snap-gap-v0.1.0,2023 1-Year PUMS
0603714,3714,5255.0,13158.0,59,0.7034,0.7859,0.6363,0.765,0.8713,GRNTP;any_pap;householder_age;n_disabled;HHT,0.8011,ca-snap-gap-v0.1.0,2023 1-Year PUMS
0603715,3715,4660.0,13319.0,48,0.625,0.6273,0.546,0.6906,0.8554,GRNTP;any_pap;householder_age;n_disabled;HHT,0.8011,ca-snap-gap-v0.1.0,2023 1-Year PUMS
0603716,3716,4128.0,15050.0,48,0.67,0.7607,0.5996,0.7397,0.8599,GRNTP;any_pap;householder_age;n_disabled;HHT,0.8011,ca-snap-gap-v0.1.0,2023 1-Year PUMS
0603717,3717,8666.0,22083.0,100,0.6963,0.7427,0.6422,0.7519,0.8904,GRNTP;any_pap;householder_age;n_disabled;HHT,0.8011,ca-snap-gap-v0.1.0,2023 1-Year PUMS
0603718,3718,7779.0,15761.0,71,0.6926,0.6505,0.6225,0.7534,0.8691,GRNTP;any_pap;householder_age;n_disabled;HHT,0.8011,ca-snap-gap-v0.1.0,2023 1-Year PUMS
0603719,3719,14690.0,30797.0,117,0.4131,0.3539,0.362,0.4717,0.8903,GRNTP;any_pap;householder_age;n_disabled;HHT,0.8011,ca-snap-gap-v0.1.0,2023 1-Year PUMS
0603720,3720,8433.0,17497.0,63,0.6239,0.7126,0.5426,0.7026,0.8401,GRNTP;any_pap;householder_age;n_disabled;HHT,0.8011,ca-snap-gap-v0.1.0,2023 1-Year PUMS
0603721,3721,10611.0,20949.0,96,0.5716,0.5266,0.4907,0.6427,0.848,GRNTP;any_pap;householder_age;n_disabled;HHT,0.8011,ca-snap-gap-v0.1.0,2023 1-Year PUMS
0603722,3722,10642.0,23815.0,89,0.6133,0.5913,0.5486,0.6625,0.8862,GRNTP;any_pap;householder_age;n_disabled;HHT,0.8011,ca-snap-gap-v0.1.0,2023 1-Year PUMS
0603723,3723,10540.0,30828.0,113,0.5882,0.6219,0.528,0.6392,0.8888,GRNTP;any_pap;householder_age;n_disabled;HHT,0.8011,ca-snap-gap-v0.1.0,2023 1-Year PUMS
0603724,3724,9638.0,20626.0,97,0.5534,0.5287,0.482,0.62,0.8619,GRNTP;any_pap;householder_age;n_disabled;HHT,0.8011,ca-snap-gap-v0.1.0,2023 1-Year PUMS
0603725,3725,8745.0,20411.0,88,0.7366,0.6831,0.6908,0.7868,0.9039,GRNTP;any_pap;householder_age;n_disabled;HHT,0.8011,ca-snap-gap-v0.1.0,2023 1-Year PUMS
0603728,3728,7432.0,8656.0,56,0.6775,0.6971,0.6134,0.744,0.8693,GRNTP;any_pap;householder_age;n_disabled;HHT,0.8011,ca-snap-gap-v0.1.0,2023 1-Year PUMS
0603730,3730,11132.0,22576.0,96,0.6366,0.519,0.5569,0.6963,0.8606,GRNTP;any_pap;householder_age;n_disabled;HHT,0.8011,ca-snap-gap-v0.1.0,2023 1-Year PUMS
0603731,3731,7593.0,12047.0,54,0.6429,0.6598,0.5658,0.7252,0.8406,GRNTP;any_pap;householder_age;n_disabled;HHT,0.8011,ca-snap-gap-v0.1.0,2023 1-Year PUMS
0603732,3732,17365.0,27354.0,149,0.537,0.5819,0.4761,0.5966,0.8796,GRNTP;any_pap;householder_age;n_disabled;HHT,0.8011,ca-snap-gap-v0.1.0,2023 1-Year PUMS
0603733,3733,11222.0,25155.0,102,0.6112,0.6322,0.5585,0.6657,0.8928,GRNTP;any_pap;householder_age;n_disabled;HHT,0.8011,ca-snap-gap-v0.1.0,2023 1-Year PUMS
0603734,3734,20165.0,44407.0,172,0.5488,0.4846,0.5082,0.5857,0.9225,GRNTP;any_pap;householder_age;n_disabled;HHT,0.8011,ca-snap-gap-v0.1.0,2023 1-Year PUMS
0603735,3735,12084.0,27910.0,118,0.564,0.5654,0.5004,0.6224,0.8779,GRNTP;any_pap;householder_age;n_disabled;HHT,0.8011,ca-snap-gap-v0.1.0,2023 1-Year PUMS
0603736,3736,5509.0,11870.0,61,0.6237,0.6446,0.5322,0.6945,0.8377,GRNTP;any_pap;householder_age;n_disabled;HHT,0.8011,ca-snap-gap-v0.1.0,2023 1-Year PUMS
0603737,3737,10229.0,25314.0,117,0.6304,0.5764,0.5813,0.6956,0.8857,GRNTP;any_pap;householder_age;n_disabled;HHT,0.8011,ca-snap-gap-v0.1.0,2023 1-Year PUMS
0603738,3738,8091.0,26282.0,91,0.5466,0.5816,0.4807,0.6074,0.8733,GRNTP;any_pap;householder_age;n_disabled;HHT,0.8011,ca-snap-gap-v0.1.0,2023 1-Year PUMS
0603739,3739,7197.0,21103.0,72,0.6235,0.6925,0.5365,0.7114,0.8252,GRNTP;any_pap;householder_age;n_disabled;HHT,0.8011,ca-snap-gap-v0.1.0,2023 1-Year PUMS
0603740,3740,5179.0,13434.0,56,0.6351,0.5457,0.559,0.7158,0.8433,GRNTP;any_pap;householder_age;n_disabled;HHT,0.8011,ca-snap-gap-v0.1.0,2023 1-Year PUMS
0603741,3741,7551.0,24667.0,80,0.5915,0.5109,0.5403,0.6296,0.9107,GRNTP;any_pap;householder_age;n_disabled;HHT,0.8011,ca-snap-gap-v0.1.0,2023 1-Year PUMS
0603742,3742,7813.0,24593.0,82,0.5337,0.5774,0.4628,0.5881,0.8747,GRNTP;any_pap;householder_age;n_disabled;HHT,0.8011,ca-snap-gap-v0.1.0,2023 1-Year PUMS
0603743,3743,5834.0,18769.0,63,0.5016,0.5826,0.4481,0.56,0.8881,GRNTP;any_pap;householder_age;n_disabled;HHT,0.8011,ca-snap-gap-v0.1.0,2023 1-Year PUMS
0603744,3744,24989.0,46382.0,213,0.5074,0.5163,0.4501,0.56,0.8901,GRNTP;any_pap;householder_age;n_disabled;HHT,0.8011,ca-snap-gap-v0.1.0,2023 1-Year PUMS
0603745,3745,8585.0,31047.0,92,0.5075,0.6073,0.4422,0.5666,0.8757,GRNTP;any_pap;householder_age;n_disabled;HHT,0.8011,ca-snap-gap-v0.1.0,2023 1-Year PUMS
0603746,3746,10711.0,24947.0,110,0.5707,0.5478,0.5165,0.6453,0.8712,GRNTP;any_pap;householder_age;n_disabled;HHT,0.8011,ca-snap-gap-v0.1.0,2023 1-Year PUMS
0603747,3747,14943.0,28115.0,127,0.5349,0.5438,0.4766,0.5854,0.8911,GRNTP;any_pap;householder_age;n_disabled;HHT,0.8011,ca-snap-gap-v0.1.0,2023 1-Year PUMS
0603748,3748,8560.0,16026.0,68,0.6378,0.6303,0.528,0.7349,0.7932,GRNTP;any_pap;householder_age;n_disabled;HHT,0.8011,ca-snap-gap-v0.1.0,2023 1-Year PUMS
0603750,3750,15410.0,39679.0,133,0.4405,0.326,0.3776,0.5053,0.8723,GRNTP;any_pap;householder_age;n_disabled;HHT,0.8011,ca-snap-gap-v0.1.0,2023 1-Year PUMS
0603751,3751,12118.0,38415.0,122,0.4973,0.5018,0.4497,0.5451,0.9046,GRNTP;any_pap;householder_age;n_disabled;HHT,0.8011,ca-snap-gap-v0.1.0,2023 1-Year PUMS
0603752,3752,9289.0,27780.0,84,0.5967,0.532,0.5317,0.6606,0.8712,GRNTP;any_pap;householder_age;n_disabled;HHT,0.8011,ca-snap-gap-v0.1.0,2023 1-Year PUMS
0603753,3753,2767.0,7309.0,34,0.5654,0.6241,0.4584,0.6937,0.7648,GRNTP;any_pap;householder_age;n_disabled;HHT,0.8011,ca-snap-gap-v0.1.0,2023 1-Year PUMS
0603754,3754,4670.0,10817.0,52,0.6599,0.8537,0.6022,0.7205,0.8817,GRNTP;any_pap;householder_age;n_disabled;HHT,0.8011,ca-snap-gap-v0.1.0,2023 1-Year PUMS
0603757,3757,9065.0,25864.0,83,0.5295,0.4964,0.4727,0.598,0.8747,GRNTP;any_pap;householder_age;n_disabled;HHT,0.8011,ca-snap-gap-v0.1.0,2023 1-Year PUMS
0603758,3758,9105.0,22254.0,77,0.5173,0.4935,0.4505,0.5789,0.8715,GRNTP;any_pap;householder_age;n_disabled;HHT,0.8011,ca-snap-gap-v0.1.0,2023 1-Year PUMS
0603759,3759,7418.0,16110.0,57,0.5538,0.6162,0.4645,0.6333,0.8312,GRNTP;any_pap;householder_age;n_disabled;HHT,0.8011,ca-snap-gap-v0.1.0,2023 1-Year PUMS
0603760,3760,3152.0,5033.0,35,0.7815,0.7259,0.7307,0.8336,0.897,GRNTP;any_pap;householder_age;n_disabled;HHT,0.8011,ca-snap-gap-v0.1.0,2023 1-Year PUMS
0603761,3761,5141.0,11339.0,52,0.6738,0.7489,0.585,0.7565,0.8285,GRNTP;any_pap;householder_age;n_disabled;HHT,0.8011,ca-snap-gap-v0.1.0,2023 1-Year PUMS
0603762,3762,5725.0,13913.0,50,0.6314,0.6629,0.5272,0.7211,0.806,GRNTP;any_pap;householder_age;n_disabled;HHT,0.8011,ca-snap-gap-v0.1.0,2023 1-Year PUMS
0603763,3763,8721.0,23045.0,70,0.5319,0.5337,0.4567,0.6097,0.847,GRNTP;any_pap;householder_age;n_disabled;HHT,0.8011,ca-snap-gap-v0.1.0,2023 1-Year PUMS
0603764,3764,4960.0,13805.0,50,0.7049,0.8367,0.6369,0.7713,0.8655,GRNTP;any_pap;householder_age;n_disabled;HHT,0.8011,ca-snap-gap-v0.1.0,2023 1-Year PUMS
0603766,3766,7588.0,14453.0,63,0.601,0.5722,0.5343,0.6727,0.8617,GRNTP;any_pap;householder_age;n_disabled;HHT,0.8011,ca-snap-gap-v0.1.0,2023 1-Year PUMS
0603767,3767,11692.0,31283.0,104,0.5163,0.5517,0.4586,0.5879,0.8707,GRNTP;any_pap;householder_age;n_disabled;HHT,0.8011,ca-snap-gap-v0.1.0,2023 1-Year PUMS
0603768,3768,2984.0,6959.0,33,0.8091,0.7771,0.7373,0.8824,0.8548,GRNTP;any_pap;householder_age;n_disabled;HHT,0.8011,ca-snap-gap-v0.1.0,2023 1-Year PUMS
0603770,3770,4459.0,6839.0,46,0.7731,0.8087,0.7083,0.8305,0.8778,GRNTP;any_pap;householder_age;n_disabled;HHT,0.8011,ca-snap-gap-v0.1.0,2023 1-Year PUMS
0603771,3771,2395.0,6039.0,25,0.7785,0.8409,0.687,0.8545,0.8325,GRNTP;any_pap;householder_age;n_disabled;HHT,0.8011,ca-snap-gap-v0.1.0,2023 1-Year PUMS
0603772,3772,4388.0,11193.0,44,0.6987,0.6734,0.6173,0.7702,0.8471,GRNTP;any_pap;householder_age;n_disabled;HHT,0.8011,ca-snap-gap-v0.1.0,2023 1-Year PUMS
0603773,3773,1752.0,4890.0,23,0.7458,0.6444,0.6556,0.8433,0.8123,GRNTP;any_pap;householder_age;n_disabled;HHT,0.8011,ca-snap-gap-v0.1.0,2023 1-Year PUMS
0603774,3774,4514.0,10697.0,43,0.8391,0.9608,0.7927,0.8817,0.9109,GRNTP;any_pap;householder_age;n_disabled;HHT,0.8011,ca-snap-gap-v0.1.0,2023 1-Year PUMS
0603775,3775,5027.0,8083.0,52,0.7549,0.8204,0.6863,0.8183,0.8679,GRNTP;any_pap;householder_age;n_disabled;HHT,0.8011,ca-snap-gap-v0.1.0,2023 1-Year PUMS
0603776,3776,7364.0,14611.0,79,0.7599,0.7842,0.6945,0.806,0.8886,GRNTP;any_pap;householder_age;n_disabled;HHT,0.8011,ca-snap-gap-v0.1.0,2023 1-Year PUMS
0603778,3778,4464.0,9586.0,39,0.5709,0.5661,0.4918,0.6507,0.841,GRNTP;any_pap;householder_age;n_disabled;HHT,0.8011,ca-snap-gap-v0.1.0,2023 1-Year PUMS
0603779,3779,3864.0,6080.0,31,0.7854,0.9604,0.7125,0.8721,0.8404,GRNTP;any_pap;householder_age;n_disabled;HHT,0.8011,ca-snap-gap-v0.1.0,2023 1-Year PUMS
0603780,3780,8486.0,16030.0,60,0.5326,0.6037,0.4489,0.599,0.8499,GRNTP;any_pap;householder_age;n_disabled;HHT,0.8011,ca-snap-gap-v0.1.0,2023 1-Year PUMS
0603781,3781,4390.0,13167.0,46,0.6802,0.6107,0.6116,0.7473,0.8643,GRNTP;any_pap;householder_age;n_disabled;HHT,0.8011,ca-snap-gap-v0.1.0,2023 1-Year PUMS
0603782,3782,6072.0,17721.0,59,0.5695,0.5562,0.4787,0.6474,0.8313,GRNTP;any_pap;householder_age;n_disabled;HHT,0.8011,ca-snap-gap-v0.1.0,2023 1-Year PUMS
0603900,3900,9779.0,28027.0,103,0.5887,0.4317,0.5279,0.6624,0.8655,GRNTP;any_pap;householder_age;n_disabled;HHT,0.8011,ca-snap-gap-v0.1.0,2023 1-Year PUMS
0604103,4103,3392.0,4716.0,34,0.7312,0.7308,0.6174,0.807,0.8104,GRNTP;any_pap;householder_age;n_disabled;HHT,0.8011,ca-snap-gap-v0.1.0,2023 1-Year PUMS
0604104,4104,5297.0,9789.0,46,0.7496,0.7882,0.6895,0.8088,0.8807,GRNTP;any_pap;householder_age;n_disabled;HHT,0.8011,ca-snap-gap-v0.1.0,2023 1-Year PUMS
0604701,4701,8755.0,20655.0,79,0.6325,0.6247,0.5742,0.6949,0.8794,GRNTP;any_pap;householder_age;n_disabled;HHT,0.8011,ca-snap-gap-v0.1.0,2023 1-Year PUMS
0604702,4702,12097.0,33026.0,102,0.5274,0.443,0.4622,0.597,0.8651,GRNTP;any_pap;householder_age;n_disabled;HHT,0.8011,ca-snap-gap-v0.1.0,2023 1-Year PUMS
0605301,5301,8176.0,16740.0,90,0.6989,0.7613,0.6348,0.7523,0.8825,GRNTP;any_pap;householder_age;n_disabled;HHT,0.8011,ca-snap-gap-v0.1.0,2023 1-Year PUMS
0605302,5302,8213.0,26502.0,69,0.5799,0.5557,0.5004,0.656,0.8443,GRNTP;any_pap;householder_age;n_disabled;HHT,0.8011,ca-snap-gap-v0.1.0,2023 1-Year PUMS
0605303,5303,5959.0,18368.0,57,0.6977,0.6936,0.6506,0.7508,0.8998,GRNTP;any_pap;householder_age;n_disabled;HHT,0.8011,ca-snap-gap-v0.1.0,2023 1-Year PUMS
0605500,5500,6006.0,13077.0,59,0.6548,0.7118,0.5792,0.7303,0.8488,GRNTP;any_pap;householder_age;n_disabled;HHT,0.8011,ca-snap-gap-v0.1.0,2023 1-Year PUMS
0605700,5700,7081.0,11934.0,61,0.7305,0.6496,0.6418,0.8064,0.8354,GRNTP;any_pap;householder_age;n_disabled;HHT,0.8011,ca-snap-gap-v0.1.0,2023 1-Year PUMS
0605906,5906,5247.0,12885.0,56,0.734,0.8279,0.6667,0.8027,0.864,GRNTP;any_pap;householder_age;n_disabled;HHT,0.8011,ca-snap-gap-v0.1.0,2023 1-Year PUMS
0605907,5907,8052.0,21012.0,64,0.6627,0.7125,0.5816,0.729,0.8526,GRNTP;any_pap;householder_age;n_disabled;HHT,0.8011,ca-snap-gap-v0.1.0,2023 1-Year PUMS
0605908,5908,4072.0,8372.0,43,0.7005,0.779,0.6323,0.7693,0.8629,GRNTP;any_pap;householder_age;n_disabled;HHT,0.8011,ca-snap-gap-v0.1.0,2023 1-Year PUMS
0605909,5909,8405.0,21823.0,68,0.5661,0.6427,0.5064,0.6255,0.8809,GRNTP;any_pap;householder_age;n_disabled;HHT,0.8011,ca-snap-gap-v0.1.0,2023 1-Year PUMS
0605912,5912,11258.0,24820.0,105,0.6221,0.7052,0.5712,0.6836,0.8876,GRNTP;any_pap;householder_age;n_disabled;HHT,0.8011,ca-snap-gap-v0.1.0,2023 1-Year PUMS
0605913,5913,8186.0,20822.0,72,0.6104,0.614,0.54,0.6724,0.8675,GRNTP;any_pap;householder_age;n_disabled;HHT,0.8011,ca-snap-gap-v0.1.0,2023 1-Year PUMS
0605914,5914,6065.0,11603.0,54,0.6715,0.7649,0.591,0.7509,0.8401,GRNTP;any_pap;householder_age;n_disabled;HHT,0.8011,ca-snap-gap-v0.1.0,2023 1-Year PUMS
0605916,5916,5379.0,14548.0,48,0.6362,0.673,0.5535,0.7158,0.8377,GRNTP;any_pap;householder_age;n_disabled;HHT,0.8011,ca-snap-gap-v0.1.0,2023 1-Year PUMS
0605917,5917,7343.0,20713.0,60,0.5779,0.8837,0.4991,0.6502,0.8489,GRNTP;any_pap;householder_age;n_disabled;HHT,0.8011,ca-snap-gap-v0.1.0,2023 1-Year PUMS
0605918,5918,5732.0,12816.0,52,0.6905,0.777,0.6156,0.7567,0.8588,GRNTP;any_pap;householder_age;n_disabled;HHT,0.8011,ca-snap-gap-v0.1.0,2023 1-Year PUMS
0605919,5919,9956.0,22148.0,80,0.6707,0.7102,0.6039,0.7475,0.8564,GRNTP;any_pap;householder_age;n_disabled;HHT,0.8011,ca-snap-gap-v0.1.0,2023 1-Year PUMS
0605920,5920,4578.0,15352.0,38,0.6961,0.8523,0.6261,0.7571,0.8689,GRNTP;any_pap;householder_age;n_disabled;HHT,0.8011,ca-snap-gap-v0.1.0,2023 1-Year PUMS
0605921,5921,4693.0,11711.0,40,0.7597,0.8355,0.6875,0.8201,0.8674,GRNTP;any_pap;householder_age;n_disabled;HHT,0.8011,ca-snap-gap-v0.1.0,2023 1-Year PUMS
0605922,5922,6908.0,15052.0,40,0.7407,0.697,0.6545,0.825,0.8295,GRNTP;any_pap;householder_age;n_disabled;HHT,0.8011,ca-snap-gap-v0.1.0,2023 1-Year PUMS
0605923,5923,4160.0,9495.0,42,0.6849,0.6829,0.5798,0.7914,0.7884,GRNTP;any_pap;householder_age;n_disabled;HHT,0.8011,ca-snap-gap-v0.1.0,2023 1-Year PUMS
0605924,5924,4630.0,10146.0,37,0.7784,0.7102,0.6969,0.8465,0.8504,GRNTP;any_pap;householder_age;n_disabled;HHT,0.8011,ca-snap-gap-v0.1.0,2023 1-Year PUMS
0605925,5925,6481.0,8591.0,58,0.8409,0.8386,0.7987,0.8748,0.9239,GRNTP;any_pap;householder_age;n_disabled;HHT,0.8011,ca-snap-gap-v0.1.0,2023 1-Year PUMS
0605926,5926,3424.0,5900.0,30,0.8099,0.8008,0.7299,0.8701,0.8598,GRNTP;any_pap;householder_age;n_disabled;HHT,0.8011,ca-snap-gap-v0.1.0,2023 1-Year PUMS
0605927,5927,2040.0,4134.0,18,0.8348,0.9294,0.7854,0.889,0.8964,GRNTP;any_pap;householder_age;n_disabled;HHT,0.8011,ca-snap-gap-v0.1.0,2023 1-Year PUMS
0605928,5928,7010.0,13598.0,53,0.8001,0.7673,0.7428,0.8534,0.8894,GRNTP;any_pap;householder_age;n_disabled;HHT,0.8011,ca-snap-gap-v0.1.0,2023 1-Year PUMS
0606101,6101,5638.0,11048.0,46,0.7282,0.6738,0.6597,0.7933,0.8665,GRNTP;any_pap;householder_age;n_disabled;HHT,0.8011,ca-snap-gap-v0.1.0,2023 1-Year PUMS
0606102,6102,4885.0,7304.0,44,0.6806,0.7892,0.5911,0.7871,0.804,GRNTP;any_pap;householder_age;n_disabled;HHT,0.8011,ca-snap-gap-v0.1.0,2023 1-Year PUMS
0606103,6103,5365.0,9520.0,48,0.772,0.8852,0.6785,0.8461,0.8324,GRNTP;any_pap;householder_age;n_disabled;HHT,0.8011,ca-snap-gap-v0.1.0,2023 1-Year PUMS
0606501,6501,9303.0,26297.0,118,0.4632,0.4255,0.3914,0.537,0.8544,GRNTP;any_pap;householder_age;n_disabled;HHT,0.8011,ca-snap-gap-v0.1.0,2023 1-Year PUMS
0606502,6502,8109.0,12858.0,146,0.6395,0.7091,0.5426,0.732,0.8106,GRNTP;any_pap;householder_age;n_disabled;HHT,0.8011,ca-snap-gap-v0.1.0,2023 1-Year PUMS
0606507,6507,10494.0,33576.0,81,0.642,0.6489,0.5632,0.7197,0.8435,GRNTP;any_pap;householder_age;n_disabled;HHT,0.8011,ca-snap-gap-v0.1.0,2023 1-Year PUMS
0606509,6509,6321.0,19730.0,53,0.6086,0.5642,0.51,0.6726,0.8374,GRNTP;any_pap;householder_age;n_disabled;HHT,0.8011,ca-snap-gap-v0.1.0,2023 1-Year PUMS
0606511,6511,6635.0,20461.0,75,0.5689,0.5331,0.5043,0.6381,0.8661,GRNTP;any_pap;householder_age;n_disabled;HHT,0.8011,ca-snap-gap-v0.1.0,2023 1-Year PUMS
0606514,6514,6395.0,20481.0,65,0.6604,0.6414,0.6135,0.7136,0.8999,GRNTP;any_pap;householder_age;n_disabled;HHT,0.8011,ca-snap-gap-v0.1.0,2023 1-Year PUMS
0606515,6515,9376.0,19309.0,90,0.615,0.5914,0.5244,0.7043,0.8201,GRNTP;any_pap;householder_age;n_disabled;HHT,0.8011,ca-snap-gap-v0.1.0,2023 1-Year PUMS
0606516,6516,4157.0,12462.0,40,0.4935,0.4984,0.4202,0.5705,0.8497,GRNTP;any_pap;householder_age;n_disabled;HHT,0.8011,ca-snap-gap-v0.1.0,2023 1-Year PUMS
0606517,6517,7350.0,21248.0,51,0.7112,0.7139,0.6116,0.7947,0.8169,GRNTP;any_pap;householder_age;n_disabled;HHT,0.8011,ca-snap-gap-v0.1.0,2023 1-Year PUMS
0606518,6518,3527.0,10071.0,38,0.5862,0.7403,0.4847,0.6937,0.791,GRNTP;any_pap;householder_age;n_disabled;HHT,0.8011,ca-snap-gap-v0.1.0,2023 1-Year PUMS
0606519,6519,4286.0,17579.0,45,0.5495,0.6573,0.4702,0.6288,0.8414,GRNTP;any_pap;householder_age;n_disabled;HHT,0.8011,ca-snap-gap-v0.1.0,2023 1-Year PUMS
0606520,6520,6412.0,18516.0,55,0.6367,0.5512,0.5611,0.7337,0.8274,GRNTP;any_pap;householder_age;n_disabled;HHT,0.8011,ca-snap-gap-v0.1.0,2023 1-Year PUMS
0606521,6521,3712.0,10673.0,31,0.7607,0.8726,0.6619,0.8418,0.8201,GRNTP;any_pap;householder_age;n_disabled;HHT,0.8011,ca-snap-gap-v0.1.0,2023 1-Year PUMS
0606522,6522,5719.0,12666.0,57,0.5862,0.6896,0.488,0.6885,0.7994,GRNTP;any_pap;householder_age;n_disabled;HHT,0.8011,ca-snap-gap-v0.1.0,2023 1-Year PUMS
0606523,6523,2803.0,5581.0,35,0.7129,0.7199,0.6461,0.7749,0.8712,GRNTP;any_pap;householder_age;n_disabled;HHT,0.8011,ca-snap-gap-v0.1.0,2023 1-Year PUMS
0606524,6524,4424.0,11511.0,40,0.6698,0.743,0.5773,0.7575,0.8197,GRNTP;any_pap;householder_age;n_disabled;HHT,0.8011,ca-snap-gap-v0.1.0,2023 1-Year PUMS
0606525,6525,10658.0,26280.0,79,0.6442,0.6665,0.5743,0.7098,0.8645,GRNTP;any_pap;householder_age;n_disabled;HHT,0.8011,ca-snap-gap-v0.1.0,2023 1-Year PUMS
0606701,6701,3402.0,5755.0,42,0.7333,0.5955,0.6633,0.7964,0.8669,GRNTP;any_pap;householder_age;n_disabled;HHT,0.8011,ca-snap-gap-v0.1.0,2023 1-Year PUMS
0606703,6703,5893.0,13694.0,49,0.5696,0.4845,0.47,0.6665,0.8035,GRNTP;any_pap;householder_age;n_disabled;HHT,0.8011,ca-snap-gap-v0.1.0,2023 1-Year PUMS
0606704,6704,8451.0,19881.0,78,0.5091,0.5112,0.4222,0.5944,0.8278,GRNTP;any_pap;householder_age;n_disabled;HHT,0.8011,ca-snap-gap-v0.1.0,2023 1-Year PUMS
0606705,6705,4185.0,11106.0,37,0.623,0.6473,0.5266,0.7261,0.8006,GRNTP;any_pap;householder_age;n_disabled;HHT,0.8011,ca-snap-gap-v0.1.0,2023 1-Year PUMS
0606706,6706,5629.0,14051.0,51,0.56,0.5562,0.4681,0.6463,0.8218,GRNTP;any_pap;householder_age;n_disabled;HHT,0.8011,ca-snap-gap-v0.1.0,2023 1-Year PUMS
0606707,6707,8278.0,13579.0,77,0.5088,0.4804,0.418,0.5895,0.8284,GRNTP;any_pap;householder_age;n_disabled;HHT,0.8011,ca-snap-gap-v0.1.0,2023 1-Year PUMS
0606709,6709,8133.0,21462.0,71,0.5421,0.5715,0.4567,0.6394,0.8173,GRNTP;any_pap;householder_age;n_disabled;HHT,0.8011,ca-snap-gap-v0.1.0,2023 1-Year PUMS
0606712,6712,4218.0,7736.0,43,0.7728,0.8433,0.709,0.8369,0.8721,GRNTP;any_pap;householder_age;n_disabled;HHT,0.8011,ca-snap-gap-v0.1.0,2023 1-Year PUMS
0606713,6713,7654.0,17756.0,61,0.5547,0.373,0.4774,0.6342,0.8432,GRNTP;any_pap;householder_age;n_disabled;HHT,0.8011,ca-snap-gap-v0.1.0,2023 1-Year PUMS
0606714,6714,11353.0,30670.0,95,0.4919,0.4485,0.4258,0.5634,0.8624,GRNTP;any_pap;householder_age;n_disabled;HHT,0.8011,ca-snap-gap-v0.1.0,2023 1-Year PUMS
0606715,6715,2861.0,8700.0,37,0.6375,0.6963,0.5357,0.7479,0.7878,GRNTP;any_pap;householder_age;n_disabled;HHT,0.8011,ca-snap-gap-v0.1.0,2023 1-Year PUMS
0606716,6716,3678.0,13136.0,39,0.729,0.6748,0.6642,0.7716,0.8926,GRNTP;any_pap;householder_age;n_disabled;HHT,0.8011,ca-snap-gap-v0.1.0,2023 1-Year PUMS
0606717,6717,3394.0,7444.0,38,0.773,0.7357,0.7232,0.8269,0.8962,GRNTP;any_pap;householder_age;n_disabled;HHT,0.8011,ca-snap-gap-v0.1.0,2023 1-Year PUMS
0607101,7101,10495.0,24715.0,111,0.548,0.4873,0.4869,0.6115,0.8753,GRNTP;any_pap;householder_age;n_disabled;HHT,0.8011,ca-snap-gap-v0.1.0,2023 1-Year PUMS
0607102,7102,12268.0,37079.0,87,0.4922,0.4497,0.4315,0.5531,0.8784,GRNTP;any_pap;householder_age;n_disabled;HHT,0.8011,ca-snap-gap-v0.1.0,2023 1-Year PUMS
0607103,7103,9546.0,31748.0,92,0.5994,0.5406,0.5315,0.6644,0.8671,GRNTP;any_pap;householder_age;n_disabled;HHT,0.8011,ca-snap-gap-v0.1.0,2023 1-Year PUMS
0607104,7104,8903.0,22123.0,58,0.6991,0.7756,0.6403,0.7563,0.884,GRNTP;any_pap;householder_age;n_disabled;HHT,0.8011,ca-snap-gap-v0.1.0,2023 1-Year PUMS
0607105,7105,4443.0,9012.0,45,0.6253,0.6183,0.5038,0.7459,0.7579,GRNTP;any_pap;householder_age;n_disabled;HHT,0.8011,ca-snap-gap-v0.1.0,2023 1-Year PUMS
0607107,7107,6769.0,22261.0,52,0.5127,0.5157,0.422,0.6298,0.7922,GRNTP;any_pap;householder_age;n_disabled;HHT,0.8011,ca-snap-gap-v0.1.0,2023 1-Year PUMS
0607108,7108,13119.0,38909.0,127,0.4955,0.5709,0.435,0.5583,0.8767,GRNTP;any_pap;householder_age;n_disabled;HHT,0.8011,ca-snap-gap-v0.1.0,2023 1-Year PUMS
0607110,7110,5352.0,19183.0,49,0.5885,0.6583,0.4997,0.6823,0.8174,GRNTP;any_pap;householder_age;n_disabled;HHT,0.8011,ca-snap-gap-v0.1.0,2023 1-Year PUMS
0607111,7111,6063.0,16058.0,52,0.7162,0.6931,0.6371,0.7922,0.845,GRNTP;any_pap;householder_age;n_disabled;HHT,0.8011,ca-snap-gap-v0.1.0,2023 1-Year PUMS
0607112,7112,4648.0,11175.0,40,0.5633,0.7539,0.4675,0.6607,0.8067,GRNTP;any_pap;householder_age;n_disabled;HHT,0.8011,ca-snap-gap-v0.1.0,2023 1-Year PUMS
0607115,7115,3351.0,11154.0,31,0.709,0.7541,0.6121,0.7804,0.8317,GRNTP;any_pap;householder_age;n_disabled;HHT,0.8011,ca-snap-gap-v0.1.0,2023 1-Year PUMS
0607116,7116,5360.0,14583.0,45,0.6378,0.6784,0.5641,0.7062,0.8579,GRNTP;any_pap;householder_age;n_disabled;HHT,0.8011,ca-snap-gap-v0.1.0,2023 1-Year PUMS
0607117,7117,4282.0,12920.0,40,0.5573,0.568,0.4797,0.6336,0.846,GRNTP;any_pap;householder_age;n_disabled;HHT,0.8011,ca-snap-gap-v0.1.0,2023 1-Year PUMS
0607118,7118,7082.0,20321.0,69,0.5812,0.6262,0.5048,0.6564,0.8484,GRNTP;any_pap;householder_age;n_disabled;HHT,0.8011,ca-snap-gap-v0.1.0,2023 1-Year PUMS
0607119,7119,4811.0,10825.0,44,0.7546,0.7356,0.6901,0.8122,0.8779,GRNTP;any_pap;householder_age;n_disabled;HHT,0.8011,ca-snap-gap-v0.1.0,2023 1-Year PUMS
0607301,7301,7084.0,14526.0,68,0.7306,0.6818,0.6726,0.7811,0.8915,GRNTP;any_pap;householder_age;n_disabled;HHT,0.8011,ca-snap-gap-v0.1.0,2023 1-Year PUMS
0607302,7302,4481.0,12964.0,55,0.697,0.7759,0.5604,0.8005,0.7599,GRNTP;any_pap;householder_age;n_disabled;HHT,0.8011,ca-snap-gap-v0.1.0,2023 1-Year PUMS
0607306,7306,5759.0,15240.0,53,0.7096,0.6482,0.6576,0.7549,0.9027,GRNTP;any_pap;householder_age;n_disabled;HHT,0.8011,ca-snap-gap-v0.1.0,2023 1-Year PUMS
0607307,7307,3333.0,9413.0,40,0.6105,0.5431,0.5183,0.6897,0.8286,GRNTP;any_pap;householder_age;n_disabled;HHT,0.8011,ca-snap-gap-v0.1.0,2023 1-Year PUMS
0607308,7308,2123.0,4844.0,29,0.7167,0.8008,0.6286,0.7995,0.8291,GRNTP;any_pap;householder_age;n_disabled;HHT,0.8011,ca-snap-gap-v0.1.0,2023 1-Year PUMS
0607310,7310,5623.0,11083.0,59,0.7621,0.8101,0.717,0.803,0.914,GRNTP;any_pap;householder_age;n_disabled;HHT,0.8011,ca-snap-gap-v0.1.0,2023 1-Year PUMS
0607311,7311,3573.0,7819.0,30,0.7976,0.9183,0.7165,0.8578,0.8588,GRNTP;any_pap;householder_age;n_disabled;HHT,0.8011,ca-snap-gap-v0.1.0,2023 1-Year PUMS
0607312,7312,7638.0,14709.0,65,0.814,0.8422,0.7548,0.8599,0.8949,GRNTP;any_pap;householder_age;n_disabled;HHT,0.8011,ca-snap-gap-v0.1.0,2023 1-Year PUMS
0607313,7313,9806.0,27760.0,85,0.5138,0.4342,0.4451,0.5882,0.8569,GRNTP;any_pap;householder_age;n_disabled;HHT,0.8011,ca-snap-gap-v0.1.0,2023 1-Year PUMS
0607314,7314,6076.0,14194.0,57,0.6651,0.6819,0.5799,0.7502,0.8297,GRNTP;any_pap;householder_age;n_disabled;HHT,0.8011,ca-snap-gap-v0.1.0,2023 1-Year PUMS
0607315,7315,8863.0,20802.0,60,0.6544,0.6473,0.5529,0.7458,0.8071,GRNTP;any_pap;householder_age;n_disabled;HHT,0.8011,ca-snap-gap-v0.1.0,2023 1-Year PUMS
0607316,7316,12161.0,22211.0,95,0.6045,0.4621,0.5362,0.663,0.8732,GRNTP;any_pap;householder_age;n_disabled;HHT,0.8011,ca-snap-gap-v0.1.0,2023 1-Year PUMS
0607317,7317,9452.0,22239.0,88,0.5855,0.6203,0.5254,0.6416,0.8838,GRNTP;any_pap;householder_age;n_disabled;HHT,0.8011,ca-snap-gap-v0.1.0,2023 1-Year PUMS
0607322,7322,4629.0,14302.0,44,0.6116,0.5297,0.5289,0.6913,0.8377,GRNTP;any_pap;householder_age;n_disabled;HHT,0.8011,ca-snap-gap-v0.1.0,2023 1-Year PUMS
0607323,7323,2537.0,7337.0,31,0.6431,0.8246,0.5474,0.7392,0.8082,GRNTP;any_pap;householder_age;n_disabled;HHT,0.8011,ca-snap-gap-v0.1.0,2023 1-Year PUMS
0607324,7324,3990.0,9731.0,35,0.7232,0.7318,0.6144,0.807,0.8074,GRNTP;any_pap;householder_age;n_disabled;HHT,0.8011,ca-snap-gap-v0.1.0,2023 1-Year PUMS
0607325,7325,4418.0,10773.0,47,0.7016,0.7134,0.6339,0.764,0.87,GRNTP;any_pap;householder_age;n_disabled;HHT,0.8011,ca-snap-gap-v0.1.0,2023 1-Year PUMS
0607326,7326,4342.0,10570.0,45,0.7864,0.7837,0.7124,0.8506,0.8618,GRNTP;any_pap;householder_age;n_disabled;HHT,0.8011,ca-snap-gap-v0.1.0,2023 1-Year PUMS
0607327,7327,6190.0,16533.0,70,0.5972,0.6556,0.5124,0.6717,0.8408,GRNTP;any_pap;householder_age;n_disabled;HHT,0.8011,ca-snap-gap-v0.1.0,2023 1-Year PUMS
0607328,7328,5111.0,12578.0,49,0.5818,0.5968,0.5139,0.6742,0.8397,GRNTP;any_pap;householder_age;n_disabled;HHT,0.8011,ca-snap-gap-v0.1.0,2023 1-Year PUMS
0607329,7329,2283.0,5235.0,23,0.7509,0.5909,0.6662,0.8415,0.8248,GRNTP;any_pap;householder_age;n_disabled;HHT,0.8011,ca-snap-gap-v0.1.0,2023 1-Year PUMS
0607330,7330,10618.0,26617.0,98,0.6006,0.5607,0.546,0.6546,0.8914,GRNTP;any_pap;householder_age;n_disabled;HHT,0.8011,ca-snap-gap-v0.1.0,2023 1-Year PUMS
0607507,7507,5491.0,10920.0,52,0.5128,0.4571,0.436,0.6098,0.8262,GRNTP;any_pap;householder_age;n_disabled;HHT,0.8011,ca-snap-gap-v0.1.0,2023 1-Year PUMS
0607508,7508,3496.0,5562.0,37,0.7204,0.6782,0.6095,0.7981,0.8114,GRNTP;any_pap;householder_age;n_disabled;HHT,0.8011,ca-snap-gap-v0.1.0,2023 1-Year PUMS
0607509,7509,12477.0,18395.0,115,0.4863,0.4921,0.4426,0.5367,0.9059,GRNTP;any_pap;householder_age;n_disabled;HHT,0.8011,ca-snap-gap-v0.1.0,2023 1-Year PUMS
0607510,7510,5609.0,9849.0,40,0.5637,0.3758,0.462,0.6771,0.7849,GRNTP;any_pap;householder_age;n_disabled;HHT,0.8011,ca-snap-gap-v0.1.0,2023 1-Year PUMS
0607511,7511,6149.0,11816.0,56,0.6701,0.6795,0.582,0.7482,0.8338,GRNTP;any_pap;householder_age;n_disabled;HHT,0.8011,ca-snap-gap-v0.1.0,2023 1-Year PUMS
0607512,7512,4303.0,7191.0,39,0.6635,0.6186,0.5826,0.7491,0.8335,GRNTP;any_pap;householder_age;n_disabled;HHT,0.8011,ca-snap-gap-v0.1.0,2023 1-Year PUMS
0607513,7513,5676.0,10747.0,48,0.6176,0.5056,0.5215,0.7146,0.8069,GRNTP;any_pap;householder_age;n_disabled;HHT,0.8011,ca-snap-gap-v0.1.0,2023 1-Year PUMS
0607514,7514,6438.0,8531.0,57,0.5657,0.6019,0.4819,0.6551,0.8268,GRNTP;any_pap;householder_age;n_disabled;HHT,0.8011,ca-snap-gap-v0.1.0,2023 1-Year PUMS
0607705,7705,10264.0,25506.0,86,0.6019,0.7076,0.5399,0.6667,0.8732,GRNTP;any_pap;householder_age;n_disabled;HHT,0.8011,ca-snap-gap-v0.1.0,2023 1-Year PUMS
0607706,7706,10260.0,27426.0,92,0.4946,0.4882,0.4381,0.5625,0.8755,GRNTP;any_pap;householder_age;n_disabled;HHT,0.8011,ca-snap-gap-v0.1.0,2023 1-Year PUMS
0607707,7707,1811.0,5154.0,22,0.6433,0.6659,0.5079,0.7511,0.7568,GRNTP;any_pap;householder_age;n_disabled;HHT,0.8011,ca-snap-gap-v0.1.0,2023 1-Year PUMS
0607708,7708,6924.0,23592.0,70,0.6716,0.6743,0.6107,0.7265,0.8843,GRNTP;any_pap;householder_age;n_disabled;HHT,0.8011,ca-snap-gap-v0.1.0,2023 1-Year PUMS
0607709,7709,5568.0,13911.0,40,0.6773,0.6232,0.5467,0.7926,0.754,GRNTP;any_pap;householder_age;n_disabled;HHT,0.8011,ca-snap-gap-v0.1.0,2023 1-Year PUMS
0607901,7901,10439.0,22770.0,99,0.693,0.7096,0.6261,0.7431,0.883,GRNTP;any_pap;householder_age;n_disabled;HHT,0.8011,ca-snap-gap-v0.1.0,2023 1-Year PUMS
0607902,7902,4502.0,10629.0,48,0.7092,0.7177,0.6421,0.768,0.8742,GRNTP;any_pap;householder_age;n_disabled;HHT,0.8011,ca-snap-gap-v0.1.0,2023 1-Year PUMS
0608101,8101,3586.0,6926.0,40,0.7221,0.8313,0.6612,0.7917,0.8695,GRNTP;any_pap;householder_age;n_disabled;HHT,0.8011,ca-snap-gap-v0.1.0,2023 1-Year PUMS
0608102,8102,3316.0,7316.0,36,0.635,0.6086,0.4923,0.7989,0.6934,GRNTP;any_pap;householder_age;n_disabled;HHT,0.8011,ca-snap-gap-v0.1.0,2023 1-Year PUMS
0608103,8103,3445.0,6513.0,30,0.689,0.9286,0.5414,0.8003,0.7411,GRNTP;any_pap;householder_age;n_disabled;HHT,0.8011,ca-snap-gap-v0.1.0,2023 1-Year PUMS
0608104,8104,4712.0,9060.0,49,0.7697,0.8635,0.6694,0.8493,0.8201,GRNTP;any_pap;householder_age;n_disabled;HHT,0.8011,ca-snap-gap-v0.1.0,2023 1-Year PUMS
0608105,8105,3551.0,6460.0,36,0.7541,0.8122,0.6749,0.8294,0.8456,GRNTP;any_pap;householder_age;n_disabled;HHT,0.8011,ca-snap-gap-v0.1.0,2023 1-Year PUMS
0608106,8106,2200.0,4491.0,19,0.6323,0.7773,0.5193,0.7189,0.8004,GRNTP;any_pap;householder_age;n_disabled;HHT,0.8011,ca-snap-gap-v0.1.0,2023 1-Year PUMS
0608301,8301,6515.0,24477.0,65,0.6368,0.7251,0.5941,0.6829,0.9112,GRNTP;any_pap;householder_age;n_disabled;HHT,0.8011,ca-snap-gap-v0.1.0,2023 1-Year PUMS
0608302,8302,5155.0,10567.0,54,0.6313,0.6359,0.5448,0.6966,0.8482,GRNTP;any_pap;householder_age;n_disabled;HHT,0.8011,ca-snap-gap-v0.1.0,2023 1-Year PUMS
0608303,8303,10862.0,23423.0,92,0.6944,0.7391,0.6451,0.7498,0.8953,GRNTP;any_pap;householder_age;n_disabled;HHT,0.8011,ca-snap-gap-v0.1.0,2023 1-Year PUMS
0608505,8505,2947.0,5724.0,28,0.5832,0.7733,0.4163,0.7315,0.6848,GRNTP;any_pap;householder_age;n_disabled;HHT,0.8011,ca-snap-gap-v0.1.0,2023 1-Year PUMS
0608506,8506,2441.0,4374.0,23,0.5359,0.4703,0.4134,0.6922,0.7212,GRNTP;any_pap;householder_age;n_disabled;HHT,0.8011,ca-snap-gap-v0.1.0,2023 1-Year PUMS
0608507,8507,3370.0,6240.0,33,0.7966,0.8697,0.709,0.8856,0.8234,GRNTP;any_pap;householder_age;n_disabled;HHT,0.8011,ca-snap-gap-v0.1.0,2023 1-Year PUMS
0608508,8508,3708.0,10849.0,32,0.6221,0.6594,0.5003,0.7418,0.7586,GRNTP;any_pap;householder_age;n_disabled;HHT,0.8011,ca-snap-gap-v0.1.0,2023 1-Year PUMS
0608510,8510,7312.0,16871.0,77,0.5157,0.4815,0.4433,0.5927,0.8507,GRNTP;any_pap;householder_age;n_disabled;HHT,0.8011,ca-snap-gap-v0.1.0,2023 1-Year PUMS
0608511,8511,2519.0,4848.0,29,0.6461,0.7872,0.5273,0.7367,0.7906,GRNTP;any_pap;householder_age;n_disabled;HHT,0.8011,ca-snap-gap-v0.1.0,2023 1-Year PUMS
0608512,8512,2717.0,5122.0,32,0.7232,0.8476,0.5864,0.838,0.7483,GRNTP;any_pap;householder_age;n_disabled;HHT,0.8011,ca-snap-gap-v0.1.0,2023 1-Year PUMS
0608515,8515,3690.0,8200.0,28,0.6734,0.8512,0.5037,0.815,0.6887,GRNTP;any_pap;householder_age;n_disabled;HHT,0.8011,ca-snap-gap-v0.1.0,2023 1-Year PUMS
0608516,8516,3167.0,7963.0,26,0.7346,0.5841,0.6473,0.8035,0.8438,GRNTP;any_pap;householder_age;n_disabled;HHT,0.8011,ca-snap-gap-v0.1.0,2023 1-Year PUMS
0608517,8517,4686.0,10621.0,36,0.72,0.8764,0.648,0.7894,0.8586,GRNTP;any_pap;householder_age;n_disabled;HHT,0.8011,ca-snap-gap-v0.1.0,2023 1-Year PUMS
0608518,8518,2016.0,4432.0,24,0.6474,0.6925,0.5696,0.7252,0.8444,GRNTP;any_pap;householder_age;n_disabled;HHT,0.8011,ca-snap-gap-v0.1.0,2023 1-Year PUMS
0608519,8519,5654.0,14327.0,36,0.6167,0.691,0.5171,0.7305,0.7866,GRNTP;any_pap;householder_age;n_disabled;HHT,0.8011,ca-snap-gap-v0.1.0,2023 1-Year PUMS
0608520,8520,2706.0,6808.0,34,0.6673,0.5776,0.5479,0.783,0.765,GRNTP;any_pap;householder_age;n_disabled;HHT,0.8011,ca-snap-gap-v0.1.0,2023 1-Year PUMS
0608521,8521,4632.0,12408.0,51,0.601,0.5168,0.4968,0.6976,0.7992,GRNTP;any_pap;householder_age;n_disabled;HHT,0.8011,ca-snap-gap-v0.1.0,2023 1-Year PUMS
0608522,8522,3375.0,6289.0,39,0.7519,0.7879,0.6731,0.8131,0.8601,GRNTP;any_pap;householder_age;n_disabled;HHT,0.8011,ca-snap-gap-v0.1.0,2023 1-Year PUMS
0608701,8701,6273.0,18563.0,61,0.6982,0.64,0.6263,0.7528,0.8734,GRNTP;any_pap;householder_age;n_disabled;HHT,0.8011,ca-snap-gap-v0.1.0,2023 1-Year PUMS
0608702,8702,5828.0,12161.0,51,0.6524,0.6266,0.585,0.7186,0.8663,GRNTP;any_pap;householder_age;n_disabled;HHT,0.8011,ca-snap-gap-v0.1.0,2023 1-Year PUMS
0608900,8900,11154.0,21830.0,118,0.5386,0.5307,0.4675,0.6156,0.8518,GRNTP;any_pap;householder_age;n_disabled;HHT,0.8011,ca-snap-gap-v0.1.0,2023 1-Year PUMS
0609501,9501,7341.0,14448.0,70,0.6933,0.6957,0.6234,0.7568,0.8665,GRNTP;any_pap;householder_age;n_disabled;HHT,0.8011,ca-snap-gap-v0.1.0,2023 1-Year PUMS
0609502,9502,6343.0,15511.0,55,0.6526,0.5769,0.5106,0.7622,0.7484,GRNTP;any_pap;householder_age;n_disabled;HHT,0.8011,ca-snap-gap-v0.1.0,2023 1-Year PUMS
0609503,9503,6551.0,14324.0,49,0.6278,0.5427,0.5021,0.736,0.7661,GRNTP;any_pap;householder_age;n_disabled;HHT,0.8011,ca-snap-gap-v0.1.0,2023 1-Year PUMS
0609702,9702,3596.0,8548.0,39,0.6539,0.7311,0.548,0.7536,0.7944,GRNTP;any_pap;householder_age;n_disabled;HHT,0.8011,ca-snap-gap-v0.1.0,2023 1-Year PUMS
0609704,9704,5395.0,8327.0,75,0.7493,0.7049,0.6879,0.8101,0.8778,GRNTP;any_pap;householder_age;n_disabled;HHT,0.8011,ca-snap-gap-v0.1.0,2023 1-Year PUMS
0609705,9705,5287.0,13160.0,39,0.5496,0.5084,0.4576,0.6321,0.8255,GRNTP;any_pap;householder_age;n_disabled;HHT,0.8011,ca-snap-gap-v0.1.0,2023 1-Year PUMS
0609706,9706,5377.0,8035.0,62,0.7029,0.7121,0.6283,0.778,0.8503,GRNTP;any_pap;householder_age;n_disabled;HHT,0.8011,ca-snap-gap-v0.1.0,2023 1-Year PUMS
0609901,9901,5140.0,16595.0,52,0.4899,0.3333,0.3949,0.5637,0.8312,GRNTP;any_pap;householder_age;n_disabled;HHT,0.8011,ca-snap-gap-v0.1.0,2023 1-Year PUMS
0609902,9902,7616.0,21157.0,75,0.5429,0.4827,0.4958,0.609,0.8868,GRNTP;any_pap;householder_age;n_disabled;HHT,0.8011,ca-snap-gap-v0.1.0,2023 1-Year PUMS
0609903,9903,7414.0,18068.0,88,0.6767,0.7364,0.6152,0.7304,0.8848,GRNTP;any_pap;householder_age;n_disabled;HHT,0.8011,ca-snap-gap-v0.1.0,2023 1-Year PUMS
0609904,9904,4440.0,11821.0,41,0.6382,0.7065,0.5457,0.7265,0.8192,GRNTP;any_pap;householder_age;n_disabled;HHT,0.8011,ca-snap-gap-v0.1.0,2023 1-Year PUMS
0610100,10100,10946.0,30163.0,86,0.5757,0.6879,0.5034,0.6401,0.8633,GRNTP;any_pap;householder_age;n_disabled;HHT,0.8011,ca-snap-gap-v0.1.0,2023 1-Year PUMS
0610701,10701,6709.0,17402.0,54,0.5211,0.4749,0.4296,0.627,0.8026,GRNTP;any_pap;householder_age;n_disabled;HHT,0.8011,ca-snap-gap-v0.1.0,2023 1-Year PUMS
0610702,10702,10909.0,39256.0,107,0.5252,0.4318,0.4733,0.5899,0.8833,GRNTP;any_pap;householder_age;n_disabled;HHT,0.8011,ca-snap-gap-v0.1.0,2023 1-Year PUMS
0610703,10703,11769.0,42296.0,123,0.5506,0.4919,0.4937,0.607,0.8868,GRNTP;any_pap;householder_age;n_disabled;HHT,0.8011,ca-snap-gap-v0.1.0,2023 1-Year PUMS
0611102,11102,3580.0,6409.0,37,0.7599,0.8883,0.688,0.8326,0.8554,GRNTP;any_pap;householder_age;n_disabled;HHT,0.8011,ca-snap-gap-v0.1.0,2023 1-Year PUMS
0611103,11103,9249.0,28238.0,86,0.6511,0.7018,0.5977,0.7163,0.8814,GRNTP;any_pap;householder_age;n_disabled;HHT,0.8011,ca-snap-gap-v0.1.0,2023 1-Year PUMS
0611104,11104,5855.0,15282.0,51,0.5824,0.705,0.5314,0.6539,0.8775,GRNTP;any_pap;householder_age;n_disabled;HHT,0.8011,ca-snap-gap-v0.1.0,2023 1-Year PUMS
0611107,11107,5213.0,13597.0,52,0.6723,0.7353,0.5937,0.7455,0.8482,GRNTP;any_pap;householder_age;n_disabled;HHT,0.8011,ca-snap-gap-v0.1.0,2023 1-Year PUMS
0611108,11108,4510.0,8361.0,45,0.6727,0.645,0.5834,0.7451,0.8383,GRNTP;any_pap;householder_age;n_disabled;HHT,0.8011,ca-snap-gap-v0.1.0,2023 1-Year PUMS
0611109,11109,2789.0,5562.0,40,0.773,0.7895,0.7029,0.837,0.8658,GRNTP;any_pap;householder_age;n_disabled;HHT,0.8011,ca-snap-gap-v0.1.0,2023 1-Year PUMS
0611301,11301,6396.0,14116.0,53,0.6243,0.752,0.5507,0.6957,0.855,GRNTP;any_pap;householder_age;n_disabled;HHT,0.8011,ca-snap-gap-v0.1.0,2023 1-Year PUMS
0611302,11302,7940.0,17898.0,69,0.7059,0.7312,0.6437,0.7623,0.8814,GRNTP;any_pap;householder_age;n_disabled;HHT,0.8011,ca-snap-gap-v0.1.0,2023 1-Year PUMS
